OBJECT_NAME,OBJECT_ID,EPOCH,MEAN_MOTION,ECCENTRICITY,INCLINATION,RA_OF_ASC_NODE,ARG_OF_PERICENTER,MEAN_ANOMALY,EPHEMERIS_TYPE,CLASSIFICATION_TYPE,NORAD_CAT_ID,ELEMENT_SET_NO,REV_AT_EPOCH,BSTAR,MEAN_MOTION_DOT,MEAN_MOTION_DDOT
FENGYUN 1C,1999-025A,2026-08-16T22:49:13.959264,14.27152028,.00139527,98.8617,303.2773,86.9403,273.3373,0,U,25730,999,40662,.48530223E-3,.114E-4,0
FENGYUN 1C DEB,1999-025X,2026-08-16T12:53:17.879136,12.96875988,.05649065,99.2061,251.9753,352.2358,161.2341,0,U,29733,999,92318,.10339234E-2,.585E-5,0
FENGYUN 1C DEB,1999-025Y,2026-08-16T15:44:33.310176,12.91995020,.06046228,99.1674,123.2982,164.9314,258.3681,0,U,29734,999,91736,.21228049E-2,.1268E-4,0
FENGYUN 1C DEB,1999-025Z,2026-08-16T15:39:09.668736,12.75883368,.0705348,99.3848,107.5766,347.9566,10.5399,0,U,29735,999,90563,.61237887E-3,.335E-5,0
FENGYUN 1C DEB,1999-025AA,2026-08-16T07:35:13.272576,12.57759152,.07244373,99.4359,5.8533,29.5749,0.0191,0,U,29736,999,89644,-.35749444E-3,-.194E-5,0
FENGYUN 1C DEB,1999-025AB,2026-08-16T17:08:09.827232,12.66315638,.07013553,99.5762,148.2788,324.3182,57.7353,0,U,29737,999,89994,-.76570644E-3,-.421E-5,0
FENGYUN 1C DEB,1999-025AC,2026-08-16T19:38:40.653312,12.62469705,.08550761,99.4190,356.1720,117.3247,251.7500,0,U,29738,999,89333,.46853628E-3,.329E-5,0
FENGYUN 1C DEB,1999-025AE,2026-08-16T08:55:05.569536,12.08716662,.09742051,99.0661,14.7969,66.5862,303.4554,0,U,29740,999,85914,-.17164494E-2,-.686E-5,0
FENGYUN 1C DEB,1999-025AF,2026-08-16T10:49:10.390080,12.01672002,.10242293,99.1870,37.9396,299.2834,75.2207,0,U,29741,999,55146,.15334935E-2,.577E-5,0
FENGYUN 1C DEB,1999-025AN,2026-08-16T08:50:12.511104,11.93172773,.07063281,100.0079,102.1672,287.6392,64.8767,0,U,29748,999,81671,-.52077774E-1,-.7869E-4,0
FENGYUN 1C DEB,1999-025AQ,2026-08-16T15:06:08.316288,14.09843911,.00350956,98.7318,255.6682,323.7145,159.6199,0,U,29750,999,540,.89257934E-4,.115E-5,0
FENGYUN 1C DEB,1999-025AR,2026-08-16T13:51:00.422208,14.23808514,.00898192,98.5195,254.0540,139.7288,11.9686,0,U,29751,999,1584,.77860795E-4,.144E-5,0
FENGYUN 1C DEB,1999-025AU,2026-08-16T18:31:40.335168,14.19970186,.00345106,98.8928,337.3633,251.1692,262.6877,0,U,29754,999,845,.49337297E-3,.101E-4,0
FENGYUN 1C DEB,1999-025AY,2026-08-16T15:40:16.679712,14.44533865,.00179592,98.8653,359.0542,295.5551,190.1846,0,U,29758,999,1233,.9873361E-3,.3372E-4,0
FENGYUN 1C DEB,1999-025BA,2026-08-16T22:13:31.300608,14.08450392,.01300609,98.7681,229.1885,195.7863,163.9234,0,U,29760,999,571,.16289955E-3,.259E-5,0
FENGYUN 1C DEB,1999-025BC,2026-08-16T10:27:24.323616,14.22917901,.02031759,98.6031,210.3989,338.7469,184.1906,0,U,29762,999,1451,.14128503E-3,.345E-5,0
FENGYUN 1C DEB,1999-025BD,2026-08-16T10:05:08.734272,14.08059394,.01265336,98.7867,206.0475,204.9394,308.2703,0,U,29763,999,522,.61834821E-4,.7E-6,0
FENGYUN 1C DEB,1999-025BF,2026-08-16T12:51:04.038624,14.02200537,.0059658,98.8163,243.8262,123.1976,27.9744,0,U,29765,999,200,-.15240807E-3,-.279E-5,0
FENGYUN 1C DEB,1999-025BG,2026-08-16T19:21:46.111680,13.97837696,.014543,98.6975,170.3330,322.4727,64.4343,0,U,29766,999,99255,.49415003E-3,.723E-5,0
FENGYUN 1C DEB,1999-025BH,2026-08-16T14:05:35.865888,14.05346531,.03272036,98.2143,179.2257,76.5347,339.9878,0,U,29767,999,99065,.95189403E-3,.2459E-4,0
FENGYUN 1C DEB,1999-025BK,2026-08-13T03:04:57.818208,14.14606121,.00935398,99.0898,291.7532,163.3384,197.0897,0,U,29769,999,117,.55616164E-3,.1069E-4,0
FENGYUN 1C DEB,1999-025BL,2026-08-16T16:33:01.440000,14.21531364,.00597208,98.8349,309.3213,282.7977,232.5748,0,U,29770,999,590,.70245032E-3,.1521E-4,0
FENGYUN 1C DEB,1999-025BM,2026-08-16T19:31:24.263328,15.10106703,.0020241,99.6132,132.8496,52.0582,308.2466,0,U,29771,999,36805,.35596189E-2,.58644E-3,0
FENGYUN 1C DEB,1999-025BN,2026-08-16T12:12:19.767168,14.03956865,.01356729,98.3766,63.6181,311.9990,75.2920,0,U,29772,999,99717,.39195965E-3,.632E-5,0
FENGYUN 1C DEB,1999-025BP,2026-08-16T23:16:35.979168,14.27990089,.00461213,99.0178,35.0554,296.3985,216.4612,0,U,29773,999,1724,.16484624E-3,.366E-5,0
FENGYUN 1C DEB,1999-025BQ,2026-08-16T19:55:37.944192,14.22929124,.00508534,99.1008,182.0171,135.8992,245.2069,0,U,29774,999,1590,.81448178E-4,.139E-5,0
FENGYUN 1C DEB,1999-025BS,2026-08-16T19:34:23.697120,14.07899687,.00225776,98.7498,253.1997,295.5512,241.6562,0,U,29776,999,556,.1509693E-3,.214E-5,0
FENGYUN 1C DEB,1999-025BT,2026-08-16T16:50:52.100160,13.92185764,.00919097,99.2508,290.4158,262.1020,220.1733,0,U,29777,999,99477,.14183131E-3,.142E-5,0
FENGYUN 1C DEB,1999-025BV,2026-08-16T13:25:59.164320,14.13654950,.00630094,98.6726,237.4114,179.5414,180.5828,0,U,29779,999,900,.10936163E-3,.168E-5,0
FENGYUN 1C DEB,1999-025BW,2026-08-16T18:21:16.182432,14.22650948,.0039571,99.2799,167.4475,145.6336,214.7411,0,U,29780,999,586,.8509059E-3,.1871E-4,0
FENGYUN 1C DEB,1999-025BX,2026-08-16T11:51:00.033696,14.05709551,.00707697,98.8235,220.9657,200.7577,311.7189,0,U,29781,999,107,.26248744E-3,.395E-5,0
FENGYUN 1C DEB,1999-025BY,2026-08-16T17:24:16.358112,14.12628670,.0053369,99.0836,290.7548,227.0108,254.4588,0,U,29782,999,156,.57886368E-3,.104E-4,0
FENGYUN 1C DEB,1999-025CA,2026-08-16T19:21:46.465920,14.31154433,.00585056,98.9496,159.8624,298.1128,77.4952,0,U,29784,999,1890,.21660742E-3,.535E-5,0
FENGYUN 1C DEB,1999-025CC,2026-08-16T14:28:20.233344,14.09224628,.00770122,98.7244,243.1964,325.1367,156.6812,0,U,29786,999,636,.31756728E-4,.14E-6,0
FENGYUN 1C DEB,1999-025CE,2026-08-16T17:12:24.547392,14.27575244,.00419491,98.7701,306.0363,188.7295,334.0616,0,U,29788,999,878,.75232597E-3,.1824E-4,0
FENGYUN 1C DEB,1999-025CF,2026-08-16T18:27:48.118752,13.54879779,.02965609,99.4645,46.3560,14.9730,100.5689,0,U,29789,999,96332,.6921092E-3,.588E-5,0
FENGYUN 1C DEB,1999-025CG,2026-08-16T15:21:00.898272,14.32665641,.0076144,99.1520,241.3065,179.8500,180.2718,0,U,29790,999,2061,.13284683E-3,.324E-5,0
FENGYUN 1C DEB,1999-025CH,2026-08-16T19:52:52.007808,14.61337512,.00388728,99.0304,256.3827,32.0704,140.5262,0,U,29791,999,2451,.63584778E-3,.3119E-4,0
FENGYUN 1C DEB,1999-025CJ,2026-08-16T16:14:53.179296,14.16117724,.00494201,98.7375,279.6476,50.9230,309.6326,0,U,29792,999,434,.4860668E-3,.929E-5,0
FENGYUN 1C DEB,1999-025CK,2026-08-16T09:33:08.411328,14.01899718,.01400685,98.3729,31.7928,2.6060,26.8762,0,U,29793,999,99604,.53376506E-3,.846E-5,0
FENGYUN 1C DEB,1999-025CL,2026-08-16T20:20:23.214624,14.09598979,.01564249,98.2293,10.9639,51.0743,103.5988,0,U,29794,999,317,.26318584E-3,.478E-5,0
FENGYUN 1C DEB,1999-025CM,2026-08-16T07:50:00.782016,13.93012285,.0110966,98.9022,352.8882,320.8304,64.7080,0,U,29795,999,99498,.54118417E-4,.31E-6,0
FENGYUN 1C DEB,1999-025CN,2026-08-16T21:26:18.718080,14.12906317,.0050604,98.8403,282.8258,288.0450,248.5179,0,U,29796,999,548,.35494943E-3,.624E-5,0
FENGYUN 1C DEB,1999-025CQ,2026-08-16T23:06:25.679808,14.00496785,.01038853,99.2941,301.7262,316.8548,219.4655,0,U,29798,999,99384,.56742812E-3,.835E-5,0
FENGYUN 1C DEB,1999-025CS,2026-08-16T23:23:36.288384,13.99835582,.01291484,98.2820,232.1531,251.1655,136.4638,0,U,29800,999,99034,.82871953E-3,.1267E-4,0
FENGYUN 1C DEB,1999-025CT,2026-08-16T15:57:51.954624,14.36124788,.01023264,98.7787,139.5299,258.6306,165.1719,0,U,29801,999,2484,.74977187E-4,.183E-5,0
FENGYUN 1C DEB,1999-025CU,2026-08-16T08:34:18.503040,14.69211874,.00313556,98.6317,354.8430,290.1039,133.4815,0,U,29802,999,2085,.11380754E-2,.6702E-4,0
FENGYUN 1C DEB,1999-025CW,2026-08-16T13:13:14.514816,14.04381148,.00974691,98.8041,234.2896,330.9851,151.7965,0,U,29804,999,353,.10642281E-3,.133E-5,0
FENGYUN 1C DEB,1999-025CX,2026-08-16T03:05:14.868384,13.72728067,.01874501,99.4216,280.8095,308.3958,50.0483,0,U,29805,999,98083,.82835141E-4,.41E-6,0
FENGYUN 1C DEB,1999-025CY,2026-08-16T00:04:03.954720,14.12432110,.00270715,98.7030,241.7766,272.3385,116.4884,0,U,29806,999,611,.24510746E-3,.411E-5,0
FENGYUN 1C DEB,1999-025CZ,2026-08-16T14:13:19.138368,14.08850950,.00797556,98.7579,231.1768,355.0202,5.0166,0,U,29807,999,566,.13436227E-3,.196E-5,0
FENGYUN 1C DEB,1999-025DB,2026-08-16T22:37:02.361216,14.47069937,.01148241,98.8886,209.3544,329.4741,52.9444,0,U,29809,999,3042,.12777818E-3,.45E-5,0
FENGYUN 1C DEB,1999-025DC,2026-08-16T02:57:12.040992,14.29437000,.00667161,99.1757,283.2667,28.4987,0.0292,0,U,29810,999,1894,.10485322E-3,.225E-5,0
FENGYUN 1C DEB,1999-025DE,2026-08-16T10:31:23.615328,14.02822161,.01425467,98.3601,42.0020,350.7156,38.0175,0,U,29812,999,99630,.38763104E-3,.617E-5,0
FENGYUN 1C DEB,1999-025DF,2026-08-16T19:15:16.416576,14.09516961,.00114153,98.7132,245.8632,243.9322,292.1346,0,U,29813,999,740,.89799556E-4,.114E-5,0
FENGYUN 1C DEB,1999-025DH,2026-08-16T22:44:38.648256,14.65573748,.01796329,98.0527,237.4282,75.2220,286.8810,0,U,29815,999,3470,.35419712E-3,.2386E-4,0
FENGYUN 1C DEB,1999-025DJ,2026-08-16T14:55:10.898688,14.46435066,.02317256,98.9643,108.1421,160.5788,266.1252,0,U,29816,999,1753,.33174326E-3,.1606E-4,0
FENGYUN 1C DEB,1999-025DK,2026-08-16T13:12:50.609664,14.14554174,.00129593,98.5769,212.7773,30.7817,90.8868,0,U,29817,999,882,.1517012E-3,.249E-5,0
FENGYUN 1C DEB,1999-025DL,2026-08-16T14:32:13.485696,14.04658385,.0115518,98.6882,100.9057,52.2398,1.5188,0,U,29818,999,270,.90880265E-4,.113E-5,0
FENGYUN 1C DEB,1999-025DM,2026-08-16T21:40:13.068192,14.02434129,.01918397,98.7559,207.9275,95.4428,296.0423,0,U,29819,999,85,.35358672E-4,.24E-6,0
FENGYUN 1C DEB,1999-025DN,2026-08-16T13:23:25.010304,14.02951349,.00707971,98.8321,233.2556,269.5708,209.4441,0,U,29820,999,16,.15465289E-3,.202E-5,0
FENGYUN 1C DEB,1999-025DP,2026-08-16T16:52:32.783808,14.12090728,.03727098,98.8432,286.1661,140.0416,346.1826,0,U,29821,999,99995,.3967433E-3,.1357E-4,0
FENGYUN 1C DEB,1999-025DV,2026-08-16T11:43:53.591808,14.22010112,.00248398,98.6191,218.8349,328.1072,184.9888,0,U,29827,999,1359,.14288782E-3,.273E-5,0
FENGYUN 1C DEB,1999-025DW,2026-08-16T21:44:17.930976,14.08743377,.00617916,98.7490,272.2441,177.5006,358.3925,0,U,29828,999,209,.18586939E-3,.283E-5,0
FENGYUN 1C DEB,1999-025EA,2026-08-16T18:35:51.379008,14.57003798,.01909673,98.8456,359.9775,249.5508,108.5094,0,U,29832,999,3852,.66678868E-4,.317E-5,0
FENGYUN 1C DEB,1999-025EB,2026-08-16T00:31:31.601856,14.96602009,.00811474,99.0785,253.6297,185.2184,174.8197,0,U,29833,999,4249,.48010807E-3,.5766E-4,0
FENGYUN 1C DEB,1999-025ED,2026-08-16T21:38:00.827808,14.43559034,.0167288,99.0614,17.5923,24.3874,125.6569,0,U,29835,999,3058,.3266252E-4,.73E-6,0
FENGYUN 1C DEB,1999-025EE,2026-08-16T05:39:33.592608,14.55101970,.01530912,98.1877,324.1038,159.5689,230.5239,0,U,29836,999,67139,.26720923E-3,.1298E-4,0
FENGYUN 1C DEB,1999-025EK,2026-08-16T11:17:34.223136,14.47217993,.01979201,98.8469,191.4030,313.2227,172.6924,0,U,29841,999,2888,.16000487E-3,.685E-5,0
FENGYUN 1C DEB,1999-025EL,2026-08-16T18:39:07.805088,14.62798876,.01053863,98.5661,330.1340,120.8439,29.9463,0,U,29842,999,2956,.6142416E-3,.334E-4,0
FENGYUN 1C DEB,1999-025EM,2026-08-16T19:50:48.859296,14.28928789,.01908396,99.0187,81.0070,295.0881,76.8434,0,U,29843,999,1800,.14051719E-3,.377E-5,0
FENGYUN 1C DEB,1999-025EN,2026-08-16T16:27:14.662368,14.32666009,.01665895,98.9227,142.5067,165.4352,195.1717,0,U,29844,999,1877,.16300212E-3,.466E-5,0
FENGYUN 1C DEB,1999-025EP,2026-08-16T00:10:09.826752,14.26965694,.00778479,98.5285,227.0669,129.4683,296.8235,0,U,29845,999,1620,.15689094E-3,.352E-5,0
FENGYUN 1C DEB,1999-025EQ,2026-08-16T16:41:41.241408,14.19227070,.00836998,98.6239,269.3311,312.4219,165.5551,0,U,29846,999,1360,.6073614E-4,.88E-6,0
FENGYUN 1C DEB,1999-025ER,2026-08-16T13:12:13.375584,14.03158823,.00860291,98.9152,224.3150,71.1882,49.8382,0,U,29847,999,197,-.61067201E-4,-.141E-5,0
FENGYUN 1C DEB,1999-025ES,2026-08-16T14:29:03.304608,14.21726558,.01142203,98.2298,83.8406,293.1850,140.5582,0,U,29848,999,608,.51668411E-3,.1173E-4,0
FENGYUN 1C DEB,1999-025ET,2026-08-16T12:01:05.257056,14.05681004,.00816505,99.0030,316.1810,77.1808,349.3222,0,U,29849,999,99836,.40528685E-3,.637E-5,0
FENGYUN 1C DEB,1999-025EU,2026-08-16T16:16:35.656608,14.00664926,.01058929,98.1170,132.9209,307.5652,76.9473,0,U,29850,999,99476,.53611607E-3,.8E-5,0
FENGYUN 1C DEB,1999-025EV,2026-08-16T16:46:47.423136,13.83766915,.01409221,99.5525,278.9147,295.6393,188.4883,0,U,29851,999,98782,.15543918E-3,.138E-5,0
FENGYUN 1C DEB,1999-025EW,2026-08-16T20:06:03.038688,14.08506100,.01330777,99.3632,252.8598,185.1076,350.7834,0,U,29852,999,99461,.81715846E-3,.1474E-4,0
FENGYUN 1C DEB,1999-025EX,2026-08-16T18:13:16.219200,13.94501233,.01572362,98.4715,334.8958,255.1116,103.2589,0,U,29853,999,99111,.56485011E-3,.795E-5,0
FENGYUN 1C DEB,1999-025EY,2026-08-16T22:05:02.314752,13.83536248,.01473733,98.9598,23.0164,105.0253,45.2582,0,U,29854,999,98761,.19236005E-3,.19E-5,0
FENGYUN 1C DEB,1999-025EZ,2026-08-16T17:21:38.356704,14.03140736,.01812718,98.1826,150.6072,63.4169,357.9506,0,U,29855,999,99174,.12342502E-2,.2185E-4,0
FENGYUN 1C DEB,1999-025FA,2026-08-16T05:38:26.942784,14.55591065,.02368233,98.6898,336.0821,267.5350,119.5796,0,U,29856,999,99953,.9317794E-3,.588E-4,0
FENGYUN 1C DEB,1999-025FB,2026-08-16T21:40:12.265536,13.82672051,.01921213,98.4295,215.3288,340.4361,18.9493,0,U,29857,999,98190,.72258768E-3,.866E-5,0
FENGYUN 1C DEB,1999-025FC,2026-08-16T05:19:44.550624,13.78454061,.0198424,99.2164,327.7841,131.5059,260.9739,0,U,29858,999,97949,.55045117E-3,.603E-5,0
FENGYUN 1C DEB,1999-025FD,2026-08-16T10:24:05.457600,13.75052812,.02914135,98.3470,37.4571,265.7078,91.0729,0,U,29859,999,97369,.10597874E-2,.1341E-4,0
FENGYUN 1C DEB,1999-025FE,2026-08-16T14:06:03.336768,13.78715979,.02208079,98.6000,244.8126,38.6723,81.8657,0,U,29860,999,97539,.11043304E-2,.1308E-4,0
FENGYUN 1C DEB,1999-025FK,2026-08-16T19:46:26.766624,14.85770946,.01109809,98.9263,173.8158,77.2436,311.4520,0,U,29865,999,4424,.41878031E-3,.3995E-4,0
FENGYUN 1C DEB,1999-025FL,2026-08-16T21:30:27.808416,14.65312063,.01926837,98.0583,214.4855,154.2903,236.9696,0,U,29866,999,3945,.10237645E-3,.668E-5,0
FENGYUN 1C DEB,1999-025FN,2026-08-16T19:13:33.399264,14.81582240,.0186011,97.9180,276.7640,281.8547,128.9744,0,U,29868,999,3950,.19113751E-3,.1957E-4,0
FENGYUN 1C DEB,1999-025FP,2026-08-16T19:03:45.901728,14.37364815,.00869002,98.8892,172.0749,2.9959,18.0834,0,U,29869,999,2364,.16449053E-3,.464E-5,0
FENGYUN 1C DEB,1999-025FQ,2026-08-16T11:10:56.554176,14.29067082,.01198274,98.4907,197.6527,185.9497,299.8299,0,U,29870,999,2115,.25392007E-4,.26E-6,0
FENGYUN 1C DEB,1999-025FR,2026-08-16T17:16:46.767936,14.44028996,.00581038,98.9953,200.3929,94.4308,81.1447,0,U,29871,999,2264,.39381656E-3,.1325E-4,0
FENGYUN 1C DEB,1999-025FS,2026-08-16T18:36:31.648320,14.39965804,.02317642,98.3352,243.3854,290.2022,67.4380,0,U,29872,999,2145,.16685952E-3,.665E-5,0
FENGYUN 1C DEB,1999-025FT,2026-08-16T14:32:16.742976,13.98387540,.00913498,99.4159,100.5049,247.9765,166.5236,0,U,29873,999,99765,.16706593E-3,.2E-5,0
FENGYUN 1C DEB,1999-025FU,2026-08-16T15:59:16.584288,14.31673054,.01007383,98.3674,121.5020,340.8959,47.6825,0,U,29874,999,373,.10138875E-2,.2816E-4,0
FENGYUN 1C DEB,1999-025FV,2026-08-16T16:55:32.107008,14.24928282,.00832194,98.3707,274.1767,59.4499,61.9380,0,U,29875,999,1832,.22928009E-4,.15E-6,0
FENGYUN 1C DEB,1999-025FW,2026-08-16T16:02:28.825152,14.20441653,.00614521,98.3006,269.5634,17.6375,109.7117,0,U,29876,999,1421,.68713113E-4,.11E-5,0
FENGYUN 1C DEB,1999-025FX,2026-08-16T13:59:27.267936,14.25289660,.00451902,98.5391,232.2585,217.3667,265.5819,0,U,29877,999,1484,.20482981E-3,.444E-5,0
FENGYUN 1C DEB,1999-025GA,2026-08-16T16:58:06.801024,13.94738623,.02300599,98.1836,124.7528,128.8100,289.6698,0,U,29880,999,99004,.48945051E-3,.783E-5,0
FENGYUN 1C DEB,1999-025GB,2026-08-16T09:09:19.750176,13.60437644,.0288114,98.7298,179.3053,148.2096,335.3148,0,U,29881,999,96587,.15246702E-2,.1472E-4,0
FENGYUN 1C DEB,1999-025GE,2026-08-16T10:35:27.093120,14.41224921,.00445291,99.5802,296.5575,141.0360,233.0819,0,U,29884,999,2102,.32045444E-3,.993E-5,0
FENGYUN 1C DEB,1999-025GF,2026-08-16T18:02:14.206848,14.13721908,.0117984,98.3654,152.9463,172.8709,206.8207,0,U,29885,999,948,.58170224E-4,.78E-6,0
FENGYUN 1C DEB,1999-025GH,2026-08-16T17:14:28.348224,14.35144355,.02821143,98.7063,317.6649,349.4268,174.3641,0,U,29887,999,1514,.15266103E-3,.625E-5,0
FENGYUN 1C DEB,1999-025GJ,2026-08-16T19:48:31.796928,14.20534175,.02735037,99.1789,76.3838,42.4534,319.7447,0,U,29888,999,1009,.16704597E-3,.469E-5,0
FENGYUN 1C DEB,1999-025GK,2026-08-16T07:55:10.385184,14.13855487,.01542198,99.5074,5.7955,72.3517,319.0613,0,U,29889,999,799,.14007956E-3,.249E-5,0
FENGYUN 1C DEB,1999-025GL,2026-08-16T08:50:49.066944,14.24257153,.00157129,99.4906,13.8631,107.0902,253.1996,0,U,29890,999,951,.28767623E-3,.614E-5,0
FENGYUN 1C DEB,1999-025GM,2026-08-16T13:32:26.863584,14.00233288,.0056364,98.7356,224.6129,299.4899,176.9620,0,U,29891,999,99942,.88362905E-4,.9E-6,0
FENGYUN 1C DEB,1999-025GN,2026-08-16T11:11:35.091168,14.36690769,.01758404,99.1983,36.8319,300.5062,80.4915,0,U,29892,999,188,.49529654E-3,.1684E-4,0
FENGYUN 1C DEB,1999-025GP,2026-08-16T16:06:35.587872,13.79560574,.01725766,98.5427,305.9241,204.8547,310.7977,0,U,29893,999,98544,.13527985E-3,.118E-5,0
FENGYUN 1C DEB,1999-025GQ,2026-08-16T22:57:23.762592,13.81254546,.01696261,99.4597,289.0388,112.5339,61.0890,0,U,29894,999,98489,.20694558E-3,.201E-5,0
FENGYUN 1C DEB,1999-025GR,2026-08-16T07:36:26.309088,14.11330710,.02948177,99.9039,6.4575,30.3001,27.8871,0,U,29895,999,98999,.44939181E-3,.1165E-4,0
FENGYUN 1C DEB,1999-025GS,2026-08-12T23:25:50.617056,13.65602818,.02378716,99.3983,114.7546,195.3975,179.0744,0,U,29896,999,97362,.21556698E-3,.171E-5,0
FENGYUN 1C DEB,1999-025GT,2026-08-16T12:54:51.410592,13.58059357,.02948934,98.6119,67.9943,215.7095,169.6103,0,U,29897,999,96289,.11618249E-2,.1078E-4,0
FENGYUN 1C DEB,1999-025GU,2026-08-16T21:28:50.151360,13.72374480,.04179015,98.2347,191.9423,241.6521,139.8008,0,U,29898,999,96549,.76096367E-3,.1263E-4,0
FENGYUN 1C DEB,1999-025GV,2026-08-16T18:51:08.317152,13.37572955,.03532056,98.6986,353.5776,177.7916,182.4875,0,U,29899,999,95387,.1655109E-3,.9E-6,0
FENGYUN 1C DEB,1999-025GX,2026-08-16T21:06:14.778144,13.33395602,.03788994,98.7787,9.4463,29.9537,119.8978,0,U,29901,999,95212,.11728831E-3,.52E-6,0
FENGYUN 1C DEB,1999-025HA,2026-08-16T10:25:02.036640,14.45225566,.02053168,99.0115,286.7665,304.7473,53.4534,0,U,29904,999,2620,.10508079E-3,.413E-5,0
FENGYUN 1C DEB,1999-025HC,2026-08-16T19:07:42.460608,14.53534721,.00355166,98.7136,346.0736,119.9000,240.5731,0,U,29906,999,1740,.10310758E-2,.4291E-4,0
FENGYUN 1C DEB,1999-025HD,2026-08-16T16:38:05.044416,14.12773761,.00806303,99.0970,304.1747,275.3133,248.0134,0,U,29907,999,85,.62206478E-3,.1144E-4,0
FENGYUN 1C DEB,1999-025HF,2026-08-16T18:46:20.095392,14.59575807,.00344743,98.6425,346.8320,337.9378,179.3994,0,U,29909,999,2005,.83456923E-3,.395E-4,0
FENGYUN 1C DEB,1999-025HH,2026-08-16T21:16:27.469920,14.19517534,.00269252,98.6920,272.5867,158.3054,16.4171,0,U,29911,999,935,.36038927E-3,.719E-5,0
FENGYUN 1C DEB,1999-025HJ,2026-08-16T06:27:44.388000,14.45763363,.00403595,98.7418,337.5535,200.3628,189.7543,0,U,29912,999,1597,.74536663E-3,.2621E-4,0
FENGYUN 1C DEB,1999-025HK,2026-08-16T13:42:37.651104,14.07626375,.00615889,98.7971,225.8673,297.0261,190.7370,0,U,29913,999,427,.12993953E-3,.18E-5,0
FENGYUN 1C DEB,1999-025HL,2026-08-16T01:56:27.043584,14.03232651,.00361922,98.8216,254.4055,146.6991,279.6956,0,U,29914,999,240,.23610079E-3,.328E-5,0
FENGYUN 1C DEB,1999-025HN,2026-08-16T16:33:09.021600,13.57265833,.02709355,99.1848,236.9651,347.1529,75.1702,0,U,29916,999,96802,.34371422E-3,.27E-5,0
FENGYUN 1C DEB,1999-025HP,2026-08-16T13:16:14.970720,13.70980498,.02220064,98.8556,76.3849,192.0396,195.9667,0,U,29917,999,97512,.6650258E-3,.667E-5,0
FENGYUN 1C DEB,1999-025HQ,2026-08-16T04:58:02.923392,14.35384206,.00115497,98.8468,321.5308,315.2149,75.0985,0,U,29918,999,1328,.64703349E-3,.1812E-4,0
FENGYUN 1C DEB,1999-025HR,2026-08-16T08:06:54.593568,13.85236834,.0138005,98.5169,4.7902,29.1079,0.5255,0,U,29919,999,98949,.8025793E-4,.6E-6,0
FENGYUN 1C DEB,1999-025HS,2026-08-11T11:29:06.783936,14.04367265,.01237082,98.3757,64.4702,316.2984,42.8442,0,U,29920,999,99680,.46947094E-3,.76E-5,0
FENGYUN 1C DEB,1999-025HT,2026-08-16T22:43:22.706112,14.06921535,.00467627,98.7880,233.0531,93.8811,296.0725,0,U,29921,999,352,.34357271E-3,.536E-5,0
FENGYUN 1C DEB,1999-025HU,2026-08-16T16:54:47.356128,13.98709595,.00933874,99.1039,289.7593,48.5870,312.3272,0,U,29922,999,99893,-.61325014E-4,-.136E-5,0
FENGYUN 1C DEB,1999-025HV,2026-08-16T11:19:52.101984,14.14317785,.00170911,98.6868,234.9359,183.2011,334.2609,0,U,29923,999,760,.22490039E-3,.388E-5,0
FENGYUN 1C DEB,1999-025HW,2026-08-16T19:45:41.773824,14.08953715,.00257579,98.7280,239.0693,280.1061,253.4734,0,U,29924,999,688,-.7420432E-5,-.56E-6,0
FENGYUN 1C DEB,1999-025HY,2026-08-16T11:40:24.921984,14.33915360,.02462593,98.3040,212.5312,283.7068,199.8321,0,U,29926,999,2115,.97703519E-4,.328E-5,0
FENGYUN 1C DEB,1999-025HZ,2026-08-16T16:10:18.834240,14.83501164,.00173981,99.0663,289.2044,155.7376,330.2719,0,U,29927,999,2297,.12278046E-2,.10071E-3,0
FENGYUN 1C DEB,1999-025JA,2026-08-16T15:22:03.628128,13.88429854,.01427864,99.5630,264.3000,165.3389,321.0288,0,U,29928,999,98917,.35037444E-3,.41E-5,0
FENGYUN 1C DEB,1999-025JB,2026-08-16T17:55:30.412992,14.02392079,.0129085,98.6240,139.8036,204.7877,179.5828,0,U,29929,999,99417,.64769204E-3,.1029E-4,0
FENGYUN 1C DEB,1999-025JC,2026-08-16T15:22:33.138048,14.21073674,.01643657,99.0142,121.4069,67.5913,351.1780,0,U,29930,999,1396,.11959176E-3,.251E-5,0
FENGYUN 1C DEB,1999-025JD,2026-08-16T20:57:22.117824,14.04016878,.00328054,98.8318,262.5720,121.8621,52.9834,0,U,29931,999,279,-.5785994E-4,-.134E-5,0
FENGYUN 1C DEB,1999-025JE,2026-08-16T23:17:11.078304,14.17039512,.00387031,98.6303,237.3960,79.8818,310.4169,0,U,29932,999,1030,.15450304E-3,.271E-5,0
FENGYUN 1C DEB,1999-025JF,2026-08-16T06:50:21.846048,14.74467966,.00039302,98.7539,354.4602,274.2657,115.1451,0,U,29933,999,2128,.12936182E-2,.8547E-4,0
FENGYUN 1C DEB,1999-025JG,2026-08-16T15:43:56.181504,14.65675897,.00981609,98.8757,300.2635,211.3825,148.1496,0,U,29934,999,3384,.35914425E-3,.2036E-4,0
FENGYUN 1C DEB,1999-025JH,2026-08-16T17:10:24.332160,14.14337666,.01497443,98.4280,282.5164,225.5540,264.3661,0,U,29935,999,1033,.6075439E-4,.88E-6,0
FENGYUN 1C DEB,1999-025JJ,2026-08-16T14:26:50.740224,14.35526756,.01138581,98.6789,348.0982,176.5359,183.6640,0,U,29936,999,2473,.90926493E-4,.235E-5,0
FENGYUN 1C DEB,1999-025JK,2026-08-16T15:28:11.597952,14.04404616,.00327453,98.7872,246.8680,49.6860,67.8961,0,U,29937,999,402,.19817873E-3,.275E-5,0
FENGYUN 1C DEB,1999-025JL,2026-08-16T12:49:51.841920,14.07578942,.00331236,98.8206,217.5178,337.1788,139.2308,0,U,29938,999,526,.347792E-6,-.43E-6,0
FENGYUN 1C DEB,1999-025JM,2026-08-16T14:03:19.563840,14.12135369,.00666532,98.7188,226.3132,156.3852,317.9039,0,U,29939,999,942,.36536577E-4,.26E-6,0
FENGYUN 1C DEB,1999-025JN,2026-08-16T14:31:31.789920,14.19365967,.00751166,98.6186,236.5948,107.4819,19.8737,0,U,29940,999,966,.24497605E-3,.487E-5,0
FENGYUN 1C DEB,1999-025JQ,2026-08-16T11:24:01.951776,14.31172998,.0047745,98.6133,297.3352,270.7050,88.8662,0,U,29942,999,1396,.28686281E-3,.722E-5,0
FENGYUN 1C DEB,1999-025JR,2026-08-16T15:49:52.178880,14.09715869,.0034545,98.7264,233.9067,248.4870,230.3136,0,U,29943,999,781,.3280111E-5,-.37E-6,0
FENGYUN 1C DEB,1999-025JS,2026-08-16T13:22:43.880448,14.92454835,.01546787,99.0285,202.3554,162.6372,198.0218,0,U,29944,999,4130,.30023332E-3,.3799E-4,0
FENGYUN 1C DEB,1999-025JT,2026-08-16T16:35:49.169184,14.05661153,.003146,98.7736,249.6979,29.3569,82.4007,0,U,29945,999,448,-.56373946E-4,-.135E-5,0
FENGYUN 1C DEB,1999-025JU,2026-08-16T11:51:51.009696,14.08441820,.00810059,98.7954,219.4197,8.0356,118.9312,0,U,29946,999,508,.15631686E-3,.233E-5,0
FENGYUN 1C DEB,1999-025JV,2026-08-16T15:06:11.324736,14.03207746,.00405191,98.8122,256.6964,149.8766,335.5954,0,U,29947,999,211,-.20079649E-4,-.74E-6,0
FENGYUN 1C DEB,1999-025JW,2026-08-16T11:13:08.353920,14.06304978,.0083284,98.8459,213.7817,261.6384,226.4922,0,U,29948,999,444,.60100235E-4,.58E-6,0
FENGYUN 1C DEB,1999-025JX,2026-08-16T14:01:15.312000,14.06865174,.00235131,98.7527,241.4531,331.6183,145.9625,0,U,29949,999,578,-.2958986E-4,-.92E-6,0
FENGYUN 1C DEB,1999-025JY,2026-08-16T20:38:54.733344,14.10432812,.00319683,98.7159,257.7006,262.2342,274.3472,0,U,29950,999,774,.30446787E-4,.11E-6,0
FENGYUN 1C DEB,1999-025KB,2026-08-16T11:17:03.094080,13.91044853,.01049772,98.9584,211.4678,314.4653,200.9420,0,U,29953,999,99292,.13461911E-3,.133E-5,0
FENGYUN 1C DEB,1999-025KC,2026-08-16T17:16:45.922944,14.35254416,.00722983,100.1303,314.3612,293.2719,66.0862,0,U,29954,999,1726,.39119657E-3,.1095E-4,0
FENGYUN 1C DEB,1999-025KD,2026-08-16T18:57:17.369568,14.40212055,.00064169,99.2705,334.3366,243.7482,267.5712,0,U,29955,999,1612,.6129497E-3,.1889E-4,0
FENGYUN 1C DEB,1999-025KE,2026-08-16T20:11:10.057632,14.06222752,.00541419,98.7680,255.2093,42.9765,131.3885,0,U,29956,999,518,.32572031E-4,.12E-6,0
FENGYUN 1C DEB,1999-025KF,2026-08-16T09:38:26.759904,14.58988371,.00345393,98.9214,17.0761,147.6833,238.0052,0,U,29957,999,1051,.18428704E-2,.8677E-4,0
FENGYUN 1C DEB,1999-025KG,2026-08-16T14:56:21.615360,14.14681125,.00543395,98.6605,240.7070,347.7689,12.2162,0,U,29958,999,935,.14724031E-3,.244E-5,0
FENGYUN 1C DEB,1999-025KH,2026-08-16T13:52:50.907072,14.06146122,.00419112,98.7838,257.1401,355.6422,132.3017,0,U,29959,999,409,-.20252674E-4,-.76E-6,0
FENGYUN 1C DEB,1999-025KJ,2026-08-16T17:12:32.567040,14.16794372,.00902754,98.6361,211.8084,297.1380,239.5819,0,U,29960,999,946,.17586669E-3,.323E-5,0
FENGYUN 1C DEB,1999-025KK,2026-08-16T15:41:13.295040,14.26404055,.00738719,98.9207,126.0522,311.1327,48.3492,0,U,29961,999,1829,.81877307E-4,.156E-5,0
FENGYUN 1C DEB,1999-025KL,2026-08-16T13:53:05.512992,14.07305720,.01090104,98.7676,234.4465,246.0905,240.9465,0,U,29962,999,469,-.8430176E-5,-.58E-6,0
FENGYUN 1C DEB,1999-025KM,2026-08-16T23:00:02.836224,14.30142208,.00503706,98.9743,125.8331,304.8605,66.6072,0,U,29963,999,1673,.28415322E-3,.698E-5,0
FENGYUN 1C DEB,1999-025KN,2026-08-16T11:33:37.473408,14.03385161,.01293504,98.3662,56.3210,291.2850,67.4549,0,U,29964,999,99777,.3259474E-3,.508E-5,0
FENGYUN 1C DEB,1999-025KP,2026-08-16T13:05:47.749056,13.95896854,.01460461,98.9766,221.8085,109.6429,14.5404,0,U,29965,999,99719,-.11171869E-3,-.209E-5,0
FENGYUN 1C DEB,1999-025KQ,2026-08-16T14:25:16.104576,14.26138067,.0039757,99.4652,100.6293,4.7529,355.4019,0,U,29966,999,1561,.16611173E-3,.35E-5,0
FENGYUN 1C DEB,1999-025KR,2026-08-16T04:59:03.719616,14.25082209,.00726242,98.8557,311.8684,301.3261,85.5123,0,U,29967,999,699,.61191557E-3,.1428E-4,0
FENGYUN 1C DEB,1999-025KS,2026-08-16T12:46:15.959424,14.07404019,.00904652,98.8230,217.2740,20.6320,93.5404,0,U,29968,999,517,.14036014E-4,-.19E-6,0
FENGYUN 1C DEB,1999-025KT,2026-08-16T05:50:31.208064,14.35300872,.00424406,98.7657,321.0552,45.3485,341.3755,0,U,29969,999,1177,.59923063E-3,.1689E-4,0
FENGYUN 1C DEB,1999-025KU,2026-08-16T14:29:44.825856,14.44769386,.00899179,98.8226,171.0137,169.5761,3.6173,0,U,29970,999,2684,.1750608E-3,.588E-5,0
FENGYUN 1C DEB,1999-025KV,2026-08-16T17:15:02.134944,14.18902255,.002269,98.6562,267.8834,174.5887,311.9684,0,U,29971,999,839,.39021257E-3,.772E-5,0
FENGYUN 1C DEB,1999-025KW,2026-08-16T01:47:45.959136,14.69150676,.0060186,98.9052,266.9200,330.1256,84.6028,0,U,29972,999,3098,.40469986E-3,.2385E-4,0
FENGYUN 1C DEB,1999-025KX,2026-08-16T13:59:59.519328,14.07041460,.00584525,98.8489,228.6872,175.1549,300.1237,0,U,29973,999,188,.34187519E-3,.537E-5,0
FENGYUN 1C DEB,1999-025KY,2026-08-16T18:05:44.358432,14.15838901,.00477709,98.8861,317.1065,100.6876,61.3583,0,U,29974,999,419,.74684745E-3,.1441E-4,0
FENGYUN 1C DEB,1999-025KZ,2026-08-16T15:38:57.912288,13.98124484,.01144064,99.3071,278.5776,60.4918,60.4715,0,U,29975,999,99887,.12870489E-3,.148E-5,0
FENGYUN 1C DEB,1999-025LA,2026-08-16T22:15:16.886592,13.98360679,.02662658,98.9303,224.8490,276.1910,110.5745,0,U,29976,999,99791,.22451615E-3,.388E-5,0
FENGYUN 1C DEB,1999-025LB,2026-08-16T02:39:53.970912,14.05871680,.01263893,98.3785,76.9876,277.3442,212.8634,0,U,29977,999,99821,.66348603E-3,.1126E-4,0
FENGYUN 1C DEB,1999-025LC,2026-08-16T16:58:09.501888,13.95980865,.00770535,99.0276,279.6518,94.9332,33.7909,0,U,29978,999,99762,-.1089494E-3,-.196E-5,0
FENGYUN 1C DEB,1999-025LD,2026-08-16T14:01:02.580960,14.26451417,.0107249,98.3547,245.6998,156.7780,321.3064,0,U,29979,999,1592,.19628467E-3,.461E-5,0
FENGYUN 1C DEB,1999-025LE,2026-08-16T10:21:09.749376,14.06455742,.00863641,98.5804,29.4500,270.0565,115.7219,0,U,29980,999,457,.48082663E-4,.4E-6,0
FENGYUN 1C DEB,1999-025LG,2026-08-16T14:29:08.415168,14.68474504,.01180646,99.3885,91.2038,255.5782,159.6918,0,U,29982,999,3905,.19022382E-3,.1151E-4,0
FENGYUN 1C DEB,1999-025LK,2026-08-16T14:54:00.878400,14.10368223,.0027722,98.7018,240.8554,229.2181,245.9137,0,U,29985,999,828,.46644061E-4,.4E-6,0
FENGYUN 1C DEB,1999-025LL,2026-08-16T04:43:15.509856,14.30901857,.00219519,99.3881,320.1628,12.0885,17.8924,0,U,29986,999,1004,.58827791E-3,.1498E-4,0
FENGYUN 1C DEB,1999-025LM,2026-08-16T16:36:36.241632,14.16381364,.00767032,98.8870,125.1345,250.8800,135.3211,0,U,29987,999,99867,.85947813E-3,.1712E-4,0
FENGYUN 1C DEB,1999-025LN,2026-08-16T20:03:20.236032,14.54226745,.01120231,98.7055,346.7806,347.3082,176.7904,0,U,29988,999,1651,.59398592E-3,.268E-4,0
FENGYUN 1C DEB,1999-025LP,2026-08-16T16:16:01.866432,14.15993267,.01226226,98.6940,206.2827,208.2574,328.8572,0,U,29989,999,1101,.68454164E-4,.102E-5,0
FENGYUN 1C DEB,1999-025LS,2026-08-16T17:44:30.818976,14.11699176,.00883791,98.7436,222.4708,186.1358,348.6164,0,U,29992,999,872,.60888391E-4,.72E-6,0
FENGYUN 1C DEB,1999-025LT,2026-08-16T19:45:49.589568,14.08218761,.00386963,98.7641,263.8118,338.6231,21.3321,0,U,29993,999,648,.85164309E-4,.103E-5,0
FENGYUN 1C DEB,1999-025LU,2026-08-16T20:02:57.139584,14.02783823,.01291221,98.8028,258.2316,244.0935,292.8039,0,U,29994,999,190,.30966738E-3,.472E-5,0
FENGYUN 1C DEB,1999-025LW,2026-08-16T02:10:14.795328,14.10880018,.0132284,99.2929,278.7631,120.9372,270.7673,0,U,29996,999,99609,.8210867E-3,.1552E-4,0
FENGYUN 1C DEB,1999-025LX,2026-08-16T23:23:45.447648,14.01290738,.00792728,98.8784,237.8183,1.8290,27.0520,0,U,29997,999,99852,.30521879E-3,.429E-5,0
FENGYUN 1C DEB,1999-025LY,2026-08-16T16:54:25.137504,14.29514063,.000387,99.2879,310.2868,337.3496,22.7512,0,U,29998,999,1402,.35834145E-3,.866E-5,0
FENGYUN 1C DEB,1999-025LZ,2026-08-16T22:25:48.256320,14.20579717,.01886277,98.5991,211.2975,130.8553,257.6048,0,U,29999,999,1232,.14055864E-3,.318E-5,0
FENGYUN 1C DEB,1999-025MA,2026-08-16T16:51:43.148736,14.42123795,.00372703,98.9535,320.1678,87.2741,70.9412,0,U,30001,999,980,.1096722E-2,.3591E-4,0
FENGYUN 1C DEB,1999-025MC,2026-08-16T12:50:12.318720,13.85822559,.01422468,99.6003,214.1303,186.0127,298.2425,0,U,30003,999,98906,.17761905E-3,.174E-5,0
FENGYUN 1C DEB,1999-025MD,2026-08-16T13:07:29.447904,14.17711517,.00382829,99.2254,64.0155,7.2352,52.7546,0,U,30004,999,802,.3015583E-3,.571E-5,0
FENGYUN 1C DEB,1999-025ME,2026-08-16T08:07:20.972352,13.52812739,.03434688,99.3215,180.8659,189.3964,170.0637,0,U,30005,999,96280,.66110635E-3,.597E-5,0
FENGYUN 1C DEB,1999-025MG,2026-08-16T17:39:25.133184,14.27093356,.00646937,99.1689,146.7929,26.4071,2.9315,0,U,30007,999,877,.77265308E-3,.1878E-4,0
FENGYUN 1C DEB,1999-025MH,2026-08-16T22:19:48.632736,14.71863490,.00366967,99.3817,226.6957,155.1795,235.0210,0,U,30008,999,2691,.76237314E-3,.4757E-4,0
FENGYUN 1C DEB,1999-025MJ,2026-08-16T21:30:11.916000,14.05517802,.00622107,98.9964,287.0349,5.6001,354.5849,0,U,30009,999,99954,.68061592E-3,.1081E-4,0
FENGYUN 1C DEB,1999-025MK,2026-08-16T12:23:27.436992,14.25114251,.00723208,99.0590,73.8001,220.0636,169.3408,0,U,30010,999,1774,.52335117E-4,.79E-6,0
FENGYUN 1C DEB,1999-025MM,2026-08-16T03:18:49.692096,13.85904419,.01357399,99.4312,288.3899,209.7206,179.8045,0,U,30012,999,98961,.15797016E-3,.149E-5,0
FENGYUN 1C DEB,1999-025MN,2026-08-16T20:35:10.999680,13.87969239,.01287178,99.5606,259.4205,106.4468,67.6554,0,U,30013,999,99109,.12060406E-3,.107E-5,0
FENGYUN 1C DEB,1999-025MQ,2026-08-16T14:32:33.075168,14.31518653,.00386494,99.2228,251.6814,131.5234,353.0639,0,U,30015,999,1698,.27363725E-3,.684E-5,0
FENGYUN 1C DEB,1999-025MR,2026-08-16T08:36:42.071328,14.84654260,.00393263,98.8871,272.5541,341.3586,81.0934,0,U,30016,999,3107,.73207506E-3,.6213E-4,0
FENGYUN 1C DEB,1999-025MS,2026-08-16T16:44:56.063040,14.61687705,.02167986,98.7216,292.2820,134.1271,227.7990,0,U,30017,999,4051,.10375608E-3,.657E-5,0
FENGYUN 1C DEB,1999-025MT,2026-08-16T19:05:11.899968,14.75310076,.01134958,98.7536,336.1074,139.2483,11.6032,0,U,30018,999,4077,.40895709E-3,.3011E-4,0
FENGYUN 1C DEB,1999-025MV,2026-08-16T18:43:39.785376,14.04846453,.01838552,98.8501,231.5610,98.7801,74.2183,0,U,30020,999,124,.15389742E-3,.246E-5,0
FENGYUN 1C DEB,1999-025MW,2026-08-16T13:14:35.884608,14.04978706,.00720259,98.8528,218.9123,316.7265,163.2309,0,U,30021,999,398,.5160713E-4,.41E-6,0
FENGYUN 1C DEB,1999-025MX,2026-08-16T15:14:10.358304,14.23202792,.00664151,99.0458,88.9354,281.8043,150.0721,0,U,30022,999,1702,.30156117E-4,.22E-6,0
FENGYUN 1C DEB,1999-025MY,2026-08-16T12:48:13.300128,14.12200709,.00474722,99.2811,75.9113,93.7049,330.8980,0,U,30023,999,679,.18483995E-3,.296E-5,0
FENGYUN 1C DEB,1999-025ND,2026-08-16T12:42:56.060928,14.56552479,.01723459,98.1605,220.3172,181.8415,303.8136,0,U,30028,999,3313,.1261083E-3,.633E-5,0
FENGYUN 1C DEB,1999-025NL,2026-08-16T15:17:27.947328,14.37084088,.01155006,99.2777,167.5643,62.9598,112.4547,0,U,30035,999,2670,.38324241E-4,.7E-6,0
FENGYUN 1C DEB,1999-025NM,2026-08-16T13:38:53.627136,14.47040571,.01882529,98.2316,254.1442,174.3615,345.5156,0,U,30036,999,2742,.17708566E-3,.753E-5,0
FENGYUN 1C DEB,1999-025NN,2026-08-16T12:29:18.890592,14.34402948,.01737543,98.4108,202.4107,40.5040,77.5055,0,U,30037,999,2325,.10956365E-3,.318E-5,0
FENGYUN 1C DEB,1999-025NP,2026-08-16T11:55:22.897920,14.39913792,.02563051,98.3883,216.0329,80.8884,42.9307,0,U,30038,999,2442,.15376956E-3,.66E-5,0
FENGYUN 1C DEB,1999-025NR,2026-08-15T23:53:29.668992,14.39190947,.00297551,98.2254,239.1368,292.4122,97.4389,0,U,30040,999,1454,.66202454E-3,.202E-4,0
FENGYUN 1C DEB,1999-025NS,2026-08-16T07:12:31.578336,14.13558401,.00337613,99.4866,354.1815,250.9089,138.7871,0,U,30041,999,767,.21116683E-3,.35E-5,0
FENGYUN 1C DEB,1999-025NU,2026-08-16T06:15:16.048224,14.24660358,.02805275,98.6294,327.0492,133.0337,229.4712,0,U,30043,999,847,.44818732E-3,.1522E-4,0
FENGYUN 1C DEB,1999-025NV,2026-08-16T17:06:16.281216,14.54584081,.00763573,98.2081,148.9217,125.2061,235.6317,0,U,30044,999,1624,.79631137E-3,.3487E-4,0
FENGYUN 1C DEB,1999-025NW,2026-08-16T16:01:26.997312,14.23550505,.00937389,99.1676,279.3228,128.2918,355.7288,0,U,30045,999,200,.8990349E-3,.2095E-4,0
FENGYUN 1C DEB,1999-025NY,2026-08-16T11:06:41.283648,13.94787400,.01257728,99.9413,49.0229,27.6246,2.7746,0,U,30047,999,99355,.20878306E-3,.248E-5,0
FENGYUN 1C DEB,1999-025NZ,2026-08-16T13:07:30.654048,13.80026484,.01859474,98.6395,78.5392,298.5631,88.3274,0,U,30048,999,98530,.13376007E-3,.118E-5,0
FENGYUN 1C DEB,1999-025PB,2026-08-16T16:17:26.429568,13.85589524,.01713375,96.8235,127.1065,45.1127,345.9823,0,U,30050,999,98621,.45986466E-3,.564E-5,0
FENGYUN 1C DEB,1999-025PD,2026-08-16T15:33:40.578048,13.73233759,.02878304,99.2792,252.2557,305.2642,175.9967,0,U,30052,999,97943,.22434067E-3,.235E-5,0
FENGYUN 1C DEB,1999-025PE,2026-08-16T17:12:08.571168,13.95937626,.03231426,98.6020,30.4010,12.1515,0.5692,0,U,30053,999,98430,.54043564E-3,.1105E-4,0
FENGYUN 1C DEB,1999-025PF,2026-08-16T15:17:22.708896,13.70120431,.02770597,99.3456,259.3432,82.9349,39.6767,0,U,30054,999,97729,.24081006E-3,.237E-5,0
FENGYUN 1C DEB,1999-025PH,2026-08-16T21:29:05.432064,13.75048514,.02951333,98.3433,28.5827,262.0928,94.6636,0,U,30056,999,97371,.10818006E-2,.138E-4,0
FENGYUN 1C DEB,1999-025PJ,2026-08-16T15:13:28.322976,13.57618299,.0289592,98.8655,278.6688,227.6831,266.6681,0,U,30057,999,96585,.10407305E-2,.942E-5,0
FENGYUN 1C DEB,1999-025PK,2026-08-16T11:38:54.093120,13.48545066,.03134258,99.6531,229.8168,259.6760,256.8141,0,U,30058,999,96173,.50412696E-3,.379E-5,0
FENGYUN 1C DEB,1999-025PL,2026-08-16T21:05:20.804064,13.45623056,.03280971,98.8434,200.0866,35.8080,354.1395,0,U,30059,999,96121,.20667136E-3,.134E-5,0
FENGYUN 1C DEB,1999-025PM,2026-08-16T13:42:44.277984,13.44377370,.03415472,99.2988,82.3426,176.2278,212.2687,0,U,30060,999,95559,.70968695E-3,.547E-5,0
FENGYUN 1C DEB,1999-025PN,2026-08-16T23:17:01.480992,13.47808577,.03649759,101.9005,30.0172,49.0457,99.8133,0,U,30061,999,95428,.97478987E-3,.843E-5,0
FENGYUN 1C DEB,1999-025PP,2026-08-16T14:46:33.616704,14.07409304,.00500473,98.7784,235.7767,72.9016,42.2879,0,U,30062,999,377,.28258271E-3,.438E-5,0
FENGYUN 1C DEB,1999-025PQ,2026-08-16T11:57:12.989664,14.15688188,.00328337,98.5491,201.9550,144.4544,332.0739,0,U,30063,999,1157,.41446073E-4,.4E-6,0
FENGYUN 1C DEB,1999-025PR,2026-08-16T15:04:48.035136,14.14425671,.00665588,98.6575,237.1871,125.2687,351.1206,0,U,30064,999,995,.80415929E-4,.115E-5,0
FENGYUN 1C DEB,1999-025PS,2026-08-16T15:40:28.852608,13.87005641,.01321534,98.7134,189.4736,77.6394,283.9521,0,U,30065,999,99094,.10049626E-3,.87E-6,0
FENGYUN 1C DEB,1999-025PT,2026-08-16T18:00:06.895584,14.19267319,.01162822,98.6521,218.2301,269.7461,267.7113,0,U,30066,999,1339,.70542788E-4,.114E-5,0
FENGYUN 1C DEB,1999-025PU,2026-08-16T23:42:11.976768,14.44301052,.01502286,98.7386,127.2743,358.1841,11.6890,0,U,30067,999,2764,.18844201E-3,.689E-5,0
FENGYUN 1C DEB,1999-025PV,2026-08-16T11:59:52.515168,14.12204106,.01900125,98.7568,215.5224,7.4444,352.9479,0,U,30068,999,824,.75612339E-4,.121E-5,0
FENGYUN 1C DEB,1999-025PW,2026-08-16T17:08:11.353056,14.05413957,.00501659,98.8254,208.7277,80.3037,92.5754,0,U,30069,999,314,.9713436E-4,.117E-5,0
FENGYUN 1C DEB,1999-025PX,2026-08-16T02:19:37.663680,14.11734190,.03227591,98.2612,273.8097,329.5268,56.0476,0,U,30070,999,99353,.35059537E-3,.997E-5,0
FENGYUN 1C DEB,1999-025PY,2026-08-16T19:11:08.946240,14.56586264,.00374298,98.6637,341.7391,76.5212,76.1947,0,U,30071,999,1816,.9756098E-3,.434E-4,0
FENGYUN 1C DEB,1999-025PZ,2026-08-16T21:16:50.646720,14.41933501,.00536807,99.0930,37.0993,264.6696,94.8366,0,U,30072,999,729,.12670035E-2,.4174E-4,0
FENGYUN 1C DEB,1999-025QA,2026-08-16T22:20:01.546080,14.20034610,.00516627,99.4253,222.6303,305.3457,83.6208,0,U,30073,999,427,.73193774E-3,.1529E-4,0
FENGYUN 1C DEB,1999-025QB,2026-08-16T04:13:37.958592,14.13997902,.00962798,99.1151,304.2030,176.8811,183.2982,0,U,30074,999,114,.75760236E-3,.1459E-4,0
FENGYUN 1C DEB,1999-025QC,2026-08-16T17:14:05.865216,13.92612455,.00901127,99.3284,286.1275,230.2257,258.0252,0,U,30075,999,99502,-.728231E-5,-.56E-6,0
FENGYUN 1C DEB,1999-025QD,2026-08-16T10:03:45.620928,13.76447935,.01748497,99.2596,213.2866,163.3197,355.4526,0,U,30076,999,98287,.17922991E-3,.154E-5,0
FENGYUN 1C DEB,1999-025QE,2026-08-16T00:09:52.424928,14.07110768,.00203873,98.7485,240.8492,292.0337,95.9071,0,U,30077,999,575,-.83422642E-4,-.183E-5,0
FENGYUN 1C DEB,1999-025QF,2026-08-16T17:07:04.716192,14.24772377,.00489176,98.8213,309.5399,285.5163,228.2983,0,U,30078,999,628,.74573771E-3,.1714E-4,0
FENGYUN 1C DEB,1999-025QG,2026-08-16T16:37:05.350656,14.00955318,.00850283,98.9974,285.8780,336.8828,143.1093,0,U,30079,999,99995,.23709749E-3,.322E-5,0
FENGYUN 1C DEB,1999-025QH,2026-08-16T11:33:00.523584,14.10995638,.01339719,98.7233,206.6854,79.8741,40.7676,0,U,30080,999,717,.75364478E-4,.106E-5,0
FENGYUN 1C DEB,1999-025QJ,2026-08-16T13:48:46.211040,13.98495858,.00766598,98.9344,223.3432,17.7767,105.8985,0,U,30081,999,99804,.29160655E-3,.385E-5,0
FENGYUN 1C DEB,1999-025QK,2026-08-16T16:09:57.331008,15.32122701,.00507463,98.8340,204.8612,53.6174,306.9729,0,U,30082,999,5054,.99808137E-3,.32234E-3,0
FENGYUN 1C DEB,1999-025QP,2026-08-16T20:42:11.129184,14.04066262,.00617449,98.8838,262.3341,163.8599,11.3081,0,U,30086,999,159,.16074596E-3,.216E-5,0
FENGYUN 1C DEB,1999-025QQ,2026-08-16T14:16:58.594368,14.36179138,.0229342,98.3548,258.8425,103.4827,26.6590,0,U,30087,999,2236,.14831169E-3,.536E-5,0
FENGYUN 1C DEB,1999-025QR,2026-08-16T11:57:39.904992,14.36512052,.01991308,98.3767,210.8640,229.5509,256.4280,0,U,30088,999,2212,.99415365E-4,.315E-5,0
FENGYUN 1C DEB,1999-025QS,2026-08-16T18:22:36.418656,14.30594436,.00729293,98.8920,144.8368,209.9520,173.5315,0,U,30089,999,2010,.97289639E-4,.215E-5,0
FENGYUN 1C DEB,1999-025QT,2026-08-16T07:31:15.428064,14.29509220,.00577197,99.4134,66.0310,125.3169,49.3354,0,U,30090,999,1791,.21760599E-3,.516E-5,0
FENGYUN 1C DEB,1999-025QV,2026-08-16T11:43:41.138112,14.39828132,.00813212,98.9265,62.9637,240.9030,148.7962,0,U,30092,999,2291,.19047537E-3,.571E-5,0
FENGYUN 1C DEB,1999-025QW,2026-08-16T16:02:15.228384,14.44875277,.00682635,98.8420,118.4486,321.0943,93.4874,0,U,30093,999,2369,.3638924E-3,.1252E-4,0
FENGYUN 1C DEB,1999-025QY,2026-08-16T11:05:23.604000,14.90060151,.01429677,99.2347,194.0578,273.2597,85.2269,0,U,30095,999,2999,.63927082E-3,.7411E-4,0
FENGYUN 1C DEB,1999-025QZ,2026-08-16T18:06:35.668800,14.32054936,.00784505,99.1386,326.0487,236.0082,123.3629,0,U,30096,999,2077,.13569451E-3,.328E-5,0
FENGYUN 1C DEB,1999-025RC,2026-08-16T16:36:45.593568,14.26236943,.00606167,98.5160,299.4177,242.1315,280.8077,0,U,30099,999,1704,.13012693E-3,.275E-5,0
FENGYUN 1C DEB,1999-025RF,2026-08-16T11:27:30.364128,14.22399353,.01414147,98.3811,229.2034,359.9340,161.2668,0,U,30102,999,1464,.15948441E-3,.351E-5,0
FENGYUN 1C DEB,1999-025RG,2026-08-16T14:23:53.627136,14.25349655,.00637382,99.2627,228.5313,134.0275,347.7521,0,U,30103,999,1435,.16691791E-3,.353E-5,0
FENGYUN 1C DEB,1999-025RH,2026-08-16T19:23:58.370208,14.26341763,.00739285,98.3555,59.5860,102.0655,271.4613,0,U,30104,999,1412,.3023533E-3,.707E-5,0
FENGYUN 1C DEB,1999-025RJ,2026-08-16T21:54:43.371072,14.21824764,.01990513,98.6150,214.0333,77.2070,285.1270,0,U,30105,999,1273,.18364791E-3,.451E-5,0
FENGYUN 1C DEB,1999-025RK,2026-08-16T19:31:11.267040,15.15562741,.00334792,98.9121,176.8745,105.7630,284.8097,0,U,30106,999,2236,.3277499E-2,.63474E-3,0
FENGYUN 1C DEB,1999-025RL,2026-08-16T15:02:02.486688,14.14528183,.01262467,98.8137,287.7820,293.4216,65.3724,0,U,30107,999,1050,.58932481E-4,.77E-6,0
FENGYUN 1C DEB,1999-025RM,2026-08-16T22:15:39.569184,14.17490228,.01974888,98.6818,213.9970,31.9435,357.9798,0,U,30108,999,1099,.15832266E-3,.345E-5,0
FENGYUN 1C DEB,1999-025RN,2026-08-16T10:30:41.486688,14.17947967,.01660481,98.5239,216.9918,239.9140,283.0475,0,U,30109,999,1048,.1309486E-3,.264E-5,0
FENGYUN 1C DEB,1999-025RP,2026-08-16T05:18:56.012832,13.56344563,.026876,98.9126,318.8168,78.0884,285.0254,0,U,30110,999,96856,.64217004E-4,.21E-6,0
FENGYUN 1C DEB,1999-025RR,2026-08-16T17:08:06.887040,14.22976945,.02001882,99.3023,221.3100,124.9696,237.0460,0,U,30112,999,1093,.22228126E-3,.564E-5,0
FENGYUN 1C DEB,1999-025RS,2026-08-16T14:43:01.432992,14.48142121,.00390705,99.0263,102.1970,348.5697,40.7574,0,U,30113,999,1477,.78781603E-3,.2912E-4,0
FENGYUN 1C DEB,1999-025RT,2026-08-16T14:03:44.232768,14.09821604,.00818747,98.7524,229.1241,140.8946,341.8850,0,U,30114,999,632,.10723018E-3,.152E-5,0
FENGYUN 1C DEB,1999-025RU,2026-08-16T15:29:20.540832,14.20680377,.00681098,98.6036,254.4469,67.2053,60.7462,0,U,30115,999,833,.45777204E-3,.967E-5,0
FENGYUN 1C DEB,1999-025RV,2026-08-15T17:17:35.290176,14.30937679,.00183609,99.3894,323.0476,0.3398,162.6267,0,U,30116,999,1019,.60467354E-3,.1541E-4,0
FENGYUN 1C DEB,1999-025RW,2026-08-16T12:59:13.385760,14.07340452,.01627774,98.8236,216.0445,234.8105,247.8382,0,U,30117,999,460,.56370381E-4,.63E-6,0
FENGYUN 1C DEB,1999-025RX,2026-08-16T22:36:49.346784,14.05212032,.00854706,98.8075,230.5384,86.4453,304.0947,0,U,30118,999,401,.22616064E-3,.336E-5,0
FENGYUN 1C DEB,1999-025RY,2026-08-16T09:46:29.925984,14.23730434,.01274124,97.9352,203.0726,283.2207,231.4934,0,U,30119,999,669,.52427592E-3,.1263E-4,0
FENGYUN 1C DEB,1999-025RZ,2026-08-16T04:46:56.508960,14.29384497,.00610808,98.8445,318.4962,213.2615,176.6344,0,U,30120,999,887,.80477513E-3,.2047E-4,0
FENGYUN 1C DEB,1999-025SA,2026-08-16T21:01:02.025696,14.43530527,.00301607,102.1603,358.8625,229.7273,298.9902,0,U,30121,999,1092,.13234709E-2,.4431E-4,0
FENGYUN 1C DEB,1999-025SC,2026-08-16T23:21:33.117408,14.27532628,.02270262,96.9240,123.4707,50.1289,311.9622,0,U,30123,999,771,.70574426E-3,.2251E-4,0
FENGYUN 1C DEB,1999-025SD,2026-08-16T16:05:38.174208,14.15062333,.0143021,99.1101,292.8664,128.6460,2.4555,0,U,30124,999,404,.47745537E-3,.976E-5,0
FENGYUN 1C DEB,1999-025SE,2026-08-16T12:47:15.635904,14.24501425,.03360866,98.7279,330.8667,347.6982,23.6685,0,U,30125,999,432,.19591657E-3,.76E-5,0
FENGYUN 1C DEB,1999-025SG,2026-08-16T12:30:48.500352,14.41389307,.00838128,98.1978,79.7532,55.3085,305.5966,0,U,30127,999,786,.10506944E-2,.3508E-4,0
FENGYUN 1C DEB,1999-025SH,2026-08-16T14:23:08.304288,14.51775047,.01023168,96.9854,190.1753,64.6854,348.2436,0,U,30128,999,874,.19139965E-2,.821E-4,0
FENGYUN 1C DEB,1999-025SJ,2026-08-16T06:43:16.385664,14.01946736,.01853824,98.0397,146.1831,108.8101,43.5791,0,U,30129,999,99932,.57072176E-4,.67E-6,0
FENGYUN 1C DEB,1999-025SL,2026-08-16T18:26:22.395264,14.23435443,.00813293,99.0756,332.8251,170.6446,342.5730,0,U,30131,999,200,.13201875E-2,.3056E-4,0
FENGYUN 1C DEB,1999-025SM,2026-08-16T10:53:19.368960,13.95103580,.01055934,99.6043,196.7866,105.7908,17.4271,0,U,30132,999,99529,.24564128E-3,.3E-5,0
FENGYUN 1C DEB,1999-025SN,2026-08-16T08:57:25.431264,14.07696846,.00817813,98.3470,21.0414,276.8400,112.1892,0,U,30133,999,99847,.53954014E-3,.9E-5,0
FENGYUN 1C DEB,1999-025SP,2026-08-16T15:33:25.675776,14.13739975,.00183788,98.6807,245.5920,197.6178,278.0616,0,U,30134,999,731,.23464226E-3,.402E-5,0
FENGYUN 1C DEB,1999-025SR,2026-08-16T09:59:51.545184,13.95576898,.01293731,98.5291,108.4245,103.4498,71.0886,0,U,30136,999,99531,.36606354E-3,.496E-5,0
FENGYUN 1C DEB,1999-025ST,2026-08-16T22:10:05.635776,14.20789498,.00219607,98.7367,284.4840,144.4507,30.0939,0,U,30138,999,910,.48548945E-3,.1007E-4,0
FENGYUN 1C DEB,1999-025SU,2026-08-13T11:12:22.866048,14.04459228,.0129151,98.3584,54.8224,319.5403,101.0578,0,U,30139,999,99670,.56148721E-3,.924E-5,0
FENGYUN 1C DEB,1999-025SV,2026-08-15T03:13:10.643808,14.22053302,.00387621,98.8102,294.6748,327.6325,62.1682,0,U,30140,999,619,.54327497E-3,.1166E-4,0
FENGYUN 1C DEB,1999-025SW,2026-08-16T19:37:25.279680,14.56170894,.00183842,99.0164,174.5694,16.4759,343.7030,0,U,30141,999,1830,.112446E-2,.4926E-4,0
FENGYUN 1C DEB,1999-025SX,2026-08-16T16:59:51.160992,14.11853867,.009861,99.1188,313.4070,336.9401,22.7359,0,U,30142,999,99782,.7580822E-3,.1402E-4,0
FENGYUN 1C DEB,1999-025SY,2026-08-16T23:41:24.326304,14.03371248,.01007337,98.7460,47.5402,319.2619,192.7745,0,U,30143,999,99686,.3564685E-3,.54E-5,0
FENGYUN 1C DEB,1999-025SZ,2026-08-16T11:45:21.434688,13.92112916,.01257878,99.0251,219.5987,338.7567,148.4785,0,U,30144,999,99273,.26652553E-3,.32E-5,0
FENGYUN 1C DEB,1999-025TA,2026-08-16T20:40:57.964800,14.16424946,.00902787,99.2749,353.1745,172.2050,340.6724,0,U,30145,999,99691,.17253601E-2,.3523E-4,0
FENGYUN 1C DEB,1999-025TB,2026-08-16T07:20:32.528256,13.86957307,.01786815,98.0506,358.4880,157.2390,233.9418,0,U,30146,999,98835,.32629852E-3,.399E-5,0
FENGYUN 1C DEB,1999-025TD,2026-08-16T21:57:40.751136,13.88889755,.01330107,99.5749,29.4589,257.9895,257.5796,0,U,30148,999,98947,.43622321E-3,.518E-5,0
FENGYUN 1C DEB,1999-025TF,2026-08-16T08:14:45.653280,13.86923615,.01467066,99.0238,0.3427,30.0763,357.5211,0,U,30150,999,98876,.20480488E-3,.218E-5,0
FENGYUN 1C DEB,1999-025TG,2026-08-16T13:21:33.944832,13.84883125,.01621554,99.0628,233.1418,335.5877,143.9982,0,U,30151,999,98661,.39722396E-3,.453E-5,0
FENGYUN 1C DEB,1999-025TH,2026-08-16T13:14:20.832864,13.98026416,.01613184,99.0812,88.5676,127.0827,234.5207,0,U,30152,999,98825,.11467641E-2,.1777E-4,0
FENGYUN 1C DEB,1999-025TJ,2026-08-16T15:53:35.312064,13.79277783,.01997274,100.4697,249.8294,98.3226,25.3622,0,U,30153,999,98178,.35351468E-3,.369E-5,0
FENGYUN 1C DEB,1999-025TK,2026-08-16T13:03:37.337760,13.86762677,.01779516,98.4324,251.3207,240.3579,274.3023,0,U,30154,999,98404,.71180201E-3,.901E-5,0
FENGYUN 1C DEB,1999-025TL,2026-08-16T22:01:42.030912,13.75154249,.02368945,99.7486,312.7778,67.4435,295.1597,0,U,30155,999,97260,.40502264E-3,.43E-5,0
FENGYUN 1C DEB,1999-025TM,2026-08-16T20:09:17.027424,13.81634264,.01986521,98.9301,187.5616,319.7855,69.3637,0,U,30156,999,98102,.8787806E-3,.1047E-4,0
FENGYUN 1C DEB,1999-025TN,2026-08-15T18:37:11.803584,14.48159722,.00360867,98.7188,336.9027,172.2484,340.8143,0,U,30157,999,1625,.80133418E-3,.2963E-4,0
FENGYUN 1C DEB,1999-025TR,2026-08-16T18:43:42.225312,13.43243475,.03399971,98.8961,153.8876,225.1091,159.5591,0,U,30160,999,95730,.26128848E-3,.172E-5,0
FENGYUN 1C DEB,1999-025TS,2026-08-16T13:39:56.195424,13.50421949,.03275284,100.5165,234.9600,21.4785,98.4559,0,U,30161,999,95890,.76758746E-3,.637E-5,0
FENGYUN 1C DEB,1999-025TT,2026-08-16T15:39:16.565184,13.54361580,.03155878,99.4717,279.8130,87.2754,31.8510,0,U,30162,999,96002,.8199789E-3,.728E-5,0
FENGYUN 1C DEB,1999-025TU,2026-08-16T16:48:42.521760,13.39360199,.03665843,98.7049,314.2603,330.2829,185.4467,0,U,30163,999,95250,.44744339E-3,.319E-5,0
FENGYUN 1C DEB,1999-025TY,2026-08-16T18:48:49.125888,14.49319081,.01430055,98.9662,334.2443,133.8436,18.3244,0,U,30167,999,2935,.24679757E-3,.1017E-4,0
FENGYUN 1C DEB,1999-025TZ,2026-08-16T16:20:26.316960,14.55941905,.00965194,97.3679,277.1257,94.8335,266.3894,0,U,30168,999,1893,.78022669E-3,.3612E-4,0
FENGYUN 1C DEB,1999-025UA,2026-08-16T16:12:43.556832,14.63970079,.01970221,98.3152,304.8973,177.0095,338.0951,0,U,30169,999,1324,.1186301E-2,.8199E-4,0
FENGYUN 1C DEB,1999-025UB,2026-08-16T21:42:34.193952,14.00606232,.00765344,98.8730,213.2860,310.0700,79.1447,0,U,30170,999,99875,.28108558E-3,.385E-5,0
FENGYUN 1C DEB,1999-025UC,2026-08-16T13:02:21.380064,13.97013972,.01839198,98.3764,69.8322,296.3807,61.8580,0,U,30171,999,99716,.13437887E-3,.176E-5,0
FENGYUN 1C DEB,1999-025UD,2026-08-16T11:50:28.433760,14.13771477,.00665881,99.2505,220.6435,230.1652,282.9994,0,U,30172,999,2,.6593313E-3,.1226E-4,0
FENGYUN 1C DEB,1999-025UE,2026-08-16T16:46:32.772288,14.12589555,.00785107,98.9630,304.5006,313.2741,198.9077,0,U,30173,999,29,.62854771E-3,.1152E-4,0
FENGYUN 1C DEB,1999-025UF,2026-08-16T10:42:19.188288,15.04110780,.00114697,98.7784,50.5800,331.6923,49.4588,0,U,30174,999,2049,.23495094E-2,.32663E-3,0
FENGYUN 1C DEB,1999-025UG,2026-08-16T16:40:20.066016,13.84069829,.01443679,99.3507,288.8968,275.8134,211.5256,0,U,30175,999,98756,.21681589E-3,.215E-5,0
FENGYUN 1C DEB,1999-025UJ,2026-08-16T17:31:51.628224,13.63490523,.04448778,98.6355,150.4321,207.4569,180.3649,0,U,30177,999,96828,.3101218E-3,.441E-5,0
FENGYUN 1C DEB,1999-025UK,2026-08-16T19:36:20.993760,13.59463626,.02808516,102.2529,168.5658,284.5891,90.0624,0,U,30178,999,96528,.62982057E-3,.537E-5,0
FENGYUN 1C DEB,1999-025UN,2026-08-16T12:39:45.046080,14.30940523,.00386269,98.8369,320.5471,359.7506,12.8739,0,U,30181,999,1021,.5884334E-3,.1513E-4,0
FENGYUN 1C DEB,1999-025UP,2026-08-16T15:48:19.579680,13.96554028,.0075686,99.0322,280.4872,65.2573,85.6113,0,U,30182,999,99754,.47760845E-4,.25E-6,0
FENGYUN 1C DEB,1999-025UQ,2026-08-16T15:54:56.234304,14.13091298,.00249676,98.7630,270.9534,272.0954,211.3429,0,U,30183,999,624,.26633386E-3,.455E-5,0
FENGYUN 1C DEB,1999-025UY,2026-08-16T17:28:26.436864,14.81242064,.00919301,98.7627,327.3491,199.9703,317.1303,0,U,30191,999,3928,.58971323E-3,.4875E-4,0
FENGYUN 1C DEB,1999-025VA,2026-08-16T13:40:04.956384,14.50615214,.01058831,98.7497,151.3795,107.4453,66.5309,0,U,30193,999,2744,.31126074E-3,.126E-4,0
FENGYUN 1C DEB,1999-025VD,2026-08-16T13:01:02.959104,14.25919733,.00869169,98.6362,322.4218,63.7210,310.1413,0,U,30196,999,1879,.31962389E-4,.36E-6,0
FENGYUN 1C DEB,1999-025VE,2026-08-16T19:46:15.570048,14.38271099,.00559161,98.9487,169.1891,206.4014,173.8358,0,U,30197,999,2038,.29827234E-3,.876E-5,0
FENGYUN 1C DEB,1999-025VF,2026-08-16T15:44:54.456576,14.53067852,.01031953,98.4751,6.5138,163.1555,318.8423,0,U,30198,999,2077,.8323966E-3,.364E-4,0
FENGYUN 1C DEB,1999-025VG,2026-08-16T13:05:33.138816,14.39785281,.00754986,98.3683,251.5889,287.7621,233.6665,0,U,30199,999,1960,.3486892E-3,.1086E-4,0
FENGYUN 1C DEB,1999-025VH,2026-08-16T20:04:59.466432,14.22449914,.01473367,99.0990,76.8459,112.7333,248.9492,0,U,30200,999,1491,.65206388E-4,.116E-5,0
FENGYUN 1C DEB,1999-025VJ,2026-08-15T03:52:18.565536,14.23399381,.00285433,99.4325,23.3216,338.6824,21.3161,0,U,30201,999,1307,.16822469E-3,.333E-5,0
FENGYUN 1C DEB,1999-025VK,2026-08-16T17:22:57.722880,14.56658721,.00353165,98.6434,339.1681,26.1542,334.1429,0,U,30202,999,1877,.96363658E-3,.4288E-4,0
FENGYUN 1C DEB,1999-025VN,2026-08-16T18:30:52.250976,13.88204092,.01199992,99.0117,336.4511,230.5471,284.1204,0,U,30205,999,99065,.18810104E-3,.195E-5,0
FENGYUN 1C DEB,1999-025VP,2026-08-16T13:42:24.217632,14.49952384,.01434904,98.2397,227.2555,359.9256,0.1893,0,U,30206,999,2976,.19274758E-3,.8E-5,0
FENGYUN 1C DEB,1999-025VQ,2026-08-16T04:47:14.023968,13.79253083,.02595614,98.5811,320.9621,201.5319,229.5459,0,U,30207,999,98460,.17511537E-3,.192E-5,0
FENGYUN 1C DEB,1999-025VR,2026-08-16T12:50:07.185696,14.24014072,.00322772,98.5685,228.1343,271.9507,209.0379,0,U,30208,999,1340,.20854775E-3,.438E-5,0
FENGYUN 1C DEB,1999-025VS,2026-08-16T12:02:27.361248,14.13171076,.00378331,98.7247,223.9849,256.5150,229.1464,0,U,30209,999,692,.13616579E-3,.213E-5,0
FENGYUN 1C DEB,1999-025VT,2026-08-16T17:22:04.211904,14.08729519,.00566303,99.1644,287.6968,166.7773,317.6226,0,U,30210,999,234,.23892398E-3,.372E-5,0
FENGYUN 1C DEB,1999-025VV,2026-08-16T15:30:17.973504,13.97288767,.00963529,99.4274,105.7658,288.0396,71.0286,0,U,30212,999,99673,.24979951E-3,.316E-5,0
FENGYUN 1C DEB,1999-025VW,2026-08-16T17:18:51.957216,14.12793853,.00675699,99.1134,314.3230,269.9224,244.3016,0,U,30213,999,1,.74383206E-3,.1365E-4,0
FENGYUN 1C DEB,1999-025VX,2026-08-16T17:24:17.700768,14.32659235,.00209893,98.7113,307.9262,39.8614,111.7307,0,U,30214,999,1035,.56365291E-3,.1491E-4,0
FENGYUN 1C DEB,1999-025WA,2026-08-16T21:03:06.856416,14.25167006,.01403562,98.4551,208.4587,96.1796,265.5395,0,U,30217,999,1591,.13637282E-3,.313E-5,0
FENGYUN 1C DEB,1999-025WB,2026-08-16T18:55:18.369984,14.31414261,.00665091,98.9854,331.1475,255.6627,256.6670,0,U,30218,999,638,.10343068E-2,.2764E-4,0
FENGYUN 1C DEB,1999-025WE,2026-08-16T13:45:06.636672,14.46315609,.01441252,98.9564,334.9941,24.6461,336.1528,0,U,30221,999,2969,.82696396E-4,.281E-5,0
FENGYUN 1C DEB,1999-025WF,2026-08-16T20:40:21.777888,14.04145660,.00384111,98.8140,260.2158,65.6255,109.5353,0,U,30222,999,307,-.40025423E-4,-.106E-5,0
FENGYUN 1C DEB,1999-025WH,2026-08-16T17:33:24.384672,13.90057375,.01118946,99.4551,276.8041,42.2180,76.2824,0,U,30224,999,99172,.15411061E-3,.154E-5,0
FENGYUN 1C DEB,1999-025WJ,2026-08-16T00:38:29.651712,14.15338304,.01005689,98.6386,252.3967,100.3395,324.9088,0,U,30225,999,1015,.81017539E-4,.124E-5,0
FENGYUN 1C DEB,1999-025WN,2026-08-16T16:42:33.418368,14.64314248,.00345171,99.0452,316.9633,7.6020,149.8938,0,U,30229,999,2526,.63410223E-3,.3318E-4,0
FENGYUN 1C DEB,1999-025WQ,2026-08-16T15:59:22.105248,14.12186989,.01284112,98.7759,273.5624,48.5991,71.2303,0,U,30231,999,503,.26965166E-3,.493E-5,0
FENGYUN 1C DEB,1999-025WR,2026-08-16T14:10:11.835264,14.65459086,.01308694,98.6733,87.4523,304.4524,109.7762,0,U,30232,999,3362,.22561939E-3,.1322E-4,0
FENGYUN 1C DEB,1999-025WT,2026-08-16T14:06:01.560384,14.17169154,.00672292,98.6298,237.1668,85.6009,31.7124,0,U,30234,999,950,.15608302E-3,.28E-5,0
FENGYUN 1C DEB,1999-025WU,2026-08-16T14:10:30.069984,14.09099801,.01523512,98.7371,244.4922,260.6908,221.0237,0,U,30235,999,368,.14867975E-3,.243E-5,0
FENGYUN 1C DEB,1999-025WW,2026-08-16T18:55:50.870208,14.44118212,.00119576,98.8328,345.2145,291.6510,222.7028,0,U,30237,999,1257,.84307176E-3,.2844E-4,0
FENGYUN 1C DEB,1999-025WY,2026-08-16T10:57:51.077952,11.41854718,.13577617,99.5032,300.6894,317.4794,32.8482,0,U,30239,999,57349,.16968297E-1,.6339E-4,0
FENGYUN 1C DEB,1999-025XA,2026-08-16T20:24:44.185824,14.09800530,.01467,99.1822,11.2374,110.4847,51.3894,0,U,30241,999,394,.17373723E-3,.292E-5,0
FENGYUN 1C DEB,1999-025XB,2026-08-16T14:56:39.172704,14.18146820,.00119742,98.6592,261.9651,66.4060,53.4199,0,U,30242,999,922,.27478146E-3,.522E-5,0
FENGYUN 1C DEB,1999-025XC,2026-08-16T13:56:42.728640,14.13336775,.00130447,98.6882,237.8842,132.2209,350.0596,0,U,30243,999,758,.16842058E-3,.274E-5,0
FENGYUN 1C DEB,1999-025XD,2026-08-16T16:05:11.335776,14.15330423,.00097404,99.1194,129.1508,341.0661,48.8488,0,U,30244,999,836,.17037415E-3,.285E-5,0
FENGYUN 1C DEB,1999-025XE,2026-08-16T08:51:56.613600,13.79653783,.01918207,98.9066,206.3046,310.8315,47.6343,0,U,30245,999,98094,.56957568E-3,.633E-5,0
FENGYUN 1C DEB,1999-025XF,2026-08-16T07:04:50.968704,13.37149405,.03699902,98.7042,341.4173,200.2230,185.5263,0,U,30246,999,95435,.33547607E-3,.224E-5,0
FENGYUN 1C DEB,1999-025XG,2026-08-16T13:37:43.179168,14.66834275,.01708689,98.2640,141.6834,299.3129,186.0730,0,U,30247,999,892,.11312223E-2,.7806E-4,0
FENGYUN 1C DEB,1999-025XH,2026-08-16T13:23:31.981920,14.67826254,.00270684,99.0879,83.2628,113.0134,247.3926,0,U,30248,999,998,.16126408E-2,.9208E-4,0
FENGYUN 1C DEB,1999-025XJ,2026-08-16T11:45:02.457792,14.65309624,.00235336,98.9651,58.6118,13.3321,16.4205,0,U,30249,999,1158,.13044057E-2,.7015E-4,0
FENGYUN 1C DEB,1999-025XK,2026-08-16T12:44:37.889376,14.01877592,.00640871,98.7677,215.7657,255.6508,218.8561,0,U,30250,999,99949,.10372421E-3,.118E-5,0
FENGYUN 1C DEB,1999-025XL,2026-08-16T12:43:22.090656,14.29829125,.00513107,99.0310,81.1890,335.8558,80.3709,0,U,30251,999,1668,.18875836E-3,.444E-5,0
FENGYUN 1C DEB,1999-025XM,2026-08-16T14:40:36.804576,14.10070194,.00649551,98.7344,241.5580,262.9733,225.3404,0,U,30252,999,442,.19157344E-3,.302E-5,0
FENGYUN 1C DEB,1999-025XN,2026-08-16T03:57:16.127136,13.73910429,.02217765,98.7391,300.3725,103.4423,313.0210,0,U,30253,999,97397,.68816751E-3,.733E-5,0
FENGYUN 1C DEB,1999-025XS,2026-08-16T18:48:10.923264,14.09844735,.00595939,98.7596,225.6612,119.9046,54.6172,0,U,30257,999,695,.21468135E-4,-.4E-7,0
FENGYUN 1C DEB,1999-025XU,2026-08-16T20:55:21.916416,14.52349096,.02393459,98.7336,96.1490,238.1480,132.8293,0,U,30259,999,3060,.95647141E-4,.499E-5,0
FENGYUN 1C DEB,1999-025XY,2026-08-16T00:50:20.475744,14.02355434,.01437618,98.9483,343.4775,37.0644,18.0053,0,U,30263,999,99476,.59006628E-3,.948E-5,0
FENGYUN 1C DEB,1999-025XZ,2026-08-16T22:28:32.145024,14.08483322,.01042895,98.9531,287.3062,315.7025,220.1737,0,U,30264,999,36,.56883681E-3,.981E-5,0
FENGYUN 1C DEB,1999-025YA,2026-08-15T19:48:33.638976,14.63909820,.00243468,98.6757,353.7049,335.5597,177.3545,0,U,30265,999,1997,.94584051E-3,.4916E-4,0
FENGYUN 1C DEB,1999-025YB,2026-08-16T17:13:01.716672,14.16284580,.00840631,99.0277,301.2735,86.5481,37.9340,0,U,30266,999,285,.6771448E-3,.1345E-4,0
FENGYUN 1C DEB,1999-025YC,2026-08-16T04:36:20.829600,14.25017286,.00564629,98.8375,305.9166,250.4493,109.0583,0,U,30267,999,802,.63907437E-3,.1476E-4,0
FENGYUN 1C DEB,1999-025YF,2026-08-16T15:50:09.807936,14.11372559,.00070683,98.6949,239.7330,175.6933,309.7174,0,U,30270,999,843,.3529567E-4,.21E-6,0
FENGYUN 1C DEB,1999-025YH,2026-08-16T04:23:29.169600,14.15731286,.00523117,98.8860,300.1128,123.9464,236.6699,0,U,30272,999,341,.5813931E-3,.1112E-4,0
FENGYUN 1C DEB,1999-025YJ,2026-08-16T19:56:04.293600,14.03054134,.00593055,98.8321,241.1205,281.0418,255.6753,0,U,30273,999,99993,.1908208E-3,.258E-5,0
FENGYUN 1C DEB,1999-025YK,2026-08-16T22:30:47.441376,14.56125801,.00032012,99.3151,30.1400,158.7652,1.0268,0,U,30274,999,1802,.10401357E-2,.4536E-4,0
FENGYUN 1C DEB,1999-025YL,2026-08-16T05:01:44.725152,14.48479543,.00383202,98.6221,322.0157,160.7619,229.9859,0,U,30275,999,1636,.90481157E-3,.3379E-4,0
FENGYUN 1C DEB,1999-025YM,2026-08-16T11:07:38.025984,14.28426294,.00263776,98.8462,308.2222,93.0952,267.3247,0,U,30276,999,1029,.61839944E-3,.1507E-4,0
FENGYUN 1C DEB,1999-025YN,2026-08-16T16:07:40.037088,14.14563442,.01218576,98.9558,305.1082,197.7931,318.5811,0,U,30277,999,276,.65396626E-3,.1303E-4,0
FENGYUN 1C DEB,1999-025YQ,2026-08-16T10:57:15.659136,14.23952063,.02181638,99.1688,178.5371,86.7331,29.2087,0,U,30279,999,1121,.32642721E-3,.907E-5,0
FENGYUN 1C DEB,1999-025YR,2026-08-16T12:18:35.853408,13.98527545,.00806946,98.7941,212.5674,5.3739,121.9084,0,U,30280,999,99855,.1071867E-3,.116E-5,0
FENGYUN 1C DEB,1999-025YS,2026-08-16T14:45:21.712032,14.10653224,.00274238,98.7750,217.3729,258.7052,226.1235,0,U,30281,999,702,.87251075E-4,.113E-5,0
FENGYUN 1C DEB,1999-025YT,2026-08-16T13:41:21.613920,14.13251368,.02099719,98.5086,224.8162,14.2467,103.2298,0,U,30282,999,836,.14517795E-3,.293E-5,0
FENGYUN 1C DEB,1999-025YU,2026-08-16T12:54:59.120928,14.02089192,.01848608,98.8811,220.8410,75.7448,52.2444,0,U,30283,999,150,-.88034292E-4,-.198E-5,0
FENGYUN 1C DEB,1999-025YV,2026-08-16T21:33:24.594912,14.30332775,.00384682,98.7058,302.3606,106.8223,306.5614,0,U,30284,999,1001,.75215741E-3,.1925E-4,0
FENGYUN 1C DEB,1999-025YX,2026-08-16T12:30:31.101120,14.12808485,.00644641,98.6937,230.6625,149.4980,340.4884,0,U,30286,999,941,.44907538E-4,.43E-6,0
FENGYUN 1C DEB,1999-025YY,2026-08-16T14:50:24.105120,13.69260592,.0413138,98.6171,242.6833,75.4404,44.1571,0,U,30287,999,97236,.48009186E-3,.725E-5,0
FENGYUN 1C DEB,1999-025YZ,2026-08-16T06:21:16.352640,14.34800011,.00196493,99.3938,335.8653,339.3091,50.7707,0,U,30288,999,1098,.65596671E-3,.1814E-4,0
FENGYUN 1C DEB,1999-025ZA,2026-08-15T12:46:06.922848,14.28078130,.0033247,98.9287,334.0144,341.2152,152.3656,0,U,30289,999,579,.87442E-3,.2139E-4,0
FENGYUN 1C DEB,1999-025ZB,2026-08-16T16:02:21.077664,14.95952571,.00143888,102.6127,118.6736,87.6477,329.8498,0,U,30290,999,1544,.2438843E-2,.27379E-3,0
FENGYUN 1C DEB,1999-025ZC,2026-08-16T15:00:30.996000,14.60461974,.01003065,97.2159,90.2755,312.8703,107.6757,0,U,30291,999,1292,.91501873E-3,.472E-4,0
FENGYUN 1C DEB,1999-025ZE,2026-08-16T20:49:39.597888,14.50210598,.00755733,99.2396,88.6651,99.7192,27.7106,0,U,30293,999,2556,.31430705E-3,.1212E-4,0
FENGYUN 1C DEB,1999-025ZF,2026-08-16T21:56:40.050816,14.35449108,.01956231,98.3751,214.8269,291.8564,95.2162,0,U,30294,999,2081,.12149146E-3,.382E-5,0
FENGYUN 1C DEB,1999-025ZG,2026-08-16T12:27:43.087680,14.25231586,.0094424,98.4913,248.2882,81.0000,72.1903,0,U,30295,999,1684,.73493098E-4,.14E-5,0
FENGYUN 1C DEB,1999-025ZJ,2026-08-16T10:55:09.136704,14.26576708,.03629305,98.8297,186.8226,119.6978,0.0305,0,U,30297,999,98665,.80667826E-3,.3876E-4,0
FENGYUN 1C DEB,1999-025ZK,2026-08-16T05:43:15.655296,14.21727270,.00489278,99.0005,328.6767,141.0961,250.1505,0,U,30298,999,328,.94926564E-3,.2066E-4,0
FENGYUN 1C DEB,1999-025ZL,2026-08-16T16:51:15.995808,14.08933225,.01031582,99.0817,307.7153,38.7224,112.3678,0,U,30299,999,99766,.52491687E-3,.908E-5,0
FENGYUN 1C DEB,1999-025ZM,2026-08-15T04:26:49.938144,14.29239245,.00691412,99.0332,310.0390,305.9957,83.0830,0,U,30300,999,458,.80503385E-3,.2052E-4,0
FENGYUN 1C DEB,1999-025ZN,2026-08-16T17:30:59.407200,14.61611451,.00578927,98.6418,34.2609,249.5687,122.3114,0,U,30301,999,816,.18325426E-2,.9285E-4,0
FENGYUN 1C DEB,1999-025ZP,2026-08-16T15:58:11.176896,14.14923996,.01028051,98.5464,130.8252,128.7737,232.2677,0,U,30302,999,99533,.79526769E-3,.1577E-4,0
FENGYUN 1C DEB,1999-025ZQ,2026-08-16T16:50:03.105312,14.28344466,.00715782,99.0121,318.5769,289.3084,70.0365,0,U,30303,999,479,.10103891E-2,.2546E-4,0
FENGYUN 1C DEB,1999-025ZR,2026-08-13T04:13:40.058112,14.16622257,.00740942,99.0206,305.8044,78.5165,282.4317,0,U,30304,999,258,.43412396E-3,.845E-5,0
FENGYUN 1C DEB,1999-025ZS,2026-08-16T17:59:55.712832,13.60339284,.02644213,98.5947,144.1370,174.2779,216.4214,0,U,30305,999,97132,.14038501E-3,.97E-6,0
FENGYUN 1C DEB,1999-025ZT,2026-08-16T18:49:04.684800,14.29366186,.01104981,98.5675,270.8128,353.1662,6.8007,0,U,30306,999,1197,.38288378E-3,.998E-5,0
FENGYUN 1C DEB,1999-025ZW,2026-08-16T03:38:57.704064,13.93684962,.00922159,99.1956,289.2883,242.5011,116.6753,0,U,30309,999,99465,.17521034E-3,.193E-5,0
FENGYUN 1C DEB,1999-025ZX,2026-08-16T17:21:13.047552,14.08999464,.0239832,98.6519,243.8509,17.3164,343.6012,0,U,30310,999,208,.25942718E-3,.542E-5,0
FENGYUN 1C DEB,1999-025ZY,2026-08-16T05:35:24.815904,13.78069118,.01636219,99.1366,319.7469,263.1892,95.0619,0,U,30311,999,98355,.25457268E-3,.239E-5,0
FENGYUN 1C DEB,1999-025ZZ,2026-08-16T04:53:03.010848,14.49558393,.00115853,98.8599,324.2277,183.6788,206.5883,0,U,30312,999,1486,.10494216E-2,.3983E-4,0
FENGYUN 1C DEB,1999-025AAA,2026-08-16T05:39:51.806592,14.27408906,.00543088,98.8702,322.6431,343.3170,44.1917,0,U,30313,999,600,.7789919E-3,.1895E-4,0
FENGYUN 1C DEB,1999-025AAB,2026-08-16T10:55:02.103744,14.02073060,.0143541,98.3983,44.7552,21.5926,339.1212,0,U,30314,999,99565,.33886461E-3,.527E-5,0
FENGYUN 1C DEB,1999-025AAC,2026-08-16T13:43:20.310240,14.19370173,.00353532,98.5992,235.8768,8.2554,113.8305,0,U,30315,999,1208,.14785787E-3,.27E-5,0
FENGYUN 1C DEB,1999-025AAD,2026-08-16T18:59:22.194240,14.60787127,.00322866,98.6555,346.2734,2.0889,358.0439,0,U,30316,999,1938,.92643405E-3,.4505E-4,0
FENGYUN 1C DEB,1999-025AAE,2026-08-16T13:25:02.739072,14.07059859,.00241824,98.7942,227.1998,303.6580,56.2282,0,U,30317,999,481,.13848167E-3,.189E-5,0
FENGYUN 1C DEB,1999-025AAH,2026-08-16T16:34:18.793056,13.98682755,.00849189,99.1568,293.0012,338.0348,173.9231,0,U,30320,999,99859,.42446645E-4,.17E-6,0
FENGYUN 1C DEB,1999-025AAJ,2026-08-16T22:53:01.052160,14.16926350,.00593222,98.6652,226.5039,247.3674,141.5525,0,U,30321,999,1045,.14908411E-3,.261E-5,0
FENGYUN 1C DEB,1999-025AAK,2026-08-16T12:55:54.336576,14.06937850,.01243126,98.3794,73.4526,271.2694,87.4238,0,U,30322,999,99669,.44295901E-3,.752E-5,0
FENGYUN 1C DEB,1999-025AAL,2026-08-16T00:13:16.269312,14.09180843,.00150828,98.7194,244.6122,278.4093,81.5367,0,U,30325,999,473,-.14018653E-4,-.67E-6,0
FENGYUN 1C DEB,1999-025AAM,2026-08-16T14:37:37.183296,13.85567228,.01427761,98.6216,101.7721,77.1661,284.5406,0,U,30326,999,98874,.94190337E-4,.78E-6,0
FENGYUN 1C DEB,1999-025AAN,2026-08-16T16:17:01.833216,14.19775447,.01149229,98.4307,116.2691,146.2822,273.3096,0,U,30327,999,99945,.86296632E-3,.1912E-4,0
FENGYUN 1C DEB,1999-025AAP,2026-08-16T19:24:03.792672,14.12588885,.00054841,98.6832,236.3858,166.2600,8.9884,0,U,30328,999,746,.52114508E-4,.54E-6,0
FENGYUN 1C DEB,1999-025AAQ,2026-08-16T17:16:13.108224,13.86955526,.01422964,99.2618,150.8218,92.9124,298.6016,0,U,30329,999,98834,.21402367E-3,.228E-5,0
FENGYUN 1C DEB,1999-025AAR,2026-08-16T10:21:44.184096,13.82844834,.0184068,98.9005,212.2050,240.4405,275.3760,0,U,30330,999,98066,.68240586E-3,.805E-5,0
FENGYUN 1C DEB,1999-025AAS,2026-08-16T21:08:02.122368,13.98081024,.00969594,98.9306,262.1099,46.2721,125.9336,0,U,30331,999,99572,-.26291717E-4,-.81E-6,0
FENGYUN 1C DEB,1999-025AAT,2026-08-16T10:41:10.706784,13.76945635,.01768725,99.7420,210.6561,181.9959,330.5107,0,U,30332,999,98110,.20612463E-3,.181E-5,0
FENGYUN 1C DEB,1999-025AAV,2026-08-03T05:55:29.897184,13.93321712,.0143388,99.0228,313.9282,65.8509,323.1719,0,U,30334,999,98472,.6936E-3,.944E-5,0
FENGYUN 1C DEB,1999-025AAW,2026-08-16T10:45:44.086752,14.01478324,.0135768,98.9185,219.0435,165.7642,347.5340,0,U,30335,999,43,.15871367E-3,.217E-5,0
FENGYUN 1C DEB,1999-025AAX,2026-08-16T13:54:51.753024,14.19632748,.00436421,98.5854,247.1872,16.0819,109.1422,0,U,30336,999,1101,.15842472E-3,.295E-5,0
FENGYUN 1C DEB,1999-025AAZ,2026-08-16T16:21:51.399360,14.49969451,.02645279,98.4364,303.8620,161.4019,352.0700,0,U,30338,999,1721,.65283705E-3,.3912E-4,0
FENGYUN 1C DEB,1999-025ABA,2026-08-16T19:42:28.662912,14.41577505,.00216966,98.9772,352.0422,77.3619,75.3808,0,U,30339,999,980,.10226656E-2,.3288E-4,0
FENGYUN 1C DEB,1999-025ABB,2026-08-16T03:36:09.706176,14.04701195,.0145645,98.9689,287.3783,167.8874,218.8694,0,U,30340,999,240,-.8702631E-5,-.59E-6,0
FENGYUN 1C DEB,1999-025ABC,2026-08-16T17:20:17.368800,14.37433635,.0050271,99.2114,138.7471,60.6909,327.7963,0,U,30341,999,626,.1253333E-2,.3755E-4,0
FENGYUN 1C DEB,1999-025ABD,2026-08-16T12:29:45.805056,13.80354141,.01671498,100.1930,72.1767,208.2516,208.6426,0,U,30342,999,98293,.32412167E-3,.325E-5,0
FENGYUN 1C DEB,1999-025ABF,2026-08-16T18:22:21.214848,14.56233981,.00084391,98.8158,328.9256,101.8977,49.4135,0,U,30344,999,1667,.10995109E-2,.4816E-4,0
FENGYUN 1C DEB,1999-025ABG,2026-08-16T16:05:16.428192,14.44472745,.00159943,98.9076,304.3685,224.3986,135.5922,0,U,30345,999,1336,.88896744E-3,.3026E-4,0
FENGYUN 1C DEB,1999-025ABH,2026-08-16T18:56:35.519136,14.36434957,.00529293,98.8106,335.5598,17.0566,134.2084,0,U,30346,999,956,.83866452E-3,.2452E-4,0
FENGYUN 1C DEB,1999-025ABJ,2026-08-16T09:38:18.805056,13.92888203,.01509551,98.3961,34.2319,67.7361,350.7775,0,U,30347,999,99394,.14614587E-3,.171E-5,0
FENGYUN 1C DEB,1999-025ABK,2026-08-16T18:10:29.875008,14.37469207,.00178885,98.8650,335.5658,10.2477,152.1484,0,U,30348,999,1076,.64814235E-3,.1896E-4,0
FENGYUN 1C DEB,1999-025ABL,2026-08-16T10:08:35.778048,14.12668451,.00886544,98.5977,185.6480,28.8527,90.5004,0,U,30349,999,99712,.94411435E-3,.1775E-4,0
FENGYUN 1C DEB,1999-025ABM,2026-08-16T08:41:35.420064,13.83276091,.02177093,98.1200,17.8819,348.8311,39.4147,0,U,30350,999,98391,.28143285E-3,.335E-5,0
FENGYUN 1C DEB,1999-025ABP,2026-08-16T12:06:59.699232,14.07742815,.00280737,98.7488,247.0602,344.6820,171.7412,0,U,30352,999,374,.15868758E-3,.227E-5,0
FENGYUN 1C DEB,1999-025ABS,2026-08-16T22:51:19.246176,14.19443119,.00524303,98.5919,230.7881,316.6531,72.7037,0,U,30355,999,845,.34212284E-3,.687E-5,0
FENGYUN 1C DEB,1999-025ABT,2026-08-16T12:52:51.701664,14.13631095,.00516526,98.6939,221.6851,306.1477,173.2046,0,U,30356,999,490,.31519189E-3,.559E-5,0
FENGYUN 1C DEB,1999-025ABU,2026-08-16T01:00:24.872256,14.05367565,.00492974,98.7844,252.8955,359.8212,28.0148,0,U,30357,999,261,-.53858712E-4,-.131E-5,0
FENGYUN 1C DEB,1999-025ABV,2026-08-16T11:34:27.223392,14.22090239,.00809587,98.5575,55.0851,202.4159,212.9656,0,U,30358,999,420,.69941853E-3,.1558E-4,0
FENGYUN 1C DEB,1999-025ABW,2026-08-15T15:17:09.862944,13.95433778,.0143209,101.6184,121.5413,88.9979,272.7577,0,U,30359,999,98497,.13403E-2,.1917E-4,0
FENGYUN 1C DEB,1999-025ABX,2026-08-16T16:09:45.011232,14.27975259,.00307567,98.7503,303.5999,146.2694,8.8743,0,U,30360,999,921,.58403657E-3,.1411E-4,0
FENGYUN 1C DEB,1999-025ABY,2026-08-14T13:27:20.289600,14.26303496,.0065324,98.5483,261.7496,37.0795,323.4872,0,U,30361,999,1106,.33398E-3,.777E-5,0
FENGYUN 1C DEB,1999-025ABZ,2026-08-16T07:49:55.122816,14.13537795,.0095703,99.0499,158.7880,9.3846,350.9086,0,U,30362,999,99650,.12706776E-2,.2455E-4,0
FENGYUN 1C DEB,1999-025ACA,2026-08-15T10:34:27.838272,14.18211283,.00782954,99.0185,307.3761,61.2344,299.6667,0,U,30363,999,288,.60153393E-3,.1229E-4,0
FENGYUN 1C DEB,1999-025ACB,2026-08-16T16:22:12.950112,14.20259631,.03210383,98.1255,130.2632,317.2911,69.0904,0,U,30364,999,99143,.99361184E-3,.3525E-4,0
FENGYUN 1C DEB,1999-025ACC,2026-08-16T12:12:05.582016,14.19500713,.01676648,98.6328,221.6041,118.9896,3.6223,0,U,30365,999,1094,.95687794E-4,.19E-5,0
FENGYUN 1C DEB,1999-025ACD,2026-08-16T18:35:34.384128,14.34137090,.00611788,98.9265,159.0983,215.7586,172.7867,0,U,30366,999,1864,.18740576E-3,.488E-5,0
FENGYUN 1C DEB,1999-025ACF,2026-08-16T06:54:06.331392,13.75528332,.01858234,99.1973,330.4755,17.9702,4.0875,0,U,30368,999,98051,.8616554E-4,.52E-6,0
FENGYUN 1C DEB,1999-025ACG,2026-08-16T22:13:52.832352,14.12246070,.00985136,98.7324,224.8076,212.6909,177.2598,0,U,30369,999,736,.11054063E-3,.17E-5,0
FENGYUN 1C DEB,1999-025ACH,2026-08-16T16:42:48.445920,14.20207387,.0098236,99.0375,294.9880,333.5687,157.4416,0,U,30370,999,598,.38818909E-3,.823E-5,0
FENGYUN 1C DEB,1999-025ACJ,2026-08-16T14:31:31.930752,14.31300526,.00060232,98.5546,272.9414,330.9105,181.0583,0,U,30371,999,1431,.40587029E-3,.1031E-4,0
FENGYUN 1C DEB,1999-025ACM,2026-08-16T23:31:23.833344,14.64682219,.00382174,99.2521,127.7424,134.3046,238.7594,0,U,30374,999,2537,.7306397E-3,.387E-4,0
FENGYUN 1C DEB,1999-025ACQ,2026-08-16T19:50:21.624288,13.99421498,.01177632,98.8806,246.0556,302.8370,234.3365,0,U,30377,999,99662,.36493267E-4,.13E-6,0
FENGYUN 1C DEB,1999-025ACS,2026-08-16T00:06:32.940288,14.08264966,.00352493,98.7496,240.3758,305.4272,83.3336,0,U,30379,999,276,.71990058E-4,.81E-6,0
FENGYUN 1C DEB,1999-025ACT,2026-08-16T15:47:38.747904,14.51225420,.01758997,98.8810,295.4955,192.8925,166.7741,0,U,30380,999,3145,.13748427E-3,.607E-5,0
FENGYUN 1C DEB,1999-025ACU,2026-08-16T13:37:42.957120,14.13820663,.00559841,98.7938,264.5926,93.7984,266.9593,0,U,30381,999,95653,.55970947E-3,.1033E-4,0
FENGYUN 1C DEB,1999-025ACV,2026-08-16T16:34:10.375968,14.26298716,.01526269,98.4765,264.3707,354.0870,127.8227,0,U,30382,999,1051,.34630826E-3,.895E-5,0
FENGYUN 1C DEB,1999-025ACY,2026-08-16T02:11:44.125152,14.39187213,.01237467,99.0591,267.9016,285.0813,100.2571,0,U,30385,999,2310,.97932661E-4,.277E-5,0
FENGYUN 1C DEB,1999-025ACZ,2026-08-16T14:34:13.032192,13.56307447,.03018686,98.6742,100.0100,235.8907,151.2274,0,U,30386,999,96175,.61540041E-3,.542E-5,0
FENGYUN 1C DEB,1999-025ADA,2026-08-16T20:04:17.413824,14.15303282,.0001654,98.6478,241.5016,95.9218,80.2914,0,U,30387,999,819,.12150844E-3,.194E-5,0
FENGYUN 1C DEB,1999-025ADB,2026-08-16T18:02:16.345248,14.20342031,.02209194,98.5841,247.5041,67.9188,344.7105,0,U,30388,999,934,.24518944E-3,.627E-5,0
FENGYUN 1C DEB,1999-025ADC,2026-08-16T18:14:50.049600,14.47502554,.00129799,98.8322,325.1796,195.2534,317.9230,0,U,30389,999,1354,.9614757E-3,.3491E-4,0
FENGYUN 1C DEB,1999-025ADD,2026-08-16T06:14:43.317312,14.31587867,.00674943,98.8161,319.9372,162.9378,260.7820,0,U,30390,999,909,.75173294E-3,.2006E-4,0
FENGYUN 1C DEB,1999-025ADE,2026-08-16T14:42:12.384576,14.17170310,.00692748,98.7607,276.0976,275.8327,237.1015,0,U,30391,999,362,.47244794E-3,.931E-5,0
FENGYUN 1C DEB,1999-025ADF,2026-08-16T13:19:28.352064,14.07964768,.01804245,98.7725,245.4110,21.3152,102.6819,0,U,30392,999,135,.27103962E-3,.492E-5,0
FENGYUN 1C DEB,1999-025ADG,2026-08-16T17:06:27.354240,13.99074971,.00699662,99.1331,291.0062,302.6391,180.6399,0,U,30393,999,99783,.83371405E-4,.78E-6,0
FENGYUN 1C DEB,1999-025ADH,2026-08-16T20:31:26.440896,13.95952066,.00897783,99.4087,267.6676,151.5446,23.1244,0,U,30394,999,99551,.34974104E-3,.449E-5,0
FENGYUN 1C DEB,1999-025ADJ,2026-08-16T13:38:59.401248,13.97009433,.01609022,98.9211,241.9855,65.7350,53.6221,0,U,30395,999,99469,.38892977E-3,.564E-5,0
FENGYUN 1C DEB,1999-025ADK,2026-08-16T12:01:27.111072,13.87241449,.01342329,98.2373,209.0506,166.8495,323.7896,0,U,30396,999,99000,.66976237E-4,.49E-6,0
FENGYUN 1C DEB,1999-025ADL,2026-08-16T08:13:52.804128,13.99454980,.01498711,98.4311,1.7188,120.3930,269.5525,0,U,30397,999,99213,.23006983E-3,.331E-5,0
FENGYUN 1C DEB,1999-025ADM,2026-08-16T16:20:09.284064,13.78918938,.01738103,99.6969,136.1228,12.1563,17.4899,0,U,30398,999,98160,.26773994E-3,.259E-5,0
FENGYUN 1C DEB,1999-025ADP,2026-08-15T18:18:45.462816,14.12522118,.02212082,99.1588,165.5140,5.8867,51.9948,0,U,30400,999,98985,.13737943E-2,.3155E-4,0
FENGYUN 1C DEB,1999-025ADQ,2026-08-16T16:05:24.490176,14.28175776,.01076447,98.9146,116.2283,131.1674,229.8853,0,U,30401,999,1829,.72820264E-4,.147E-5,0
FENGYUN 1C DEB,1999-025ADS,2026-08-16T10:57:22.875264,14.23495050,.00740064,99.0533,318.6551,37.8474,322.7875,0,U,30403,999,314,.73366911E-3,.1669E-4,0
FENGYUN 1C DEB,1999-025ADT,2026-08-15T16:53:14.088192,13.34656141,.03790037,99.8272,315.3079,262.6636,93.1276,0,U,30404,999,61317,.14794419E-2,.1069E-4,0
FENGYUN 1C DEB,1999-025ADU,2026-08-16T05:26:48.802272,14.30655570,.00507168,98.7945,329.6114,152.2927,238.2221,0,U,30405,999,912,.70342921E-3,.1819E-4,0
FENGYUN 1C DEB,1999-025ADV,2026-08-16T21:36:57.585600,13.59881277,.02802463,98.6100,95.2235,73.5282,301.8451,0,U,30406,999,96525,.10347575E-2,.964E-5,0
FENGYUN 1C DEB,1999-025ADX,2026-08-15T17:18:50.512608,14.38013918,.00467839,99.0207,202.7867,315.8964,221.8884,0,U,30408,999,65068,.18520426E-2,.563E-4,0
FENGYUN 1C DEB,1999-025ADY,2026-08-16T11:51:17.386272,14.04266128,.01678111,98.4941,204.7614,28.4925,92.4371,0,U,30409,999,99892,.25761104E-3,.424E-5,0
FENGYUN 1C DEB,1999-025AEA,2026-08-16T17:00:59.949216,14.09130780,.01214505,98.5715,132.3689,125.2276,236.0335,0,U,30411,999,99460,.63961105E-3,.1148E-4,0
FENGYUN 1C DEB,1999-025AEC,2026-08-16T21:42:33.194304,14.35226468,.00444381,102.0610,203.2176,292.9496,93.6756,0,U,30413,999,676,.10855356E-2,.3067E-4,0
FENGYUN 1C DEB,1999-025AED,2026-08-16T22:52:27.458976,14.36833319,.00557673,99.1003,44.4601,183.5235,176.5565,0,U,30414,999,626,.1006816E-2,.298E-4,0
FENGYUN 1C DEB,1999-025AEE,2026-08-16T20:53:40.856928,13.69538757,.02306818,99.6355,294.3759,355.5916,55.6206,0,U,30415,999,97260,.3866087E-3,.36E-5,0
FENGYUN 1C DEB,1999-025AEF,2026-08-16T19:21:13.962240,14.02799350,.00541742,98.8163,250.6046,219.8770,139.8411,0,U,30416,999,88,-.48265581E-4,-.118E-5,0
FENGYUN 1C DEB,1999-025AEG,2026-08-16T12:28:18.463296,14.14915286,.0064356,98.7109,217.3962,134.5019,352.0222,0,U,30417,999,872,.12923351E-3,.212E-5,0
FENGYUN 1C DEB,1999-025AEH,2026-08-16T11:45:17.266752,14.87611832,.01049081,98.8532,60.9428,48.8058,342.0779,0,U,30418,999,4257,.30864804E-3,.303E-4,0
FENGYUN 1C DEB,1999-025AEJ,2026-08-15T19:56:42.904896,14.18625826,.0053243,99.2595,190.0400,49.5173,10.3909,0,U,30419,999,838,.20188E-3,.376E-5,0
FENGYUN 1C DEB,1999-025AET,2026-08-16T17:27:20.988000,14.41539657,.00814439,98.8201,140.7037,325.2458,34.3425,0,U,30432,999,2292,.2519644E-3,.802E-5,0
FENGYUN 1C DEB,1999-025AEV,2026-08-16T11:09:15.653664,13.90860119,.01200219,99.0196,212.9206,280.4483,233.4516,0,U,30434,999,99136,.14502365E-3,.148E-5,0
FENGYUN 1C DEB,1999-025AEW,2026-08-16T15:20:56.175648,13.80816469,.02056565,99.0260,208.8795,171.8265,239.9087,0,U,30435,999,97566,.13457363E-2,.1622E-4,0
FENGYUN 1C DEB,1999-025AEX,2026-08-16T15:30:00.518976,14.24565578,.00957581,98.4118,117.1777,130.8881,259.9830,0,U,30436,999,99950,.11348342E-2,.2722E-4,0
FENGYUN 1C DEB,1999-025AEY,2026-08-16T22:06:51.549408,14.99501374,.00248341,98.8961,286.6614,29.3962,145.4298,0,U,30437,999,2876,.13910677E-2,.17145E-3,0
FENGYUN 1C DEB,1999-025AEZ,2026-08-16T11:35:56.870304,13.92895181,.01319314,98.7423,236.8437,228.0434,130.9425,0,U,30438,999,98740,.58787933E-3,.777E-5,0
FENGYUN 1C DEB,1999-025AFA,2026-08-16T13:16:50.100960,14.09135437,.00384641,98.7449,238.0501,359.2769,124.0780,0,U,30439,999,255,.25030613E-3,.395E-5,0
FENGYUN 1C DEB,1999-025AFC,2026-08-16T22:48:39.929760,13.77930931,.01825216,99.1254,313.8731,322.3001,36.5475,0,U,30441,999,98274,.24648573E-3,.236E-5,0
FENGYUN 1C DEB,1999-025AFD,2026-08-15T18:39:54.432576,14.30910421,.00516809,98.8668,330.8142,291.0028,68.5630,0,U,30442,999,677,.78155677E-3,.2036E-4,0
FENGYUN 1C DEB,1999-025AFE,2026-08-15T19:39:35.596800,14.39671054,.0025882,98.8577,187.5868,334.6927,25.2991,0,U,30443,999,971,.83081748E-3,.2563E-4,0
FENGYUN 1C DEB,1999-025AFG,2026-08-16T20:52:05.970720,14.49807523,.01037471,98.8623,197.3762,354.7467,5.2628,0,U,30445,999,2762,.30255272E-3,.1195E-4,0
FENGYUN 1C DEB,1999-025AFH,2026-08-16T16:41:49.676640,14.47282206,.00339625,98.6056,319.9228,74.5290,285.9648,0,U,30446,999,1747,.67168077E-3,.2429E-4,0
FENGYUN 1C DEB,1999-025AFJ,2026-08-16T15:43:58.687968,14.61272102,.00554612,98.9587,114.9161,1.1748,27.0169,0,U,30447,999,1688,.10379977E-2,.518E-4,0
FENGYUN 1C DEB,1999-025AFK,2026-08-16T05:38:16.746720,14.37522596,.00163087,98.8308,330.9493,10.1044,20.0634,0,U,30448,999,878,.70424049E-3,.2067E-4,0
FENGYUN 1C DEB,1999-025AFM,2026-08-16T14:09:56.043936,14.63599696,.01854303,98.0714,242.4813,151.7595,334.7574,0,U,30450,999,3145,.22055825E-3,.1415E-4,0
FENGYUN 1C DEB,1999-025AFP,2026-08-16T10:11:24.474048,14.73927638,.00409381,99.3368,47.1494,214.3368,171.5629,0,U,30452,999,1716,.15427618E-2,.10206E-3,0
FENGYUN 1C DEB,1999-025AFQ,2026-08-16T22:26:15.796320,14.26161248,.01126293,98.7980,306.6686,229.0546,186.3395,0,U,30453,999,757,.65586141E-3,.1633E-4,0
FENGYUN 1C DEB,1999-025AFR,2026-08-16T19:28:30.633024,14.18098391,.01642235,98.1341,183.2138,194.3832,195.4798,0,U,30454,999,99459,.10029622E-2,.2313E-4,0
FENGYUN 1C DEB,1999-025AFZ,2026-08-16T18:09:20.293632,14.06436511,.01382555,98.8365,216.0007,276.8234,261.0677,0,U,30462,999,261,.19818982E-4,-.9E-7,0
FENGYUN 1C DEB,1999-025AGB,2026-08-16T16:28:39.270432,14.10321224,.01080489,98.8031,279.2499,280.7824,203.0758,0,U,30464,999,540,.40892891E-4,.32E-6,0
FENGYUN 1C DEB,1999-025AGC,2026-08-16T18:31:30.114912,14.36059240,.0016415,98.8266,327.4753,27.4010,134.7464,0,U,30465,999,899,.68487366E-3,.1949E-4,0
FENGYUN 1C DEB,1999-025AGD,2026-08-16T16:28:32.227968,14.23562288,.01164041,98.6350,269.2778,28.6864,98.6611,0,U,30466,999,863,.42493093E-3,.994E-5,0
FENGYUN 1C DEB,1999-025AGE,2026-08-16T07:27:54.054720,14.18056780,.00647838,98.6588,254.8962,138.1344,284.3928,0,U,30467,999,659,.40901503E-3,.814E-5,0
FENGYUN 1C DEB,1999-025AGF,2026-08-16T05:01:06.006720,14.22209494,.00724855,98.9138,317.1772,53.2996,336.5323,0,U,30468,999,291,.54520368E-3,.1197E-4,0
FENGYUN 1C DEB,1999-025AGG,2026-08-16T11:37:24.437568,13.97162158,.01572567,98.4649,64.9686,200.2427,189.5419,0,U,30469,999,99151,.75636013E-3,.1135E-4,0
FENGYUN 1C DEB,1999-025AGJ,2026-08-16T18:15:59.820192,14.14951385,.00789953,99.0507,324.6099,276.5091,235.7471,0,U,30471,999,99934,.68477651E-3,.1318E-4,0
FENGYUN 1C DEB,1999-025AGK,2026-08-15T20:52:38.248032,14.58407794,.0035468,98.6592,343.1512,48.0809,71.8819,0,U,30472,999,1618,.96502E-3,.4462E-4,0
FENGYUN 1C DEB,1999-025AGM,2026-08-16T04:45:47.159136,14.40667648,.00228963,98.9226,322.1012,0.3365,29.6790,0,U,30474,999,936,.8210494E-3,.2582E-4,0
FENGYUN 1C DEB,1999-025AGN,2026-08-16T14:28:58.331424,14.16356928,.00405114,98.7725,271.5669,307.0508,207.1857,0,U,30475,999,443,.37041413E-3,.697E-5,0
FENGYUN 1C DEB,1999-025AGP,2026-08-16T01:52:17.029632,14.22198542,.00435097,99.1078,278.2754,317.9954,71.4977,0,U,30476,999,342,.6038451E-3,.1305E-4,0
FENGYUN 1C DEB,1999-025AGQ,2026-08-16T22:14:04.413408,13.24379525,.04296594,99.4199,294.0597,44.1007,128.3514,0,U,30477,999,93990,-.36902014E-3,-.296E-5,0
FENGYUN 1C DEB,1999-025AGS,2026-08-16T18:36:53.994816,14.33966890,.01660264,98.2176,236.4796,127.1653,323.2822,0,U,30480,999,2208,.11243477E-3,.323E-5,0
FENGYUN 1C DEB,1999-025AGT,2026-08-16T13:11:21.907968,14.39923349,.02204237,98.3253,244.2116,237.0301,277.3800,0,U,30481,999,2026,.13268989E-3,.501E-5,0
FENGYUN 1C DEB,1999-025AHB,2026-08-16T23:36:03.433248,14.16081956,.01381865,98.4621,236.7082,272.2474,115.4860,0,U,30489,999,885,.12552503E-3,.23E-5,0
FENGYUN 1C DEB,1999-025AHE,2026-08-16T20:35:53.631168,14.59398944,.00923943,102.3248,7.4240,128.0674,232.8891,0,U,30492,999,486,.21371476E-2,.10669E-3,0
FENGYUN 1C DEB,1999-025AHF,2026-08-15T23:52:22.199232,13.94163275,.01801388,98.5805,45.7214,254.2163,260.5445,0,U,30493,999,98525,.11112749E-2,.1645E-4,0
FENGYUN 1C DEB,1999-025AHG,2026-08-16T01:34:46.458336,13.80031459,.01841925,99.2619,263.4679,289.4964,68.6374,0,U,30494,999,97883,.57241972E-3,.63E-5,0
FENGYUN 1C DEB,1999-025AHH,2026-08-16T13:57:39.087360,12.95334462,.05935,102.2691,352.2976,120.9577,245.1224,0,U,30495,999,91868,.16197879E-2,.972E-5,0
FENGYUN 1C DEB,1999-025AHJ,2026-08-16T13:19:08.605344,14.98060832,.01210349,98.7839,169.4819,15.8328,344.6622,0,U,30496,999,4835,.46271966E-3,.6286E-4,0
FENGYUN 1C DEB,1999-025AHL,2026-08-16T16:44:38.446080,14.07350479,.01002327,99.2288,289.8746,189.5000,298.6819,0,U,30498,999,99241,.10556329E-2,.1811E-4,0
FENGYUN 1C DEB,1999-025AHN,2026-08-16T05:33:12.197952,14.27656229,.00641188,99.0730,333.5661,124.8681,305.0710,0,U,30500,999,192,.10785793E-2,.2671E-4,0
FENGYUN 1C DEB,1999-025AHP,2026-08-16T12:37:02.061120,14.26892089,.00393439,99.0932,233.5848,210.1798,279.7523,0,U,30501,999,436,.53247512E-3,.1256E-4,0
FENGYUN 1C DEB,1999-025AHR,2026-08-16T20:30:17.668224,14.16360909,.0008028,99.1826,85.3806,292.9592,80.2379,0,U,30503,999,845,.13450754E-3,.22E-5,0
FENGYUN 1C DEB,1999-025AHS,2026-08-16T14:02:19.695552,14.21027921,.01097561,98.9971,284.5629,231.3431,127.7885,0,U,30504,999,898,.24557102E-3,.519E-5,0
FENGYUN 1C DEB,1999-025AHT,2026-08-16T16:48:01.230336,14.23449771,.00617899,98.9173,316.4601,251.7948,264.8703,0,U,30505,999,427,.62296048E-3,.1397E-4,0
FENGYUN 1C DEB,1999-025AHU,2026-08-16T06:59:49.735968,14.08889365,.00706125,98.7595,231.3846,11.9411,0.9341,0,U,30506,999,294,.19059075E-3,.294E-5,0
FENGYUN 1C DEB,1999-025AHV,2026-08-14T03:30:51.236640,14.14068117,.0127377,98.9963,297.3121,204.5269,185.4990,0,U,30507,999,99951,.65628373E-3,.1304E-4,0
FENGYUN 1C DEB,1999-025AHX,2026-08-16T14:03:55.353312,14.08984524,.01016848,98.4567,90.2676,81.0313,308.3635,0,U,30509,999,99197,.74956714E-3,.1322E-4,0
FENGYUN 1C DEB,1999-025AHY,2026-08-16T15:08:18.450240,14.13958916,.00775876,99.2349,253.7142,192.6855,297.5848,0,U,30510,999,59,.67026357E-3,.1262E-4,0
FENGYUN 1C DEB,1999-025AJC,2026-08-16T19:37:43.826304,14.35151917,.01730202,98.3951,250.8356,78.0954,283.9573,0,U,30514,999,1766,.30895617E-3,.1E-4,0
FENGYUN 1C DEB,1999-025AJD,2026-08-16T02:05:17.951712,13.64537838,.04939235,98.4847,79.4690,141.0446,351.0632,0,U,30515,999,96689,.35232039E-3,.618E-5,0
FENGYUN 1C DEB,1999-025AJE,2026-08-16T19:05:26.802240,14.44660204,.00066752,98.8641,347.5873,267.1946,247.0066,0,U,30516,999,1278,.97077019E-3,.3318E-4,0
FENGYUN 1C DEB,1999-025AJJ,2026-08-16T06:17:03.236064,15.25073069,.00546585,98.7082,84.1750,349.5233,10.4858,0,U,30520,999,4786,.48053637E-3,.12454E-3,0
FENGYUN 1C DEB,1999-025AJK,2026-08-16T10:10:23.342592,14.59711753,.01326611,99.0200,29.4255,212.5635,146.7330,0,U,30521,999,3177,.29542726E-3,.153E-4,0
FENGYUN 1C DEB,1999-025AJM,2026-08-16T10:13:34.803264,14.28300510,.02431925,98.4922,204.9977,102.6937,46.4225,0,U,30523,999,1621,.10551336E-3,.314E-5,0
FENGYUN 1C DEB,1999-025AJN,2026-08-16T22:46:43.114368,13.94944123,.0198865,99.3227,48.1287,300.3193,57.8429,0,U,30524,999,97329,.18277567E-2,.2851E-4,0
FENGYUN 1C DEB,1999-025AJP,2026-08-16T12:53:14.967456,13.59223509,.02943821,98.5870,88.6443,24.4969,336.9843,0,U,30525,999,96469,.57936575E-3,.532E-5,0
FENGYUN 1C DEB,1999-025AJQ,2026-08-16T16:13:46.005024,13.50221882,.03057647,99.5350,305.9025,7.0326,353.4956,0,U,30526,999,95990,.24723782E-3,.168E-5,0
FENGYUN 1C DEB,1999-025AJR,2026-08-16T14:20:08.802240,13.31518821,.04089814,100.0454,271.9013,359.1660,152.4270,0,U,30527,999,94641,.41725259E-3,.273E-5,0
FENGYUN 1C DEB,1999-025AJS,2026-08-16T13:48:38.098944,14.13808982,.01424521,98.2082,83.5290,232.3950,154.0296,0,U,30528,999,623,.1595142E-3,.293E-5,0
FENGYUN 1C DEB,1999-025AJT,2026-08-16T03:32:21.484032,13.72260782,.02294286,98.4789,126.9655,282.6311,74.9276,0,U,30529,999,97387,.57562589E-3,.595E-5,0
FENGYUN 1C DEB,1999-025AJU,2026-08-16T18:57:15.238080,14.37120404,.01001651,98.3681,265.7569,118.0981,297.1022,0,U,30530,999,2334,.11464149E-3,.317E-5,0
FENGYUN 1C DEB,1999-025AJV,2026-08-16T20:05:01.282560,14.71145134,.00209869,102.3049,182.3340,253.3586,106.5300,0,U,30531,999,1310,.18719878E-2,.11489E-3,0
FENGYUN 1C DEB,1999-025AJX,2026-08-16T21:40:56.968032,14.59537495,.00749464,98.8450,17.7019,115.1715,35.4784,0,U,30533,999,1409,.14148211E-2,.694E-4,0
FENGYUN 1C DEB,1999-025AKD,2026-08-16T11:26:27.592800,14.56533496,.01133014,98.8965,230.0377,245.4481,113.4872,0,U,30539,999,2934,.15168453E-3,.676E-5,0
FENGYUN 1C DEB,1999-025AKE,2026-08-16T20:02:03.882624,14.34678019,.00517695,98.8872,348.6319,58.8349,92.4628,0,U,30540,999,826,.79236095E-3,.223E-4,0
FENGYUN 1C DEB,1999-025AKF,2026-08-16T13:37:36.169536,14.24051837,.00182468,98.6747,276.9187,89.8094,270.5176,0,U,30541,999,833,.41203116E-3,.905E-5,0
FENGYUN 1C DEB,1999-025AKG,2026-08-16T00:30:37.861056,14.07086613,.00279197,98.7639,254.5093,1.8411,28.0620,0,U,30542,999,367,.13181934E-3,.178E-5,0
FENGYUN 1C DEB,1999-025AKH,2026-08-16T17:08:54.369888,14.03907393,.0073159,98.8303,236.3022,63.0629,349.9864,0,U,30543,999,99970,-.40456775E-4,-.108E-5,0
FENGYUN 1C DEB,1999-025AKK,2026-08-16T10:53:01.374432,13.20934613,.04724632,98.9908,51.6498,132.9192,231.2599,0,U,30545,999,94187,.23504904E-3,.14E-5,0
FENGYUN 1C DEB,1999-025AKL,2026-08-16T15:39:49.931136,14.90754432,.00880428,98.8783,120.0888,92.2022,299.1835,0,U,30546,999,4132,.46424667E-3,.4838E-4,0
FENGYUN 1C DEB,1999-025AKM,2026-08-16T20:56:23.942112,14.38072210,.0094684,98.8804,85.4940,207.9407,164.6838,0,U,30547,999,2272,.10196745E-3,.276E-5,0
FENGYUN 1C DEB,1999-025AKN,2026-08-15T14:51:47.177856,14.28799973,.0067253,99.6751,156.4879,359.9066,123.1944,0,U,30548,999,17604,.76717E-3,.1928E-4,0
FENGYUN 1C DEB,1999-025AKP,2026-08-16T17:59:59.078976,14.00188552,.02848463,98.4896,336.5914,283.4330,73.5239,0,U,30549,999,98749,.57457237E-3,.1161E-4,0
FENGYUN 1C DEB,1999-025AKQ,2026-08-14T11:09:41.575392,14.03999936,.0130765,99.0465,125.5779,338.6073,196.7397,0,U,30550,999,98827,.9767E-3,.1621E-4,0
FENGYUN 1C DEB,1999-025AKS,2026-08-16T21:15:52.411392,14.60909159,.00127424,98.8448,21.0235,215.6607,144.3741,0,U,30552,999,1253,.14628923E-2,.7122E-4,0
FENGYUN 1C DEB,1999-025AKT,2026-08-16T07:17:14.750016,14.82295609,.001807,99.1327,0.6694,99.2837,261.0417,0,U,30553,999,2102,.12353942E-2,.9844E-4,0
FENGYUN 1C DEB,1999-025AKV,2026-08-16T15:24:48.875040,14.21991726,.00405125,98.7383,284.8889,279.9827,232.2418,0,U,30555,999,444,.54675245E-3,.1173E-4,0
FENGYUN 1C DEB,1999-025AKW,2026-08-16T10:02:12.950016,14.01642611,.00659315,98.7995,217.6849,273.3853,249.4716,0,U,30556,999,99712,.22070897E-3,.298E-5,0
FENGYUN 1C DEB,1999-025AKX,2026-08-16T03:08:33.688608,14.11791881,.00666747,98.9054,296.4816,255.4396,103.9374,0,U,30557,999,99776,.65699196E-3,.1178E-4,0
FENGYUN 1C DEB,1999-025AKY,2026-08-16T07:15:55.235232,13.29398399,.04226817,99.4745,354.4992,37.7995,325.2034,0,U,30558,999,94033,-.16959082E-3,-.167E-5,0
FENGYUN 1C DEB,1999-025ALA,2026-08-16T22:31:04.328256,14.17314127,.01142126,98.6784,221.6895,221.8898,167.5019,0,U,30560,999,871,.11347993E-3,.201E-5,0
FENGYUN 1C DEB,1999-025ALB,2026-08-16T15:48:55.540224,14.11536483,.00605607,98.7305,229.0165,132.4067,295.0256,0,U,30561,999,462,.17088111E-3,.273E-5,0
FENGYUN 1C DEB,1999-025ALC,2026-08-16T17:11:01.216320,14.24490875,.0056982,98.7483,300.3686,269.9413,216.6966,0,U,30562,999,507,.6542512E-3,.1497E-4,0
FENGYUN 1C DEB,1999-025ALE,2026-08-16T06:28:19.930368,14.06351484,.02018584,98.7903,238.1275,145.5956,229.9721,0,U,30564,999,99760,.23897892E-3,.433E-5,0
FENGYUN 1C DEB,1999-025ALF,2026-08-16T13:24:33.738912,14.11425374,.01414221,98.4459,89.2853,10.9935,19.4075,0,U,30565,999,99407,.72879586E-3,.1409E-4,0
FENGYUN 1C DEB,1999-025ALG,2026-08-16T16:28:47.412768,14.12690064,.00673241,99.1993,288.8554,208.6105,278.0192,0,U,30566,999,99868,.61948299E-3,.1126E-4,0
FENGYUN 1C DEB,1999-025ALH,2026-08-16T11:36:36.586656,14.09144656,.01078854,98.7932,218.0577,212.5776,301.7947,0,U,30567,999,248,.12158665E-3,.179E-5,0
FENGYUN 1C DEB,1999-025ALJ,2026-08-16T11:48:28.876896,14.60900619,.00171365,98.9469,62.3767,151.6015,239.3420,0,U,30568,999,1248,.10410062E-2,.5053E-4,0
FENGYUN 1C DEB,1999-025ALK,2026-08-16T09:35:36.428352,14.85872040,.00040919,98.7442,34.2040,29.5110,330.6333,0,U,30569,999,1847,.1608652E-2,.13977E-3,0
FENGYUN 1C DEB,1999-025ALL,2026-08-16T15:14:44.856096,14.14649159,.00344755,98.6908,259.8431,226.2607,255.6993,0,U,30570,999,482,.21615258E-3,.375E-5,0
FENGYUN 1C DEB,1999-025ALM,2026-08-16T15:38:56.421024,14.10907105,.00201598,98.7108,252.6010,254.1258,233.9031,0,U,30571,999,362,.14163239E-3,.212E-5,0
FENGYUN 1C DEB,1999-025ALN,2026-08-16T15:01:32.479104,14.09126116,.00212789,98.7484,256.3466,318.2240,165.4397,0,U,30572,999,234,.46289785E-4,.38E-6,0
FENGYUN 1C DEB,1999-025ALP,2026-08-16T17:14:19.485312,14.15307681,.00858235,99.2106,279.4115,299.6008,188.4533,0,U,30573,999,99689,.7881779E-3,.1542E-4,0
FENGYUN 1C DEB,1999-025ALQ,2026-08-16T21:39:19.422432,13.78875157,.02172459,99.3259,33.0685,55.8502,306.3045,0,U,30574,999,97173,.95905969E-3,.1123E-4,0
FENGYUN 1C DEB,1999-025ALR,2026-08-16T19:29:22.340832,14.41358247,.00526053,99.1751,342.3987,229.6963,282.1477,0,U,30575,999,1766,.40058102E-3,.1267E-4,0
FENGYUN 1C DEB,1999-025ALT,2026-08-16T13:40:45.161760,14.11524779,.00279103,98.7460,261.4572,303.5192,209.4987,0,U,30577,999,255,.21464109E-3,.348E-5,0
FENGYUN 1C DEB,1999-025ALV,2026-08-16T13:51:03.643200,14.05486932,.0053874,98.7888,250.9268,130.4309,0.9511,0,U,30579,999,99924,.21439765E-3,.311E-5,0
FENGYUN 1C DEB,1999-025ALZ,2026-08-16T14:02:16.884096,14.17519492,.01932721,99.1208,96.8616,336.9355,22.3228,0,U,30594,999,1010,.67020161E-4,.114E-5,0
FENGYUN 1C DEB,1999-025AMB,2026-08-16T17:43:44.372928,14.34907758,.02455338,98.4236,225.4997,273.1718,264.5890,0,U,30596,999,2101,.93872359E-4,.319E-5,0
FENGYUN 1C DEB,1999-025AME,2026-08-15T23:25:55.438176,14.20661336,.02994389,98.5973,238.2075,351.6196,8.0042,0,U,30599,999,661,.32148238E-3,.1037E-4,0
FENGYUN 1C DEB,1999-025AMF,2026-08-13T17:56:45.569760,14.11674294,.03136805,98.3907,159.5136,268.7320,87.7906,0,U,30600,999,97870,.72619521E-3,.2054E-4,0
FENGYUN 1C DEB,1999-025AMJ,2026-08-16T11:41:12.440256,13.84871450,.01800513,98.4005,230.7473,249.2723,266.5683,0,U,30603,999,98290,.64467459E-3,.786E-5,0
FENGYUN 1C DEB,1999-025AMK,2026-08-16T20:21:28.526976,14.24006539,.02086577,98.3767,257.5450,3.2782,172.1874,0,U,30604,999,1324,.1398601E-3,.357E-5,0
FENGYUN 1C DEB,1999-025AMM,2026-08-15T23:38:53.471904,14.59648608,.02088758,98.0916,237.0349,88.1550,303.9470,0,U,30606,999,2833,.43630783E-3,.2768E-4,0
FENGYUN 1C DEB,1999-025AMP,2026-08-16T23:13:44.419008,14.29558819,.00145758,98.6851,295.9986,164.8095,10.0714,0,U,30608,999,969,.49233737E-3,.1216E-4,0
FENGYUN 1C DEB,1999-025AMQ,2026-08-16T17:05:43.996128,14.12995347,.01178522,98.5625,139.5492,67.1127,294.2438,0,U,30609,999,99214,.96879627E-3,.1889E-4,0
FENGYUN 1C DEB,1999-025AMX,2026-08-16T01:10:27.761088,13.36572276,.03817132,98.6254,254.0965,357.5012,2.4206,0,U,30616,999,94990,.59700531E-3,.433E-5,0
FENGYUN 1C DEB,1999-025ANA,2026-08-16T18:44:42.831456,14.41686459,.0213999,98.2782,249.5059,31.9617,329.4349,0,U,30619,999,2497,.16611487E-3,.661E-5,0
FENGYUN 1C DEB,1999-025ANC,2026-08-16T18:39:46.405152,14.05253983,.0136233,98.7008,167.0609,332.8499,55.8327,0,U,30621,999,99058,.10082348E-2,.173E-4,0
FENGYUN 1C DEB,1999-025AND,2026-08-16T23:37:47.527968,14.34794540,.00689364,100.9922,311.5565,65.5572,108.9747,0,U,30622,999,72339,.14450008E-2,.4148E-4,0
FENGYUN 1C DEB,1999-025ANE,2026-08-16T21:27:53.347680,13.29553286,.04035209,98.8510,17.7959,217.4093,300.5026,0,U,30623,999,94500,.64508244E-3,.432E-5,0
FENGYUN 1C DEB,1999-025ANF,2026-08-15T13:36:45.298080,14.74000139,.0016792,98.8815,335.6479,221.8715,138.1207,0,U,30624,999,1095,.17021E-2,.11168E-3,0
FENGYUN 1C DEB,1999-025ANG,2026-08-16T21:35:42.134208,14.47057583,.00425914,98.9229,202.1683,287.7479,71.9065,0,U,30625,999,254,.17350664E-2,.6344E-4,0
FENGYUN 1C DEB,1999-025ANK,2026-08-16T20:50:51.312480,14.76532381,.00187799,99.3434,186.5649,197.6627,162.3928,0,U,30628,999,2103,.11542713E-2,.8011E-4,0
FENGYUN 1C DEB,1999-025ANL,2026-08-16T20:15:18.414432,14.66701901,.00089819,99.2550,359.7204,153.6175,358.3097,0,U,30629,999,1503,.14434184E-2,.7987E-4,0
FENGYUN 1C DEB,1999-025ANM,2026-08-14T01:40:18.453792,14.23212372,.00267814,99.1837,54.3439,96.4142,32.2394,0,U,30630,999,685,.30428575E-3,.643E-5,0
FENGYUN 1C DEB,1999-025ANP,2026-08-16T09:30:29.418048,14.72781402,.00161162,98.8354,24.1493,122.0220,267.7990,0,U,30632,999,1310,.15055376E-2,.9594E-4,0
FENGYUN 1C DEB,1999-025ANQ,2026-08-16T13:07:51.204288,14.05015363,.0128733,98.4020,80.6949,280.9862,107.3214,0,U,30633,999,99357,.384873E-3,.627E-5,0
FENGYUN 1C DEB,1999-025ANR,2026-08-16T23:25:58.284192,14.11469755,.01194097,99.3077,225.4924,127.1545,260.1432,0,U,30634,999,99103,.94041762E-3,.1776E-4,0
FENGYUN 1C DEB,1999-025ANW,2026-08-16T18:58:56.410752,14.35967063,.0061916,99.0263,356.5492,279.2431,80.1754,0,U,30639,999,259,.12308002E-2,.3605E-4,0
FENGYUN 1C DEB,1999-025ANX,2026-08-16T22:28:34.463136,14.15831277,.0081464,99.0430,308.7140,120.7924,296.8274,0,U,30640,999,99942,.61133553E-3,.1196E-4,0
FENGYUN 1C DEB,1999-025ANY,2026-08-16T21:15:25.708608,14.81464168,.01310897,98.9663,196.7830,67.8452,321.1718,0,U,30641,999,4189,.37785235E-3,.3361E-4,0
FENGYUN 1C DEB,1999-025APD,2026-08-16T12:10:55.553088,14.10188005,.00491343,98.6393,244.4114,52.2206,308.3401,0,U,30646,999,78,.28805607E-3,.474E-5,0
FENGYUN 1C DEB,1999-025APE,2026-08-16T19:51:39.888000,14.61763302,.00282612,98.9957,186.4383,138.1575,252.3641,0,U,30647,999,1593,.11444635E-2,.5688E-4,0
FENGYUN 1C DEB,1999-025APF,2026-08-16T18:35:52.083168,14.51549490,.00335697,98.6429,334.6783,99.4017,52.1955,0,U,30648,999,1447,.91273019E-3,.3632E-4,0
FENGYUN 1C DEB,1999-025APG,2026-08-16T05:39:30.933216,14.31403005,.00500969,98.8108,331.6684,170.0503,220.4561,0,U,30649,999,587,.75601799E-3,.1987E-4,0
FENGYUN 1C DEB,1999-025APH,2026-08-16T16:59:41.740800,14.15054768,.00710397,99.1890,281.5945,214.2208,267.1556,0,U,30650,999,99790,.67766468E-3,.1298E-4,0
FENGYUN 1C DEB,1999-025APJ,2026-08-16T16:02:07.138752,14.07881239,.00071908,98.7584,259.7329,293.2028,192.5510,0,U,30652,999,166,.5687254E-4,.54E-6,0
FENGYUN 1C DEB,1999-025APL,2026-08-16T18:28:46.427520,14.18044609,.00347962,99.2478,166.9881,118.4829,241.9857,0,U,30654,999,178,.50680368E-3,.997E-5,0
FENGYUN 1C DEB,1999-025APN,2026-08-16T11:55:03.018144,14.49046064,.00314204,99.0217,63.8430,72.3719,288.0900,0,U,30656,999,649,.8639186E-3,.325E-4,0
FENGYUN 1C DEB,1999-025APP,2026-08-16T05:56:30.033312,14.41539875,.00145138,98.8411,339.1728,337.5760,52.5151,0,U,30657,999,779,.86469761E-3,.2767E-4,0
FENGYUN 1C DEB,1999-025APQ,2026-08-16T12:11:50.843904,13.88205196,.01786744,98.4215,242.1442,268.1155,89.9534,0,U,30658,999,98107,.83111339E-3,.1088E-4,0
FENGYUN 1C DEB,1999-025APS,2026-08-16T18:58:00.668064,14.91050301,.01283318,98.1445,337.4237,244.7940,268.0033,0,U,30660,999,4462,.2744624E-3,.3108E-4,0
FENGYUN 1C DEB,1999-025APT,2026-08-16T12:15:24.259680,14.21309783,.0144692,99.4897,67.5708,69.8734,291.7942,0,U,30661,999,1408,.58326745E-4,.92E-6,0
FENGYUN 1C DEB,1999-025APU,2026-08-14T15:53:15.340704,14.23696564,.00311356,99.0357,294.4984,289.0877,224.2951,0,U,30662,999,114,.54171799E-3,.1196E-4,0
FENGYUN 1C DEB,1999-025APV,2026-08-16T04:10:43.548096,13.24759032,.06470792,99.2951,125.5524,260.2824,92.4678,0,U,30663,999,92309,.79112746E-3,.1022E-4,0
FENGYUN 1C DEB,1999-025APX,2026-08-16T22:12:18.540576,14.13607602,.00659426,99.2200,212.7616,228.8264,159.1570,0,U,30665,999,99461,.62818831E-3,.1162E-4,0
FENGYUN 1C DEB,1999-025APY,2026-08-16T18:04:56.542080,14.02795565,.00606105,98.8472,210.0644,174.6106,0.4413,0,U,30666,999,99573,.13178538E-3,.164E-5,0
FENGYUN 1C DEB,1999-025AQA,2026-08-16T17:17:33.008352,14.13648272,.00771407,99.1215,311.5050,271.0302,241.4045,0,U,30668,999,99543,.66738637E-3,.1249E-4,0
FENGYUN 1C DEB,1999-025AQB,2026-08-16T18:13:48.785952,14.03816168,.01158753,98.6400,158.1430,202.4673,188.5260,0,U,30669,999,98918,.5738778E-3,.918E-5,0
FENGYUN 1C DEB,1999-025AQC,2026-08-16T08:40:35.054976,14.15918668,.00402471,98.6781,271.7983,82.9832,340.0691,0,U,30670,999,620,.51969068E-4,.61E-6,0
FENGYUN 1C DEB,1999-025AQD,2026-08-16T21:03:09.592704,13.96291204,.01271033,99.2351,299.4230,80.3459,336.1597,0,U,30671,999,98643,.50304109E-3,.697E-5,0
FENGYUN 1C DEB,1999-025AQF,2026-08-16T21:12:35.284608,14.03571986,.00520716,98.8872,277.8030,173.2730,0.8151,0,U,30673,999,99998,.30067391E-3,.434E-5,0
FENGYUN 1C DEB,1999-025AQH,2026-08-16T11:45:30.156768,14.29033245,.00527557,98.7448,313.1349,166.6380,259.6480,0,U,30675,999,412,.75889962E-3,.1906E-4,0
FENGYUN 1C DEB,1999-025AQJ,2026-08-16T16:27:55.850112,13.74931636,.0469547,98.2877,27.7094,97.8588,267.6116,0,U,30676,999,97316,.41901889E-3,.862E-5,0
FENGYUN 1C DEB,1999-025AQK,2026-08-16T01:15:19.655712,14.39657993,.00655085,98.2363,268.6248,181.0822,241.1914,0,U,30677,999,1511,.52255453E-3,.1634E-4,0
FENGYUN 1C DEB,1999-025AQL,2026-08-16T21:51:42.742368,14.27413621,.0066944,99.0763,203.5421,239.0849,148.0040,0,U,30678,999,99398,.11911944E-2,.2945E-4,0
FENGYUN 1C DEB,1999-025AQM,2026-08-16T10:28:10.400736,13.80030236,.01723395,99.3561,282.7582,146.5351,228.8081,0,U,30679,999,97922,.28568528E-3,.289E-5,0
FENGYUN 1C DEB,1999-025AQN,2026-08-15T01:54:20.073600,13.57631871,.03146336,99.6475,270.0230,268.8842,87.6240,0,U,30680,999,95581,.26632726E-2,.2594E-4,0
FENGYUN 1C DEB,1999-025AQR,2026-08-15T23:58:50.613024,14.01251347,.0135149,99.4049,251.9730,271.8390,115.6046,0,U,30683,999,98999,.76190991E-3,.1193E-4,0
FENGYUN 1C DEB,1999-025AQS,2026-08-15T02:03:04.911264,13.67286669,.02344241,99.5135,269.7987,359.8796,0.2257,0,U,30684,999,96981,.48510577E-3,.448E-5,0
FENGYUN 1C DEB,1999-025AQU,2026-08-16T21:06:44.725248,14.76315335,.01391709,99.0116,96.2177,69.6300,58.9223,0,U,30686,999,3246,.37520432E-3,.298E-4,0
FENGYUN 1C DEB,1999-025AQW,2026-08-16T17:05:27.753792,14.34607869,.00137191,98.6890,308.2592,309.5728,201.9264,0,U,30688,999,800,.66374319E-3,.1833E-4,0
FENGYUN 1C DEB,1999-025AQX,2026-08-16T11:31:44.158944,14.12130972,.01112778,98.7292,212.9967,121.5741,7.8597,0,U,30689,999,364,.19080396E-3,.329E-5,0
FENGYUN 1C DEB,1999-025AQY,2026-08-14T19:47:20.231808,14.03459053,.01030312,99.1665,163.8924,118.0733,307.1037,0,U,30690,999,99144,.46596639E-3,.72E-5,0
FENGYUN 1C DEB,1999-025AQZ,2026-08-15T12:18:24.971328,13.90077697,.0136779,98.7419,229.1563,280.5299,206.5841,0,U,30691,999,98530,.51372E-3,.642E-5,0
FENGYUN 1C DEB,1999-025ARB,2026-08-16T10:51:59.260608,14.13558634,.00287847,98.7082,211.7977,183.3394,176.7591,0,U,30693,999,418,.14880987E-3,.239E-5,0
FENGYUN 1C DEB,1999-025ARC,2026-08-16T13:15:37.918080,14.91328936,.01198153,99.0636,235.2339,227.1983,131.9111,0,U,30694,999,3769,.14794543E-3,.1606E-4,0
FENGYUN 1C DEB,1999-025ARE,2026-08-16T15:42:06.947712,14.46038046,.00887748,98.3637,279.4171,97.3662,31.5880,0,U,30696,999,1858,.40392128E-3,.1466E-4,0
FENGYUN 1C DEB,1999-025ARF,2026-08-16T15:34:16.835808,14.14647041,.00862257,98.8908,289.4433,204.2918,308.7648,0,U,30697,999,99750,.61651758E-3,.1184E-4,0
FENGYUN 1C DEB,1999-025ARH,2026-08-16T08:51:28.654560,14.50695598,.00029858,99.3272,18.3679,209.9015,150.2006,0,U,30699,999,1186,.8674476E-3,.3357E-4,0
FENGYUN 1C DEB,1999-025ARJ,2026-08-16T07:00:47.191104,14.23993248,.0087015,98.5193,254.2863,144.4371,216.2650,0,U,30700,999,1072,.93387594E-4,.181E-5,0
FENGYUN 1C DEB,1999-025ARK,2026-08-16T19:58:35.471136,14.13949634,.0035623,98.6858,268.5721,117.2502,297.6619,0,U,30701,999,612,.96235E-5,-.24E-6,0
FENGYUN 1C DEB,1999-025ARL,2026-08-13T16:30:47.016288,14.04211012,.00700075,98.7571,241.8241,338.7784,88.2506,0,U,30702,999,99585,.34680856E-3,.52E-5,0
FENGYUN 1C DEB,1999-025ARM,2026-08-16T06:34:34.878720,14.20345133,.01148837,99.1566,226.6555,311.5507,58.7142,0,U,30703,999,34,.4948788E-3,.1084E-4,0
FENGYUN 1C DEB,1999-025ARN,2026-08-16T23:29:12.592608,14.02229738,.0082355,98.8831,226.3113,130.5964,256.2822,0,U,30704,999,99576,.11672735E-4,-.24E-6,0
FENGYUN 1C DEB,1999-025ARP,2026-08-15T00:01:40.692288,13.82502555,.01982605,102.1947,47.0824,60.3493,88.8645,0,U,30705,999,97397,.68743901E-3,.799E-5,0
FENGYUN 1C DEB,1999-025ARQ,2026-08-16T16:19:27.985728,14.27285724,.00265021,99.0484,136.9472,135.0091,225.3242,0,U,30706,999,1149,.30989673E-3,.714E-5,0
FENGYUN 1C DEB,1999-025ARR,2026-08-16T21:26:28.887360,14.28151843,.00277744,99.3976,306.8321,85.9161,327.9507,0,U,30707,999,325,.67837857E-3,.1645E-4,0
FENGYUN 1C DEB,1999-025ARS,2026-08-16T12:37:17.955264,14.12310403,.00076171,98.6833,239.5598,211.6756,300.4257,0,U,30708,999,276,.60045385E-4,.68E-6,0
FENGYUN 1C DEB,1999-025ART,2026-08-16T22:12:57.695328,14.19552053,.00794836,99.1556,219.7200,289.4690,69.7910,0,U,30709,999,99501,.89574563E-3,.1902E-4,0
FENGYUN 1C DEB,1999-025ARU,2026-08-16T17:36:56.386080,13.96054691,.02187606,102.7476,216.3992,219.0007,317.5150,0,U,30710,999,98233,.78802257E-3,.1246E-4,0
FENGYUN 1C DEB,1999-025ARY,2026-08-15T08:54:02.335104,14.03723541,.006469,98.8113,273.5728,318.8312,175.5763,0,U,30714,999,99438,.39749087E-3,.594E-5,0
FENGYUN 1C DEB,1999-025ARZ,2026-08-16T16:35:03.670944,14.16018260,.00661647,98.9621,304.2529,185.8048,174.2366,0,U,30715,999,99675,.79160904E-3,.155E-4,0
FENGYUN 1C DEB,1999-025ASA,2026-08-16T21:46:24.759264,14.94375655,.00163653,98.8594,85.8048,25.3638,100.0746,0,U,30716,999,1497,.17403958E-2,.18752E-3,0
FENGYUN 1C DEB,1999-025ASB,2026-08-16T15:47:56.014944,14.21878247,.00448249,99.0055,309.3628,270.0098,89.5942,0,U,30717,999,36,.59212857E-3,.1272E-4,0
FENGYUN 1C DEB,1999-025ASC,2026-08-16T11:13:11.947296,14.25831245,.00566468,98.8827,316.9397,163.0191,197.2901,0,U,30718,999,254,.64349411E-3,.1511E-4,0
FENGYUN 1C DEB,1999-025ASD,2026-08-16T06:16:13.172448,14.67122452,.00108944,98.8968,34.2986,150.1365,210.0461,0,U,30719,999,1043,.1436116E-2,.8028E-4,0
FENGYUN 1C DEB,1999-025ASE,2026-08-16T18:07:26.539392,14.29960295,.00310832,99.0462,56.5858,335.5262,38.4747,0,U,30720,999,980,.25217718E-3,.606E-5,0
FENGYUN 1C DEB,1999-025ASF,2026-08-16T16:22:02.671968,14.82979252,.00212864,98.7201,25.0661,277.5501,214.2818,0,U,30721,999,1471,.14295202E-2,.1161E-3,0
FENGYUN 1C DEB,1999-025ASH,2026-08-16T12:32:08.479104,14.44439492,.00141251,98.8407,328.7130,238.9483,250.2289,0,U,30723,999,929,.10385377E-2,.354E-4,0
FENGYUN 1C DEB,1999-025ASJ,2026-08-16T12:49:01.608960,14.37553785,.00919543,99.3067,78.5580,261.7719,127.3986,0,U,30724,999,1991,.13604536E-3,.374E-5,0
FENGYUN 1C DEB,1999-025ASK,2026-08-16T17:21:42.476256,14.17298463,.00869013,98.9937,305.3504,50.2510,100.7772,0,U,30725,999,99845,.65244784E-3,.1323E-4,0
FENGYUN 1C DEB,1999-025ASL,2026-08-16T12:22:19.008192,14.10180568,.00767955,99.2672,242.5560,259.0534,254.5995,0,U,30726,999,99460,.46297653E-3,.794E-5,0
FENGYUN 1C DEB,1999-025ASN,2026-08-16T10:45:25.802784,14.23558412,.00995496,98.5306,232.6949,83.2308,278.0187,0,U,30728,999,1196,.39192284E-4,.52E-6,0
FENGYUN 1C DEB,1999-025ASQ,2026-08-16T14:45:43.751808,14.26472033,.00778122,98.5977,268.4067,49.8502,101.4912,0,U,30730,999,514,.34520404E-3,.815E-5,0
FENGYUN 1C DEB,1999-025ASR,2026-08-15T17:43:47.216352,14.44888922,.00129056,98.8535,321.8739,226.3773,286.3841,0,U,30731,999,899,.86664453E-3,.2973E-4,0
FENGYUN 1C DEB,1999-025ASS,2026-08-16T19:04:50.892672,14.04160875,.01227343,98.7902,246.0996,237.3667,300.4035,0,U,30732,999,99658,.33702807E-3,.528E-5,0
FENGYUN 1C DEB,1999-025ASV,2026-08-16T17:27:21.844224,14.25432403,.00577819,98.7500,304.0974,248.1992,242.0246,0,U,30735,999,258,.6552716E-3,.1529E-4,0
FENGYUN 1C DEB,1999-025ASW,2026-08-15T07:35:43.116000,13.62361997,.02799735,98.7626,245.8783,132.1419,245.3470,0,U,30736,999,96196,.79126311E-3,.762E-5,0
FENGYUN 1C DEB,1999-025ASX,2026-08-16T21:55:10.000416,14.18551722,.00241114,98.6031,208.4881,137.8414,250.8885,0,U,30737,999,533,.15013571E-3,.269E-5,0
FENGYUN 1C DEB,1999-025ASZ,2026-08-16T10:18:47.132352,14.15270583,.01003162,98.7127,214.6400,332.1490,181.9804,0,U,30739,999,340,.17440767E-3,.312E-5,0
FENGYUN 1C DEB,1999-025ATA,2026-08-16T06:24:09.595872,14.56387519,.00307687,98.6971,347.8932,105.1111,255.3493,0,U,30740,999,1223,.10181772E-2,.4498E-4,0
FENGYUN 1C DEB,1999-025ATB,2026-08-16T11:40:51.641184,14.13366962,.0007044,98.6774,235.3517,129.8874,24.7660,0,U,30741,999,290,.74566497E-4,.97E-6,0
FENGYUN 1C DEB,1999-025ATC,2026-08-16T16:22:31.703232,14.11385041,.00698437,98.8538,274.7245,248.1645,237.8033,0,U,30742,999,99524,.56102655E-3,.994E-5,0
FENGYUN 1C DEB,1999-025ATE,2026-08-16T11:44:46.200768,15.27445133,.0008329,98.7315,52.5962,211.2981,202.7886,0,U,30744,999,1798,.3573278E-2,.97155E-3,0
FENGYUN 1C DEB,1999-025ATG,2026-08-16T11:38:19.840704,14.28020743,.00456483,99.0606,63.1725,326.8327,62.8472,0,U,30746,999,967,.20757392E-3,.473E-5,0
FENGYUN 1C DEB,1999-025ATK,2026-08-16T13:00:05.700960,13.99891195,.00575229,98.8617,252.8838,264.2515,95.2090,0,U,30749,999,99419,-.67290293E-4,-.143E-5,0
FENGYUN 1C DEB,1999-025ATL,2026-08-16T16:42:48.516768,14.30525827,.00407309,98.9098,313.9410,100.2356,55.5522,0,U,30750,999,308,.75277327E-3,.1934E-4,0
FENGYUN 1C DEB,1999-025ATM,2026-08-16T16:27:11.273760,14.16329603,.00533331,98.8389,291.0748,110.9730,40.9043,0,U,30751,999,99770,.61595167E-3,.1196E-4,0
FENGYUN 1C DEB,1999-025ATP,2026-08-16T19:47:01.105440,14.13407079,.00554439,98.7884,268.1496,14.8235,345.4548,0,U,30753,999,99841,.56355248E-3,.1031E-4,0
FENGYUN 1C DEB,1999-025ATR,2026-08-16T22:41:46.224096,14.45938957,.01485272,98.2726,222.2006,236.6709,151.6325,0,U,30755,999,2002,.15498438E-3,.581E-5,0
FENGYUN 1C DEB,1999-025ATS,2026-08-16T17:10:44.328576,14.19601635,.00700641,98.9771,304.3985,333.5976,178.0704,0,U,30756,999,99907,.59479057E-3,.124E-4,0
FENGYUN 1C DEB,1999-025ATU,2026-08-16T06:55:18.317280,14.18101058,.00393581,99.0376,355.9014,24.7402,4.3293,0,U,30758,999,99984,.45269206E-3,.89E-5,0
FENGYUN 1C DEB,1999-025ATV,2026-08-16T20:32:01.152960,14.59712322,.00095231,99.2676,9.1161,145.3612,8.7477,0,U,30759,999,1255,.1248641E-2,.5905E-4,0
FENGYUN 1C DEB,1999-025ATW,2026-08-16T10:35:46.976352,14.05350206,.00533269,98.8337,223.6436,12.5859,347.6626,0,U,30760,999,99687,.37747513E-4,.19E-6,0
FENGYUN 1C DEB,1999-025ATX,2026-08-16T18:53:28.257504,14.36897204,.00826329,98.9766,170.1051,308.7492,50.6329,0,U,30761,999,1289,.36257802E-3,.1066E-4,0
FENGYUN 1C DEB,1999-025ATY,2026-08-16T10:26:50.061696,13.98409272,.01974512,98.8921,216.6207,332.9371,181.2150,0,U,30762,999,99085,.25927667E-3,.394E-5,0
FENGYUN 1C DEB,1999-025ATZ,2026-08-16T22:43:20.769888,14.71276203,.00195268,98.8870,325.8109,219.1565,200.8728,0,U,30763,999,765,.19842062E-2,.12247E-3,0
FENGYUN 1C DEB,1999-025AUA,2026-08-16T19:25:28.177824,15.53852355,.00438022,98.7796,254.0922,35.6468,324.7693,0,U,30764,999,5027,.77829133E-3,.52319E-3,0
FENGYUN 1C DEB,1999-025AUB,2026-08-15T01:40:45.012288,14.15365953,.00666281,98.7648,274.0539,228.5121,161.3873,0,U,30765,999,269,.33977953E-3,.633E-5,0
FENGYUN 1C DEB,1999-025AUC,2026-08-12T05:45:53.084736,14.10082050,.00837303,98.6804,221.0094,106.0935,266.7088,0,U,30766,999,66214,.22808968E-3,.375E-5,0
FENGYUN 1C DEB,1999-025AUE,2026-08-16T19:02:26.562336,14.51234967,.00250129,98.6162,328.9297,72.6959,82.9928,0,U,30768,999,1451,.92995508E-3,.3665E-4,0
FENGYUN 1C DEB,1999-025AUG,2026-08-16T06:37:22.365984,14.15956679,.00125191,98.6558,232.2919,301.5559,70.7835,0,U,30770,999,387,.1519438E-3,.257E-5,0
FENGYUN 1C DEB,1999-025AUH,2026-08-16T22:11:16.460448,14.46780605,.00197413,98.9130,221.2552,282.7164,77.1820,0,U,30771,999,630,.10154135E-2,.3638E-4,0
FENGYUN 1C DEB,1999-025AUL,2026-08-16T12:45:05.738688,14.34509405,.00182247,98.8341,325.4000,41.1022,332.4715,0,U,30802,999,737,.67638788E-3,.1865E-4,0
FENGYUN 1C DEB,1999-025AUM,2026-08-16T16:15:29.261664,14.12323463,.0103992,99.2289,274.1442,230.2280,254.4039,0,U,30803,999,99483,.70400104E-3,.1317E-4,0
FENGYUN 1C DEB,1999-025AUN,2026-08-16T04:38:27.791808,14.55504643,.01837326,98.8737,314.1311,162.1748,229.3707,0,U,30804,999,3056,.238503E-3,.1242E-4,0
FENGYUN 1C DEB,1999-025AUP,2026-08-16T16:09:14.068800,14.03393810,.00712434,98.7987,268.4481,316.0376,168.9265,0,U,30805,999,99423,.26320757E-3,.378E-5,0
FENGYUN 1C DEB,1999-025AUQ,2026-08-16T20:06:57.912192,13.70897334,.02669592,99.0201,245.6505,199.4551,337.6282,0,U,30806,999,97080,.50687975E-3,.541E-5,0
FENGYUN 1C DEB,1999-025AUT,2026-08-16T11:43:13.030464,14.31044634,.00512144,98.7863,324.8925,169.5947,190.6308,0,U,30809,999,609,.72955195E-3,.1904E-4,0
FENGYUN 1C DEB,1999-025AUU,2026-08-16T10:50:14.851392,14.07621498,.01757027,98.6769,34.9738,79.3732,282.7172,0,U,30810,999,97850,.18363534E-2,.3531E-4,0
FENGYUN 1C DEB,1999-025AUV,2026-08-15T00:00:46.224000,13.62558574,.02791523,98.7622,247.0897,124.8684,237.9048,0,U,30811,999,96206,.7892582E-3,.761E-5,0
FENGYUN 1C DEB,1999-025AUY,2026-08-16T23:17:39.477120,14.66468111,.00281462,99.0905,235.6444,192.0674,198.3361,0,U,30814,999,1359,.10306732E-2,.5685E-4,0
FENGYUN 1C DEB,1999-025AUZ,2026-08-16T19:40:37.175808,14.85965622,.0001571,99.3004,68.7748,111.1698,261.3313,0,U,30815,999,1401,.144808E-2,.12595E-3,0
FENGYUN 1C DEB,1999-025AVA,2026-08-16T03:43:42.267648,14.19403343,.00525859,98.8999,304.6714,71.6200,318.7861,0,U,30816,999,99888,.72548353E-3,.1502E-4,0
FENGYUN 1C DEB,1999-025AVB,2026-08-16T10:32:12.267168,14.00866237,.00575768,98.7849,214.2340,279.1155,80.3499,0,U,30817,999,99363,.78405925E-4,.76E-6,0
FENGYUN 1C DEB,1999-025AVE,2026-08-16T18:15:42.168672,14.23156458,.00523694,98.6763,326.1604,189.6310,322.2368,0,U,30820,999,99935,.10543975E-2,.2372E-4,0
FENGYUN 1C DEB,1999-025AVF,2026-08-16T23:02:36.826944,14.50831644,.00850321,99.1329,36.8600,186.0700,327.2770,0,U,30821,999,2372,.34461865E-3,.1367E-4,0
FENGYUN 1C DEB,1999-025AVG,2026-08-16T20:05:36.778272,14.11621555,.00726516,98.7139,255.0136,304.0532,232.8493,0,U,30822,999,183,.1705875E-3,.274E-5,0
FENGYUN 1C DEB,1999-025AVH,2026-08-15T20:45:46.964160,14.02818309,.01342919,98.7960,5.1165,116.3927,34.5320,0,U,30823,999,99484,.56432268E-4,.53E-6,0
FENGYUN 1C DEB,1999-025AVL,2026-08-16T21:41:27.988224,14.84565091,.01384364,98.8453,95.8918,291.1282,80.0545,0,U,30826,999,3951,.18602564E-3,.1782E-4,0
FENGYUN 1C DEB,1999-025AVM,2026-08-13T11:01:27.948000,14.41414313,.00421992,99.0130,228.4574,177.3072,182.8351,0,U,30827,999,44,.84992553E-3,.2737E-4,0
FENGYUN 1C DEB,1999-025AVN,2026-08-16T19:18:11.521728,14.82331449,.01939922,98.3924,351.6493,107.0221,255.2347,0,U,30828,999,2296,.67862417E-3,.7485E-4,0
FENGYUN 1C DEB,1999-025AVP,2026-08-14T09:55:57.859968,14.08970323,.0036089,98.7919,217.8649,4.8936,355.2580,0,U,30829,999,99878,.22372E-3,.346E-5,0
FENGYUN 1C DEB,1999-025AVQ,2026-08-15T21:36:48.386592,14.12457777,.0030067,98.7485,215.2368,208.9136,219.1541,0,U,30830,999,71,.12416175E-3,.187E-5,0
FENGYUN 1C DEB,1999-025AVR,2026-08-11T05:57:28.177056,14.31592742,.0055696,99.3535,39.1240,58.4794,302.1811,0,U,30831,999,68705,.16295E-3,.391E-5,0
FENGYUN 1C DEB,1999-025AVT,2026-08-16T07:41:11.687424,14.27235394,.00320929,99.8689,50.4312,206.8624,153.0892,0,U,30833,999,67928,.13336018E-3,.273E-5,0
FENGYUN 1C DEB,1999-025AVW,2026-08-14T07:13:46.708320,14.12217153,.0024888,98.7204,257.5758,270.4132,89.4188,0,U,30836,999,65455,.17158E-3,.273E-5,0
FENGYUN 1C DEB,1999-025AVX,2026-08-16T10:07:00.886656,14.14809772,.00327607,98.6997,213.1483,147.7242,6.6484,0,U,30837,999,298,.15396046E-3,.256E-5,0
FENGYUN 1C DEB,1999-025AVY,2026-08-16T19:16:46.605216,14.51708131,.00337161,99.0408,165.6321,135.6907,224.6994,0,U,30838,999,890,.99429942E-3,.3971E-4,0
FENGYUN 1C DEB,1999-025AWA,2026-08-16T12:02:26.188800,14.63063795,.02105882,98.0179,237.8779,313.8528,44.5438,0,U,30840,999,76737,.24602115E-3,.1679E-4,0
FENGYUN 1C DEB,1999-025AWD,2026-08-16T13:33:24.799104,14.52850976,.01484819,98.8247,318.1407,92.4230,269.3973,0,U,30843,999,2874,.68439841E-4,.268E-5,0
FENGYUN 1C DEB,1999-025AWF,2026-08-16T10:37:39.852768,13.77032144,.01921326,98.3962,205.1896,322.7544,190.8487,0,U,30845,999,97638,.14739175E-3,.129E-5,0
FENGYUN 1C DEB,1999-025AWG,2026-08-16T12:31:32.096064,14.42725853,.00526934,99.3234,69.4865,333.9039,54.9203,0,U,30846,999,1478,.29963266E-3,.961E-5,0
FENGYUN 1C DEB,1999-025AWH,2026-08-16T22:41:20.610816,14.18659535,.00612391,98.7537,30.2883,340.2364,171.1664,0,U,30847,999,99558,.73016471E-3,.1498E-4,0
FENGYUN 1C DEB,1999-025AWJ,2026-08-16T13:31:52.271616,14.35852539,.004268,99.0447,80.4721,335.4468,24.4684,0,U,30848,999,848,.44588014E-3,.1257E-4,0
FENGYUN 1C DEB,1999-025AWK,2026-08-14T15:59:19.958208,14.20091019,.0048146,99.0319,296.6475,30.0667,132.4365,0,U,30849,999,99847,.48696205E-3,.1003E-4,0
FENGYUN 1C DEB,1999-025AWL,2026-08-16T01:41:53.676096,14.17960324,.01064827,98.3869,84.9073,203.9691,310.6408,0,U,30850,999,99287,.83156628E-3,.1759E-4,0
FENGYUN 1C DEB,1999-025AWN,2026-08-16T12:09:58.021920,14.10671114,.00549727,98.7219,244.0897,255.2950,104.2124,0,U,30852,999,99861,.19571574E-3,.311E-5,0
FENGYUN 1C DEB,1999-025AWS,2026-08-16T23:23:30.120288,14.53541797,.00778535,98.2039,52.4145,197.6749,316.9837,0,U,30856,999,99,.23608623E-2,.10223E-3,0
FENGYUN 1C DEB,1999-025AWT,2026-08-08T23:14:01.500288,14.59509467,.0032631,98.9709,233.5259,291.7983,67.9744,0,U,30857,999,205,.18502E-2,.8804E-4,0
FENGYUN 1C DEB,1999-025AWU,2026-08-16T22:30:56.630880,14.18124313,.00311318,98.7711,288.8890,120.9043,54.0339,0,U,30858,999,483,.18835996E-3,.345E-5,0
FENGYUN 1C DEB,1999-025AWV,2026-08-16T20:40:03.693504,14.53889106,.00261558,98.9159,299.0443,9.1792,350.9876,0,U,30859,999,617,.12764474E-2,.5344E-4,0
FENGYUN 1C DEB,1999-025AWW,2026-08-16T10:51:22.449024,14.26976016,.00388318,98.8935,310.7949,192.7079,167.3125,0,U,30860,999,33,.60147873E-3,.1429E-4,0
FENGYUN 1C DEB,1999-025AWY,2026-08-15T18:43:12.623808,14.47683792,.00505598,98.9565,337.0895,148.1691,3.5926,0,U,30862,999,247,.12760507E-2,.4736E-4,0
FENGYUN 1C DEB,1999-025AWZ,2026-08-16T08:23:07.411776,12.41281446,.08731654,99.1512,6.5426,90.5052,306.8939,0,U,30863,999,62799,-.252011E-3,-.156E-5,0
FENGYUN 1C DEB,1999-025AXD,2026-08-16T15:39:35.032320,14.30102298,.00516493,97.8660,116.7437,338.7670,50.2932,0,U,30867,999,65,.76665631E-3,.1973E-4,0
FENGYUN 1C DEB,1999-025AXE,2026-08-16T09:20:47.934816,14.11234716,.01347639,98.2305,91.5297,223.1905,312.9469,0,U,30868,999,188,.56987129E-4,.73E-6,0
FENGYUN 1C DEB,1999-025AXJ,2026-08-16T10:43:39.079776,14.40700094,.00419988,99.1682,303.4264,25.4430,37.2405,0,U,30872,999,1272,.36877288E-3,.1141E-4,0
FENGYUN 1C DEB,1999-025AXK,2026-08-14T10:35:20.643360,14.19333678,.0107438,98.6196,225.0892,302.7568,56.3290,0,U,30873,999,664,.77489E-4,.129E-5,0
FENGYUN 1C DEB,1999-025AXL,2026-08-16T13:30:10.848384,14.20067754,.00423431,98.4686,253.8192,45.5188,105.8071,0,U,30874,999,519,.20992607E-3,.41E-5,0
FENGYUN 1C DEB,1999-025AXN,2026-08-15T18:03:32.884416,13.99354106,.00664454,98.8321,208.8614,315.4266,218.9824,0,U,30876,999,99150,.95742009E-4,.99E-6,0
FENGYUN 1C DEB,1999-025AXQ,2026-08-14T11:27:57.256128,14.12339726,.0039715,98.7266,226.3977,319.9393,192.7022,0,U,30878,999,99821,.23577E-3,.394E-5,0
FENGYUN 1C DEB,1999-025AXR,2026-08-16T04:16:36.028128,14.79821649,.01647458,99.3321,127.3946,239.4236,119.0630,0,U,30879,999,65570,.59734523E-3,.559E-4,0
FENGYUN 1C DEB,1999-025AXS,2026-08-16T21:22:21.769536,14.26938017,.00230331,98.7798,306.4958,108.7930,251.5751,0,U,30880,999,235,.59156501E-3,.1397E-4,0
FENGYUN 1C DEB,1999-025AXU,2026-08-14T21:44:06.571968,14.91891273,.0138017,97.9109,287.7748,313.4667,45.5138,0,U,30882,999,3299,.32409E-3,.3868E-4,0
FENGYUN 1C DEB,1999-025AXV,2026-08-14T07:23:03.278976,14.14712010,.0111195,98.3360,252.6159,228.0616,192.6784,0,U,30883,999,360,.81022E-4,.125E-5,0
FENGYUN 1C DEB,1999-025AXW,2026-08-16T12:56:40.843968,14.78743217,.0058749,98.8879,252.1252,280.1168,79.3416,0,U,30884,999,2276,.61741196E-3,.4602E-4,0
FENGYUN 1C DEB,1999-025AXX,2026-08-16T13:35:23.760672,14.53080798,.00488905,99.0141,92.0980,195.2773,194.9881,0,U,30885,999,531,.84265467E-3,.3486E-4,0
FENGYUN 1C DEB,1999-025AXY,2026-08-16T16:57:52.393824,14.24228150,.00364379,99.1966,138.0321,50.4229,310.0157,0,U,30886,999,99910,.62390454E-3,.1401E-4,0
FENGYUN 1C DEB,1999-025AXZ,2026-08-16T09:56:28.110336,14.46265028,.02588429,98.3382,285.7321,258.0500,99.1570,0,U,30887,999,1685,.18162005E-3,.926E-5,0
FENGYUN 1C DEB,1999-025AYA,2026-08-16T19:50:07.757088,15.00596725,.00730092,99.4789,265.2921,81.1057,279.8418,0,U,30888,999,3615,.60270055E-3,.7972E-4,0
FENGYUN 1C DEB,1999-025AYD,2026-08-16T14:14:36.631392,14.06318846,.00553832,98.7551,273.4087,213.6274,300.6933,0,U,30891,999,99451,.26374066E-3,.398E-5,0
FENGYUN 1C DEB,1999-025AYE,2026-08-10T03:46:13.280160,14.19308968,.00371125,99.6881,192.2582,238.7639,120.9895,0,U,30892,999,67713,.1509324E-3,.267E-5,0
FENGYUN 1C DEB,1999-025AYF,2026-08-12T06:07:44.666976,13.94710550,.03080645,98.2429,231.0616,132.8230,246.0987,0,U,30893,999,98265,.31902413E-3,.599E-5,0
FENGYUN 1C DEB,1999-025AYH,2026-08-16T11:57:18.764640,14.32041955,.02169713,98.6933,302.8850,118.5407,258.4483,0,U,30895,999,1318,.18459238E-3,.593E-5,0
FENGYUN 1C DEB,1999-025AYM,2026-08-11T14:03:46.054080,14.35244306,.0030942,99.1647,140.8552,309.8060,173.2148,0,U,30899,999,58,.71221036E-3,.2E-4,0
FENGYUN 1C DEB,1999-025AYQ,2026-08-02T06:28:24.499200,14.30182942,.00916347,100.2631,232.3059,354.3064,5.7063,0,U,30902,999,74816,.10025392E-2,.2659E-4,0
FENGYUN 1C DEB,1999-025AYR,2026-08-16T23:14:23.608320,13.97702659,.00964088,99.3412,124.2152,140.0896,220.7406,0,U,30903,999,72158,-.11082225E-3,-.208E-5,0
FENGYUN 1C DEB,1999-025AYT,2026-08-14T22:34:11.309088,14.19320136,.005672,98.8804,307.6694,103.0587,257.6929,0,U,30905,999,99599,.77987E-3,.162E-4,0
FENGYUN 1C DEB,1999-025AYU,2026-08-01T05:15:43.956000,14.19003491,.00747931,99.1754,211.2644,316.0268,43.4971,0,U,30906,999,67360,.70102864E-3,.1456E-4,0
FENGYUN 1C DEB,1999-025AYV,2026-08-07T23:53:48.609600,14.15811389,.00566239,99.9317,272.2028,201.6642,158.2132,0,U,30907,999,4920,.38719058E-3,.719E-5,0
FENGYUN 1C DEB,1999-025AZA,2026-08-16T14:53:02.545440,14.95871646,.00525676,98.9723,109.7967,27.5492,332.8493,0,U,30912,999,3085,.79580661E-3,.9078E-4,0
FENGYUN 1C DEB,1999-025AZB,2026-08-16T13:20:52.356192,14.05390531,.00475078,98.7270,251.4359,206.9969,152.8727,0,U,30913,999,99384,.41577426E-3,.639E-5,0
FENGYUN 1C DEB,1999-025AZC,2026-08-13T11:46:54.713856,13.09496529,.05023537,99.9844,99.1379,153.5728,209.1966,0,U,30914,999,62265,.20948976E-2,.1307E-4,0
FENGYUN 1C DEB,1999-025AZD,2026-08-16T16:33:53.770752,14.26683041,.00532805,98.9333,314.6861,171.0621,189.1520,0,U,30915,999,18,.81249112E-3,.1949E-4,0
FENGYUN 1C DEB,1999-025AZE,2026-08-16T15:39:07.283232,14.09629054,.00625637,98.9767,293.4217,287.2944,227.0157,0,U,30916,999,99321,.46935198E-3,.792E-5,0
FENGYUN 1C DEB,1999-025AZG,2026-08-16T18:19:09.220224,13.97551594,.01581178,98.4233,325.4279,153.2921,358.1830,0,U,30918,999,98502,.39855091E-3,.586E-5,0
FENGYUN 1C DEB,1999-025AZJ,2026-08-15T20:16:56.471520,14.19510393,.01094796,98.9140,15.2959,115.4523,245.8028,0,U,30920,999,98582,.12185042E-2,.2683E-4,0
FENGYUN 1C DEB,1999-025AZK,2026-08-16T18:16:30.169920,14.34829395,.00170481,98.8397,326.6074,36.9456,116.2397,0,U,30921,999,352,.6883854E-3,.1911E-4,0
FENGYUN 1C DEB,1999-025AZL,2026-08-16T07:26:42.027360,14.18033076,.00151712,98.6303,242.3227,63.9484,308.8146,0,U,30922,999,58,.30228559E-3,.577E-5,0
FENGYUN 1C DEB,1999-025AZP,2026-08-16T21:21:28.501344,14.46768361,.00318,98.8951,17.1260,216.1312,296.5002,0,U,30925,999,637,.12128321E-2,.437E-4,0
FENGYUN 1C DEB,1999-025AZQ,2026-08-16T20:59:39.698592,14.91880238,.0157332,98.8300,203.4151,306.1971,52.4781,0,U,30926,999,4449,.2541967E-3,.3176E-4,0
FENGYUN 1C DEB,1999-025AZR,2026-08-16T15:12:06.979104,14.10244857,.00969538,99.1700,298.8119,37.2576,323.5268,0,U,30927,999,99162,.64789172E-3,.1153E-4,0
FENGYUN 1C DEB,1999-025AZS,2026-08-16T16:05:41.389152,13.22715802,.04542004,98.8698,286.6917,149.7163,2.6552,0,U,30928,999,93612,.96089056E-3,.663E-5,0
FENGYUN 1C DEB,1999-025AZU,2026-08-15T07:06:45.353664,14.37925068,.01092201,98.1944,249.4846,87.7072,333.9122,0,U,30930,999,1851,.16591943E-3,.494E-5,0
FENGYUN 1C DEB,1999-025AZV,2026-08-15T09:41:04.153920,14.02005984,.00932712,99.1470,290.8886,83.2926,337.1664,0,U,30931,999,99367,.59256438E-3,.894E-5,0
FENGYUN 1C DEB,1999-025AZW,2026-08-16T19:20:40.623936,14.29396759,.00551066,98.9104,171.8112,297.9083,61.6524,0,U,30932,999,99921,.11212196E-2,.286E-4,0
FENGYUN 1C DEB,1999-025AZX,2026-08-16T22:39:17.996256,14.42312805,.00666574,99.0551,230.3982,316.2514,72.9347,0,U,30933,999,99429,.18971413E-2,.6387E-4,0
FENGYUN 1C DEB,1999-025AZY,2026-08-16T13:20:45.478752,13.47459042,.03380806,98.7480,80.3019,172.1617,188.4994,0,U,30934,999,95031,.76028387E-3,.624E-5,0
FENGYUN 1C DEB,1999-025BAA,2026-08-16T19:15:25.244064,14.23861732,.00451434,98.5586,258.2370,292.0375,122.2462,0,U,30936,999,648,.22696978E-3,.482E-5,0
FENGYUN 1C DEB,1999-025BAB,2026-08-16T15:35:35.428704,13.95647374,.00760609,99.0548,282.1029,96.9807,53.7890,0,U,30937,999,99160,-.10703207E-3,-.192E-5,0
FENGYUN 1C DEB,1999-025BAC,2026-08-16T22:51:55.504800,14.20153588,.00456772,98.5837,240.1577,349.3875,34.1573,0,U,30938,999,628,.15834559E-3,.298E-5,0
FENGYUN 1C DEB,1999-025BAE,2026-08-16T10:55:33.854016,14.08638718,.00415918,98.6320,223.1412,24.9704,128.5429,0,U,30940,999,99605,.25147697E-3,.394E-5,0
FENGYUN 1C DEB,1999-025BAF,2026-08-14T13:23:59.373312,14.33086956,.0031794,98.5345,84.6825,315.7689,44.0954,0,U,30941,999,126,.70337E-3,.1896E-4,0
FENGYUN 1C DEB,1999-025BAG,2026-08-15T17:36:07.157952,14.15075832,.01376699,98.6895,224.5347,122.5031,52.2699,0,U,30942,999,78,.89371891E-4,.148E-5,0
FENGYUN 1C DEB,1999-025BAH,2026-08-14T07:30:48.092832,14.04689900,.0051117,98.7901,237.5890,99.8786,260.8157,0,U,30943,999,99175,.28023E-3,.412E-5,0
FENGYUN 1C DEB,1999-025BAJ,2026-08-16T16:41:54.220416,14.52783985,.01486025,98.8208,302.4179,73.1096,76.3887,0,U,30944,999,2637,.71450977E-4,.282E-5,0
FENGYUN 1C DEB,1999-025BAK,2026-08-15T14:45:38.051136,14.31515102,.00303916,99.3801,260.6712,54.2946,74.2475,0,U,30945,999,99953,.62177798E-3,.1611E-4,0
FENGYUN 1C DEB,1999-025BAL,2026-08-16T20:34:58.348128,14.49204944,.00880109,99.0659,6.7207,174.3364,338.9453,0,U,30946,999,1913,.33765207E-3,.1296E-4,0
FENGYUN 1C DEB,1999-025BAM,2026-08-16T04:25:03.883008,14.38428507,.00951035,98.7838,128.8252,237.8505,121.3428,0,U,30947,999,2031,.10606142E-3,.292E-5,0
FENGYUN 1C DEB,1999-025BAP,2026-08-16T22:24:00.300384,14.14253750,.01161433,98.7116,222.0217,324.4527,64.2134,0,U,30949,999,8,.11236912E-3,.185E-5,0
FENGYUN 1C DEB,1999-025BAU,2026-08-16T13:26:13.371936,14.15791289,.01269288,98.7157,328.1109,200.9316,173.4092,0,U,30954,999,99879,.49768112E-3,.1014E-4,0
FENGYUN 1C DEB,1999-025BAW,2026-08-16T01:31:56.639136,14.14982317,.00493974,98.7387,262.1102,1.2099,27.9124,0,U,30956,999,99790,.39345605E-3,.727E-5,0
FENGYUN 1C DEB,1999-025BAZ,2026-08-11T18:43:28.961184,14.40904222,.00465016,99.7026,208.8604,229.0634,130.6521,0,U,30959,999,63868,.66699483E-3,.2113E-4,0
FENGYUN 1C DEB,1999-025BBA,2026-08-15T03:27:32.480352,14.70675888,.01858771,99.0265,13.3356,122.8906,239.0336,0,U,30960,999,2278,.42860492E-3,.3345E-4,0
FENGYUN 1C DEB,1999-025BBH,2026-08-15T20:15:54.435456,14.58867686,.00921254,98.7881,192.6554,206.2622,153.3890,0,U,30967,999,2592,.21595309E-3,.1015E-4,0
FENGYUN 1C DEB,1999-025BBM,2026-08-15T17:00:04.995360,14.73478347,.01600559,99.1828,308.7900,150.5152,1.9768,0,U,30971,999,3336,.3233811E-3,.2503E-4,0
FENGYUN 1C DEB,1999-025BBU,2026-08-05T08:36:54.092160,14.39097659,.00382588,98.2304,255.1617,228.0048,131.7880,0,U,30978,999,1827,.58644821E-3,.1787E-4,0
FENGYUN 1C DEB,1999-025BBV,2026-08-16T04:49:23.304288,14.82909941,.0180195,97.8072,125.8097,157.5350,353.7656,0,U,30979,999,2770,.30722902E-3,.3253E-4,0
FENGYUN 1C DEB,1999-025BBY,2026-08-16T22:05:21.326208,14.51546508,.01785251,98.2357,219.0059,272.0461,116.0544,0,U,30982,999,74639,.88305112E-4,.378E-5,0
FENGYUN 1C DEB,1999-025BCA,2026-08-15T08:30:47.632608,14.51907837,.01238484,98.2391,264.1603,333.8338,25.6632,0,U,30984,999,98726,.26509071E-3,.113E-4,0
FENGYUN 1C DEB,1999-025BCE,2026-08-16T10:50:35.343744,15.81036133,.00370159,98.5422,225.2259,176.3980,183.7559,0,U,30988,999,3356,.15468222E-2,.313874E-2,.35369488E-4
FENGYUN 1C DEB,1999-025BCF,2026-08-16T16:14:16.114560,14.15069808,.00903919,99.0412,310.4286,120.5301,240.4833,0,U,30989,999,99479,.56475916E-3,.1094E-4,0
FENGYUN 1C DEB,1999-025BCK,2026-08-15T19:39:47.215008,14.37857014,.0015676,98.8470,331.9388,14.9842,110.0309,0,U,30993,999,454,.79508E-3,.2355E-4,0
FENGYUN 1C DEB,1999-025BCL,2026-08-16T22:44:12.737760,14.11902109,.00174274,98.6988,234.9715,191.0895,168.9895,0,U,30994,999,73,.96440543E-4,.134E-5,0
FENGYUN 1C DEB,1999-025BCN,2026-08-16T17:21:31.524192,14.36466885,.00486214,98.9347,147.8091,286.6786,102.8372,0,U,30996,999,1106,.31943091E-3,.902E-5,0
FENGYUN 1C DEB,1999-025BCQ,2026-08-16T12:42:15.871104,14.52016320,.00141447,98.8247,328.6885,163.7169,325.8818,0,U,30998,999,752,.11017044E-2,.441E-4,0
FENGYUN 1C DEB,1999-025BCR,2026-08-16T12:45:39.000096,14.59831601,.0109785,99.0924,70.7571,308.8370,50.3067,0,U,30999,999,2416,.18304442E-3,.888E-5,0
FENGYUN 1C DEB,1999-025BCS,2026-08-14T11:32:13.680096,14.10145536,.0165541,97.5575,221.3076,70.3958,78.7931,0,U,31000,999,73405,.20695E-3,.384E-5,0
FENGYUN 1C DEB,1999-025BCT,2026-08-16T16:19:17.185728,14.43526874,.01456301,99.2437,127.9726,145.5228,215.5512,0,U,31001,999,1747,.1451774E-3,.502E-5,0
FENGYUN 1C DEB,1999-025BCU,2026-08-15T23:38:49.212384,13.99427325,.01002842,98.8816,237.6004,25.5514,4.0157,0,U,31002,999,99049,.68881367E-4,.62E-6,0
FENGYUN 1C DEB,1999-025BCV,2026-08-16T03:49:40.722240,14.26164966,.00399137,98.8332,311.8103,216.5590,143.2864,0,U,31003,999,15,.70638766E-3,.166E-4,0
FENGYUN 1C DEB,1999-025BCX,2026-08-16T20:15:42.966720,13.84095378,.01789902,98.6301,347.3161,13.5247,139.2762,0,U,31005,999,97698,.45984226E-3,.54E-5,0
FENGYUN 1C DEB,1999-025BCZ,2026-08-16T10:12:33.435072,14.63351949,.00607252,98.0983,219.9567,346.3190,13.6364,0,U,31007,999,1689,.10914159E-2,.5743E-4,0
FENGYUN 1C DEB,1999-025BDB,2026-08-16T22:43:17.428800,14.00570438,.00529451,98.9149,223.4476,271.3153,117.2288,0,U,31009,999,99321,-.9530142E-5,-.58E-6,0
FENGYUN 1C DEB,1999-025BDC,2026-08-16T03:11:53.837664,14.29593932,.01068682,101.7224,103.8254,70.4304,290.8368,0,U,31010,999,99146,.13629773E-2,.3642E-4,0
FENGYUN 1C DEB,1999-025BDE,2026-08-16T17:04:26.755392,14.28067933,.0080949,98.8922,136.5855,254.6844,133.9295,0,U,31012,999,1253,.7197972E-4,.138E-5,0
FENGYUN 1C DEB,1999-025BDG,2026-08-14T21:58:12.796032,13.98571147,.0087329,98.8944,199.8972,235.3230,148.9264,0,U,31014,999,99263,.73581E-4,.66E-6,0
FENGYUN 1C DEB,1999-025BDJ,2026-08-14T07:03:30.171744,14.30826032,.0111208,98.4267,239.7833,271.2299,153.5049,0,U,31016,999,967,.95056E-4,.222E-5,0
FENGYUN 1C DEB,1999-025BDK,2026-08-16T10:38:25.318176,14.09107300,.0113282,98.7013,210.9049,11.8191,139.2208,0,U,31017,999,99770,.13162432E-3,.2E-5,0
FENGYUN 1C DEB,1999-025BDL,2026-08-15T04:52:13.874304,14.18377820,.00593773,99.0212,322.7515,146.2155,214.2825,0,U,31018,999,99533,.80206467E-3,.1638E-4,0
FENGYUN 1C DEB,1999-025BDM,2026-08-15T19:34:06.642624,11.83631499,.11125269,98.7305,347.1469,168.6790,347.1113,0,U,31019,999,58091,.31610072E-2,.1159E-4,0
FENGYUN 1C DEB,1999-025BDP,2026-08-05T13:46:07.115808,14.78574386,.02574061,98.3683,341.7777,208.1690,150.5395,0,U,31021,999,76914,.52818935E-3,.6703E-4,0
FENGYUN 1C DEB,1999-025BDQ,2026-08-15T10:42:20.470464,13.90694900,.01088443,99.4902,121.6413,183.9065,176.1254,0,U,31022,999,65423,.17775923E-3,.186E-5,0
FENGYUN 1C DEB,1999-025BDR,2026-08-12T18:00:44.848512,14.06814711,.00811662,98.8351,209.3489,258.9720,100.2312,0,U,31023,999,72918,.15490453E-3,.222E-5,0
FENGYUN 1C DEB,1999-025BDS,2026-08-09T13:52:44.560128,14.21150640,.00743805,99.0400,145.5382,158.9764,201.4497,0,U,31024,999,108,.10420402E-3,.187E-5,0
FENGYUN 1C DEB,1999-025BDT,2026-08-12T05:45:11.911680,14.21150184,.01724043,98.5975,212.8562,30.3724,330.7308,0,U,31025,999,67809,.23025275E-3,.538E-5,0
FENGYUN 1C DEB,1999-025BDU,2026-08-13T13:16:32.984256,13.83501225,.01333056,98.7898,150.2234,243.2584,294.0931,0,U,31026,999,71397,.62287838E-4,.32E-6,0
FENGYUN 1C DEB,1999-025BDW,2026-08-10T13:42:57.547296,13.89230507,.01653401,98.7117,143.9822,355.1897,4.7667,0,U,31028,999,65347,.11232808E-3,.112E-5,0
FENGYUN 1C DEB,1999-025BDX,2026-08-16T17:03:47.622240,14.34757185,.00898338,98.8393,136.6115,68.2831,314.0707,0,U,31029,999,1331,.15754399E-3,.421E-5,0
FENGYUN 1C DEB,1999-025BDY,2026-08-16T16:12:56.356128,14.24584949,.00284602,98.7456,294.6194,88.9544,62.6144,0,U,31030,999,215,.39954028E-3,.887E-5,0
FENGYUN 1C DEB,1999-025BDZ,2026-08-16T06:34:34.950432,14.21397041,.00271654,99.0734,157.0834,201.8399,312.2396,0,U,31031,999,351,.18498886E-3,.359E-5,0
FENGYUN 1C DEB,1999-025BEA,2026-08-16T12:15:30.408768,14.03251186,.01358563,99.3940,250.2173,238.7427,280.7828,0,U,31032,999,98441,.79241071E-3,.1293E-4,0
FENGYUN 1C DEB,1999-025BEB,2026-08-16T21:13:39.408096,14.27749455,.01537327,98.4646,204.2855,103.8525,288.1434,0,U,31033,999,867,.10738954E-3,.258E-5,0
FENGYUN 1C DEB,1999-025BED,2026-08-11T13:54:19.180224,14.52818828,.0173151,98.6661,346.9073,210.7108,212.0458,0,U,31035,999,727,.70401E-3,.3468E-4,0
FENGYUN 1C DEB,1999-025BEE,2026-08-16T20:04:48.230976,14.49483795,.01367619,98.9364,354.5518,242.2378,270.8330,0,U,31036,999,60886,.11439207E-3,.435E-5,0
FENGYUN 1C DEB,1999-025BEG,2026-08-16T17:36:51.789600,14.46689084,.00831266,99.0106,333.1609,211.8713,147.7432,0,U,31038,999,1801,.25932792E-3,.925E-5,0
FENGYUN 1C DEB,1999-025BEJ,2026-08-16T06:11:45.322944,14.17977112,.00616528,98.6758,217.2465,205.3773,168.2833,0,U,31040,999,197,.1211257E-3,.209E-5,0
FENGYUN 1C DEB,1999-025BEK,2026-08-16T13:59:41.127360,14.19754665,.00833548,99.1920,271.3423,342.5576,17.2739,0,U,31041,999,98990,.77756901E-3,.1656E-4,0
FENGYUN 1C DEB,1999-025BEM,2026-08-16T13:34:01.996896,14.08790231,.00418527,98.7524,244.2883,27.8459,102.9411,0,U,31043,999,99462,.27573696E-3,.437E-5,0
FENGYUN 1C DEB,1999-025BEQ,2026-08-16T21:49:19.540416,14.77119930,.00349085,98.9647,18.2280,59.2928,91.3785,0,U,31046,999,270,.22876633E-2,.16304E-3,0
FENGYUN 1C DEB,1999-025BER,2026-08-16T11:31:20.747136,14.14201748,.00250217,98.7103,224.5705,193.2174,318.8991,0,U,31047,999,99846,.19046189E-3,.321E-5,0
FENGYUN 1C DEB,1999-025BET,2026-08-09T06:23:29.263488,14.04467229,.00504023,98.7971,229.5929,176.2390,183.9166,0,U,31049,999,64477,-.23302222E-3,-.418E-5,0
FENGYUN 1C DEB,1999-025BEV,2026-08-10T20:41:00.170592,14.03169957,.00525982,98.7956,250.6157,181.0600,179.0463,0,U,31051,999,67200,.28629679E-3,.409E-5,0
FENGYUN 1C DEB,1999-025BEX,2026-08-14T06:06:58.583808,13.76858432,.0306019,98.8146,335.8641,160.2799,201.0494,0,U,31053,999,96840,.11026E-2,.1495E-4,0
FENGYUN 1C DEB,1999-025BEY,2026-08-16T11:44:07.814976,14.12303714,.00106059,98.6838,238.9248,135.7749,19.3488,0,U,31054,999,229,.91032151E-4,.125E-5,0
FENGYUN 1C DEB,1999-025BEZ,2026-08-16T13:15:20.881728,14.10639049,.00235098,98.7358,258.1065,294.0580,219.6432,0,U,31055,999,99601,.17029917E-3,.262E-5,0
FENGYUN 1C DEB,1999-025BFA,2026-08-16T10:27:38.870784,14.14607595,.00259111,98.6911,209.1403,358.8219,153.5095,0,U,31056,999,301,.167607E-3,.28E-5,0
FENGYUN 1C DEB,1999-025BFB,2026-08-12T11:11:53.016576,14.82741330,.01300807,99.2318,305.8689,211.9592,147.3680,0,U,31057,999,65546,.28236715E-3,.2564E-4,0
FENGYUN 1C DEB,1999-025BFC,2026-08-16T17:57:09.530208,14.80509251,.00888046,99.5861,229.7841,65.2094,295.8319,0,U,31058,999,3144,.44920383E-3,.3602E-4,0
FENGYUN 1C DEB,1999-025BFG,2026-08-16T08:08:00.157344,13.75801886,.01719781,99.0126,42.3003,23.7314,93.0760,0,U,31062,999,97624,.53493635E-4,.17E-6,0
FENGYUN 1C DEB,1999-025BFJ,2026-08-16T05:40:26.273280,14.22512918,.02405849,98.5976,209.8600,5.4298,6.8501,0,U,31064,999,755,.15710948E-3,.422E-5,0
FENGYUN 1C DEB,1999-025BFK,2026-08-15T23:49:07.996224,14.29115139,.00350346,98.4533,244.6621,27.5789,332.7243,0,U,31065,999,68094,.37675294E-3,.919E-5,0
FENGYUN 1C DEB,1999-025BFN,2026-08-10T05:09:16.689600,14.09379275,.0164821,98.6536,199.8253,155.6643,205.2424,0,U,31068,999,99742,.12807308E-3,.212E-5,0
FENGYUN 1C DEB,1999-025BFP,2026-08-16T19:05:33.341856,14.58766853,.01020233,99.1154,57.4971,49.6800,311.3255,0,U,31069,999,2282,.25016598E-3,.1195E-4,0
FENGYUN 1C DEB,1999-025BFR,2026-08-14T13:08:38.611968,14.54572216,.0053394,99.0342,328.4071,263.4939,96.0174,0,U,31071,999,69051,.35393E-3,.1483E-4,0
FENGYUN 1C DEB,1999-025BFS,2026-08-16T00:54:01.911168,14.26351065,.02087968,99.3234,254.4348,113.9729,248.3464,0,U,31072,999,139,.28995054E-3,.824E-5,0
FENGYUN 1C DEB,1999-025BFT,2026-08-15T01:51:11.243808,14.25993893,.00433654,99.2012,94.0570,303.3992,56.3041,0,U,31073,999,578,.51440384E-3,.1191E-4,0
FENGYUN 1C DEB,1999-025BFU,2026-08-16T17:23:35.238624,14.16070231,.008513,98.9545,149.8197,285.0624,74.1142,0,U,31074,999,99073,.11394796E-2,.2285E-4,0
FENGYUN 1C DEB,1999-025BFY,2026-08-15T15:56:23.779104,14.22585184,.01164472,98.8406,294.1594,160.2843,352.5426,0,U,31078,999,338,.22150618E-3,.486E-5,0
FENGYUN 1C DEB,1999-025BGA,2026-07-22T05:31:33.977568,14.25550351,.00690819,99.1145,357.4476,177.5326,182.6207,0,U,31080,999,66108,.16067362E-2,.3851E-4,0
FENGYUN 1C DEB,1999-025BGB,2026-08-16T06:41:02.636736,14.06342229,.00470416,98.7598,241.9139,258.2096,114.1610,0,U,31081,999,99926,-.2550267E-4,-.85E-6,0
FENGYUN 1C DEB,1999-025BGC,2026-08-12T06:14:47.607072,14.13885707,.00674275,98.6719,229.3957,227.6640,131.8810,0,U,31082,999,99736,.28258833E-3,.504E-5,0
FENGYUN 1C DEB,1999-025BGD,2026-08-16T19:57:06.586272,14.68322673,.00275064,98.6586,4.2626,258.5593,258.0204,0,U,31083,999,1321,.10028035E-2,.577E-4,0
FENGYUN 1C DEB,1999-025BGF,2026-08-15T03:06:55.095840,14.30441835,.00874149,98.9643,80.6999,24.7096,103.8651,0,U,31085,999,1224,.39559769E-4,.6E-6,0
FENGYUN 1C DEB,1999-025BGH,2026-08-15T07:12:40.720320,14.62136406,.0167061,98.0877,247.5440,240.3723,131.6321,0,U,31087,999,2357,.16477E-3,.953E-5,0
FENGYUN 1C DEB,1999-025BGJ,2026-08-16T17:11:57.147360,14.30417319,.00287054,99.3976,313.3520,75.0606,76.7090,0,U,31088,999,65,.70809835E-3,.18E-4,0
FENGYUN 1C DEB,1999-025BGK,2026-08-16T21:03:33.439968,13.88686538,.02038393,98.9794,6.5483,260.4760,253.5146,0,U,31089,999,71489,.31295486E-3,.401E-5,0
FENGYUN 1C DEB,1999-025BGM,2026-08-13T08:39:05.550624,13.54450835,.02899323,99.2473,191.8253,69.7398,293.4656,0,U,31091,999,64937,.46744078E-3,.378E-5,0
FENGYUN 1C DEB,1999-025BGN,2026-08-10T06:17:53.458656,13.46957266,.03268913,99.7364,336.5486,262.2609,94.1297,0,U,31092,999,95119,.11324098E-2,.905E-5,0
FENGYUN 1C DEB,1999-025BGP,2026-08-15T01:02:21.643584,13.80842747,.02072443,98.5951,49.1342,278.5417,79.2304,0,U,31093,999,97892,.20263719E-3,.211E-5,0
FENGYUN 1C DEB,1999-025BGQ,2026-08-13T09:46:58.902816,14.03047820,.01059642,98.8454,91.4864,87.6921,273.6374,0,U,31094,999,99035,.78673074E-3,.1243E-4,0
FENGYUN 1C DEB,1999-025BGR,2026-08-13T11:55:11.647776,13.06742241,.049825,98.5885,324.8106,328.5561,28.6631,0,U,31095,999,92631,.10946416E-2,.628E-5,0
FENGYUN 1C DEB,1999-025BGT,2026-08-16T16:58:25.006368,14.51583414,.00136826,98.8698,9.0612,235.6007,256.6153,0,U,31097,999,615,.13135838E-2,.5219E-4,0
FENGYUN 1C DEB,1999-025BGU,2026-08-16T20:35:32.693856,14.57296511,.0013021,98.8786,6.8444,213.7487,146.2882,0,U,31098,999,551,.13918049E-2,.6257E-4,0
FENGYUN 1C DEB,1999-025BGV,2026-08-16T16:29:19.468896,14.28225458,.00621437,98.9153,131.6748,285.3476,103.6827,0,U,31099,999,989,.1183128E-3,.254E-5,0
FENGYUN 1C DEB,1999-025BGY,2026-08-16T06:44:03.819264,14.28444021,.02106493,99.0579,173.2160,173.9436,186.4367,0,U,31146,999,275,.14453212E-3,.406E-5,0
FENGYUN 1C DEB,1999-025BHA,2026-08-16T23:23:04.392096,14.44762291,.01348494,98.8440,129.7390,33.2294,327.7274,0,U,31148,999,1048,.46247314E-3,.1742E-4,0
FENGYUN 1C DEB,1999-025BHC,2026-08-16T19:25:32.446848,14.12866614,.00149351,98.6844,235.0389,174.5963,359.9663,0,U,31150,999,99785,.61748673E-4,.72E-6,0
FENGYUN 1C DEB,1999-025BHD,2026-08-16T00:24:26.558784,14.28103182,.00553951,99.1293,249.2522,38.0515,322.4557,0,U,31151,999,99487,.97713791E-3,.2422E-4,0
FENGYUN 1C DEB,1999-025BHE,2026-08-16T22:32:02.279328,14.35999280,.01296074,98.4355,215.0660,16.2929,11.0944,0,U,31152,999,1597,.56210426E-4,.134E-5,0
FENGYUN 1C DEB,1999-025BHH,2026-08-16T03:37:19.294464,14.09338501,.00881704,99.0272,302.5870,34.0750,326.6037,0,U,31155,999,99057,.62751821E-3,.1089E-4,0
FENGYUN 1C DEB,1999-025BHK,2026-08-16T03:53:27.188736,14.22844779,.0100173,98.5056,207.8493,329.1514,30.3802,0,U,31157,999,476,.11398465E-3,.226E-5,0
FENGYUN 1C DEB,1999-025BHL,2026-08-16T11:39:34.917120,14.35314878,.00458132,98.7707,315.8512,29.4508,330.9243,0,U,31158,999,68017,.57002812E-3,.1608E-4,0
FENGYUN 1C DEB,1999-025BHN,2026-08-15T21:06:33.069888,13.99666937,.0055448,99.0516,286.7600,298.5316,61.0273,0,U,31160,999,73042,.28828E-3,.382E-5,0
FENGYUN 1C DEB,1999-025BHP,2026-08-16T12:15:09.207936,14.09511166,.00686086,98.7327,247.8368,12.5273,347.7584,0,U,31161,999,99578,.12427708E-3,.179E-5,0
FENGYUN 1C DEB,1999-025BHR,2026-08-11T11:10:34.182624,14.32646858,.00526613,98.9522,104.2778,268.9332,90.5817,0,U,31163,999,68202,.1852237E-3,.463E-5,0
FENGYUN 1C DEB,1999-025BHT,2026-08-16T11:26:00.078720,14.74474369,.00659087,98.8645,315.9332,183.3873,238.7699,0,U,31165,999,2377,.49317665E-3,.3331E-4,0
FENGYUN 1C DEB,1999-025BHW,2026-08-16T21:15:07.753824,14.69545288,.0104688,98.9229,27.0259,18.1874,342.3029,0,U,31168,999,2725,.20794234E-3,.1277E-4,0
FENGYUN 1C DEB,1999-025BHX,2026-08-16T13:34:34.921344,14.28561328,.00564637,99.1399,271.4138,29.0407,331.3894,0,U,31169,999,60626,.84114081E-3,.2098E-4,0
FENGYUN 1C DEB,1999-025BHZ,2026-08-15T21:33:10.014048,14.39775826,.0141888,98.0282,206.3460,292.7848,96.5458,0,U,31171,999,99367,.13638E-2,.477E-4,0
FENGYUN 1C DEB,1999-025BJA,2026-08-15T17:54:17.444736,14.31712969,.01475269,98.4282,230.1347,259.8816,98.5698,0,U,31172,999,1138,.45366537E-4,.89E-6,0
FENGYUN 1C DEB,1999-025BJB,2026-08-16T10:37:30.099072,14.17770030,.00661036,98.2101,301.2052,82.4201,278.4478,0,U,31173,999,67493,.7139263E-3,.1449E-4,0
FENGYUN 1C DEB,1999-025BJD,2026-08-14T06:15:08.476128,14.71935089,.0064359,98.3942,237.1805,117.6965,243.0791,0,U,31175,999,69223,.19131E-2,.12349E-3,0
FENGYUN 1C DEB,1999-025BJF,2026-08-13T15:48:23.407200,13.63868552,.03073926,98.7584,120.0913,34.3829,356.2712,0,U,31177,999,69535,.19490023E-2,.2095E-4,0
FENGYUN 1C DEB,1999-025BJG,2026-08-15T07:18:16.557120,14.23992671,.01219458,99.5071,254.2111,342.0772,17.6122,0,U,31178,999,99308,.64457439E-3,.1547E-4,0
FENGYUN 1C DEB,1999-025BJH,2026-08-15T07:47:45.684384,13.92577419,.02154119,99.0057,245.6954,50.7149,311.2901,0,U,31179,999,65358,.42701862E-3,.624E-5,0
FENGYUN 1C DEB,1999-025BJJ,2026-08-14T20:24:53.817696,13.70669028,.04973364,99.2510,354.8014,137.0457,12.8780,0,U,31180,999,67424,.18885856E-3,.362E-5,0
FENGYUN 1C DEB,1999-025BJK,2026-08-16T00:47:35.240064,14.12640105,.00484322,98.7555,260.1352,93.5704,296.4210,0,U,31181,999,99244,.45582689E-3,.811E-5,0
FENGYUN 1C DEB,1999-025BJL,2026-08-12T18:32:24.078624,14.14863202,.00229688,98.6996,212.2850,160.6939,325.9053,0,U,31182,999,99517,.13456705E-3,.218E-5,0
FENGYUN 1C DEB,1999-025BJM,2026-08-16T12:39:22.740192,14.52642345,.00469952,99.0479,235.9884,87.4124,64.3602,0,U,31183,999,1050,.45901613E-3,.1854E-4,0
FENGYUN 1C DEB,1999-025BJP,2026-08-14T17:12:35.734464,14.03144565,.00411459,98.8442,221.1728,141.8815,218.5275,0,U,31185,999,65772,.72145503E-4,.71E-6,0
FENGYUN 1C DEB,1999-025BJQ,2026-08-13T00:36:18.253728,14.13286175,.00263563,99.1746,151.5424,98.0485,322.4343,0,U,31186,999,99541,.19203992E-3,.315E-5,0
FENGYUN 1C DEB,1999-025BJR,2026-08-16T04:03:14.079744,14.67408341,.01963591,99.2187,126.2857,192.4411,167.1905,0,U,31187,999,72705,.79197209E-3,.5922E-4,0
FENGYUN 1C DEB,1999-025BJS,2026-08-16T04:08:58.539264,14.25246818,.00573032,98.7330,299.7555,254.4097,133.1120,0,U,31188,999,99845,.61945081E-3,.1437E-4,0
FENGYUN 1C DEB,1999-025BJU,2026-08-04T17:45:59.293440,14.04097866,.00667905,98.8123,227.4282,323.5389,36.1239,0,U,31190,999,98844,.58794153E-3,.907E-5,0
FENGYUN 1C DEB,1999-025BJV,2026-08-16T04:41:16.183680,14.41335073,.00916999,98.7677,140.6444,180.7602,179.3461,0,U,31191,999,1542,.1282864E-3,.387E-5,0
FENGYUN 1C DEB,1999-025BJW,2026-08-16T09:43:15.711744,14.21542927,.02580607,98.5761,210.0757,107.5965,255.3577,0,U,31192,999,214,.15909429E-3,.443E-5,0
FENGYUN 1C DEB,1999-025BJY,2026-08-16T16:00:35.875296,14.37824610,.00555283,98.9445,132.8336,272.9304,86.5528,0,U,31194,999,643,.34522942E-3,.1011E-4,0
FENGYUN 1C DEB,1999-025BJZ,2026-08-16T19:04:27.944832,14.08097194,.01712004,98.7522,260.0974,204.0024,155.3098,0,U,31195,999,99575,.13989784E-3,.23E-5,0
FENGYUN 1C DEB,1999-025BKA,2026-08-14T07:10:43.968000,14.26002030,.005698,98.5202,237.7940,216.5459,143.1827,0,U,31196,999,66980,.19569E-3,.432E-5,0
FENGYUN 1C DEB,1999-025BKC,2026-08-15T12:08:22.122240,13.75580394,.02047821,98.6114,312.8864,51.7791,310.1602,0,U,31198,999,66132,.31107682E-4,-.2E-7,0
FENGYUN 1C DEB,1999-025BKD,2026-08-16T22:04:03.141120,14.10146919,.00630274,98.7377,209.3832,279.8468,107.4258,0,U,31199,999,99643,.62285204E-4,.69E-6,0
FENGYUN 1C DEB,1999-025BKF,2026-08-15T02:59:13.355232,14.36223064,.01406308,98.9769,103.5112,351.9921,160.7983,0,U,31201,999,769,.2815168E-3,.867E-5,0
FENGYUN 1C DEB,1999-025BKG,2026-08-15T19:04:50.678400,14.88235805,.00659267,96.5524,235.1788,67.1735,106.9987,0,U,31202,999,2731,.43550593E-3,.4143E-4,0
FENGYUN 1C DEB,1999-025BKK,2026-08-16T17:59:28.985856,14.24103719,.01612952,99.2351,339.2156,211.9895,147.1412,0,U,31205,999,727,.76478517E-4,.15E-5,0
FENGYUN 1C DEB,1999-025BKL,2026-08-16T18:03:37.518912,14.41415468,.00765692,98.8372,150.0821,348.7124,11.2344,0,U,31206,999,1387,.29316802E-3,.935E-5,0
FENGYUN 1C DEB,1999-025BKN,2026-08-14T08:05:56.080032,14.67879855,.0012033,99.2557,45.3584,235.1980,247.7153,0,U,31208,999,74061,.76018E-3,.429E-4,0
FENGYUN 1C DEB,1999-025BKP,2026-08-12T01:15:26.116704,14.47505237,.00193873,98.8868,335.4347,343.2614,16.7935,0,U,31209,999,68309,.78021456E-3,.2826E-4,0
FENGYUN 1C DEB,1999-025BKQ,2026-08-14T22:39:52.734240,14.12286546,.0016662,98.7255,226.3687,176.3345,213.3262,0,U,31210,999,99428,.15828E-3,.249E-5,0
FENGYUN 1C DEB,1999-025BKR,2026-08-11T21:49:09.545664,14.20981365,.00517,98.6533,259.9254,109.2878,251.3901,0,U,31211,999,66731,.43755E-3,.918E-5,0
FENGYUN 1C DEB,1999-025BKS,2026-08-15T01:29:37.345920,14.14222409,.00736988,99.1995,270.7528,201.4773,158.3302,0,U,31212,999,99125,.63227148E-3,.1191E-4,0
FENGYUN 1C DEB,1999-025BKV,2026-08-09T20:25:04.657440,14.34934254,.0067284,99.0482,82.5514,345.3946,14.5292,0,U,31215,999,99968,.35635929E-3,.991E-5,0
FENGYUN 1C DEB,1999-025BKX,2026-08-14T11:05:59.848800,14.18142492,.0098441,98.6394,232.7996,175.5905,184.6161,0,U,31217,999,99816,.23718E-3,.468E-5,0
FENGYUN 1C DEB,1999-025BKY,2026-08-16T20:20:54.156192,14.90007382,.00070407,98.8396,9.4384,330.0520,30.0290,0,U,31218,999,656,.22647008E-2,.21847E-3,0
FENGYUN 1C DEB,1999-025BKZ,2026-08-16T12:15:20.871072,14.14996512,.00775301,99.2736,252.9008,203.9408,155.8151,0,U,31219,999,99058,.62050082E-3,.1188E-4,0
FENGYUN 1C DEB,1999-025BLC,2026-08-16T17:55:07.586112,15.02700204,.01505734,98.5927,329.7423,337.2233,22.2355,0,U,31222,999,3687,.21794078E-3,.3634E-4,0
FENGYUN 1C DEB,1999-025BLD,2026-08-16T14:18:23.148864,13.79095039,.02384183,99.0363,108.0414,100.2551,262.5577,0,U,31223,999,96129,.16242808E-2,.2015E-4,0
FENGYUN 1C DEB,1999-025BLE,2026-08-16T04:44:55.180032,14.29424075,.01571595,98.3871,215.7360,154.7587,268.6167,0,U,31224,999,72771,.14154808E-3,.369E-5,0
FENGYUN 1C DEB,1999-025BLF,2026-08-16T16:46:02.879616,14.19188267,.0085635,98.9780,310.0319,8.6074,144.0040,0,U,31225,999,99323,.55836628E-3,.1167E-4,0
FENGYUN 1C DEB,1999-025BLG,2026-08-12T06:16:40.956096,14.27058952,.01260385,98.3607,218.3033,201.7046,157.8766,0,U,31226,999,65512,.11011073E-3,.25E-5,0
FENGYUN 1C DEB,1999-025BLJ,2026-08-15T17:35:05.934048,14.37631763,.00788849,98.8661,152.1765,80.4240,338.9185,0,U,31228,999,1100,.20208548E-3,.582E-5,0
FENGYUN 1C DEB,1999-025BLK,2026-08-16T16:23:41.528256,14.23246596,.00501011,98.8568,310.3531,307.9602,51.7055,0,U,31229,999,99595,.63479067E-3,.1409E-4,0
FENGYUN 1C DEB,1999-025BLM,2026-08-15T06:42:02.940480,14.87002278,.01207227,98.8684,57.6148,49.0447,312.1138,0,U,31231,999,66657,.10152389E-2,.1033E-3,0
FENGYUN 1C DEB,1999-025BLQ,2026-08-13T06:19:41.150208,14.08234693,.0072327,98.7983,218.0406,260.8214,98.4768,0,U,31234,999,76147,.17981998E-3,.271E-5,0
FENGYUN 1C DEB,1999-025BLR,2026-08-15T03:24:47.825280,14.23296399,.01615463,98.4548,10.4069,26.7527,334.1872,0,U,31235,999,66653,.15643242E-2,.4012E-4,0
FENGYUN 1C DEB,1999-025BLS,2026-08-14T07:12:13.608000,13.88660158,.0306798,98.5417,166.1926,94.3105,269.3171,0,U,31236,999,64416,.15164E-2,.2625E-4,0
FENGYUN 1C DEB,1999-025BLT,2026-08-14T17:50:49.314912,14.32027689,.00879466,98.4620,224.4230,344.4358,15.4125,0,U,31237,999,767,.19545845E-3,.504E-5,0
FENGYUN 1C DEB,1999-025BLV,2026-08-16T22:06:27.006624,14.10161157,.00485501,98.7714,222.5499,218.4690,171.0813,0,U,31239,999,99495,.22053278E-3,.351E-5,0
FENGYUN 1C DEB,1999-025BLW,2026-08-08T06:32:33.952416,14.09889952,.00466726,98.7548,223.1673,62.5031,311.0189,0,U,31240,999,25458,.26577471E-3,.43E-5,0
FENGYUN 1C DEB,1999-025BLX,2026-08-16T22:10:49.171008,14.39424017,.00659819,99.2634,40.0073,178.1136,182.0311,0,U,31241,999,1224,.26702952E-3,.801E-5,0
FENGYUN 1C DEB,1999-025BLZ,2026-08-14T00:50:07.062144,14.07723542,.00650851,98.7289,263.3064,198.2317,161.6518,0,U,31243,999,72744,.46594279E-3,.761E-5,0
FENGYUN 1C DEB,1999-025BMA,2026-07-28T22:07:12.252576,14.06550586,.0100349,99.0087,277.7340,257.9159,101.0751,0,U,31244,999,60847,.32364E-3,.515E-5,0
FENGYUN 1C DEB,1999-025BMC,2026-08-13T19:01:00.770592,14.08803971,.01461268,98.7967,72.0531,16.8308,343.7637,0,U,31246,999,65187,.77002179E-3,.1423E-4,0
FENGYUN 1C DEB,1999-025BMD,2026-08-16T16:27:26.571744,14.05638846,.00599656,99.3447,129.6981,103.6509,286.3375,0,U,31247,999,98990,.50815968E-3,.794E-5,0
FENGYUN 1C DEB,1999-025BME,2026-08-14T11:02:26.063232,13.93127581,.0109808,99.2386,288.7245,8.9616,4.1276,0,U,31248,999,98231,.28379E-3,.343E-5,0
FENGYUN 1C DEB,1999-025BMG,2026-08-14T00:21:11.414880,14.03825566,.0131905,98.3767,62.0964,326.5973,32.6925,0,U,31250,999,98944,.36036425E-3,.573E-5,0
FENGYUN 1C DEB,1999-025BMJ,2026-08-15T18:35:53.939040,14.40919617,.02122256,98.3039,244.8007,150.0542,211.2988,0,U,31252,999,750,.13494304E-3,.516E-5,0
FENGYUN 1C DEB,1999-025BMK,2026-08-14T03:35:45.426048,14.03871837,.0290065,99.0482,295.7099,131.3208,231.3316,0,U,31253,999,72427,.10381728E-4,-.22E-6,0
FENGYUN 1C DEB,1999-025BML,2026-08-14T16:32:38.511168,14.36998984,.0150016,98.4315,276.8158,190.9023,300.6386,0,U,31254,999,914,.17852359E-3,.555E-5,0
FENGYUN 1C DEB,1999-025BMM,2026-08-16T08:06:24.916896,14.10157682,.02699699,99.3159,59.3760,16.5723,344.4060,0,U,31255,999,212,.98155178E-4,.192E-5,0
FENGYUN 1C DEB,1999-025BMN,2026-08-13T09:39:08.674272,14.06305108,.0301126,98.6646,67.8188,147.2415,214.7828,0,U,31256,999,68403,.10118892E-2,.2474E-4,0
FENGYUN 1C DEB,1999-025BMR,2026-08-16T17:19:20.157312,14.16393308,.00635223,99.0011,315.4424,213.8272,300.1350,0,U,31259,999,99064,.82904188E-3,.1634E-4,0
FENGYUN 1C DEB,1999-025BMS,2026-08-16T17:05:32.353728,14.37609431,.00453851,98.9425,140.5301,286.5930,102.8675,0,U,31260,999,737,.39400763E-3,.1148E-4,0
FENGYUN 1C DEB,1999-025BMT,2026-08-16T21:20:54.029472,14.41481183,.00484973,99.0373,200.9663,222.4374,137.3059,0,U,31261,999,905,.38684655E-3,.1224E-4,0
FENGYUN 1C DEB,1999-025BMU,2026-08-16T04:35:17.141568,14.19680655,.00559151,98.9966,320.3189,115.1050,308.3041,0,U,31262,999,99204,.8653387E-3,.1813E-4,0
FENGYUN 1C DEB,1999-025BMW,2026-08-16T23:39:56.059200,14.19100676,.00016393,99.0981,137.6471,37.7005,335.4132,0,U,31264,999,99935,.29430308E-3,.568E-5,0
FENGYUN 1C DEB,1999-025BMY,2026-08-16T06:41:24.171936,14.22642492,.01289587,99.2738,229.0109,302.9775,68.7299,0,U,31266,999,688,.11967107E-3,.241E-5,0
FENGYUN 1C DEB,1999-025BNA,2026-08-09T08:19:24.107520,14.06905590,.00479016,98.7335,260.5468,227.8337,131.8760,0,U,31268,999,65401,.29434179E-3,.453E-5,0
FENGYUN 1C DEB,1999-025BNB,2026-08-16T14:42:57.978720,14.46814690,.02297772,98.1545,102.7305,241.6949,145.9717,0,U,31269,999,44,.5047865E-3,.249E-4,0
FENGYUN 1C DEB,1999-025BNE,2026-08-16T03:26:12.359904,14.23445133,.01062629,99.0628,112.6701,126.7317,234.3677,0,U,31272,999,485,.22547314E-3,.497E-5,0
FENGYUN 1C DEB,1999-025BNG,2026-08-15T07:11:56.954400,13.86100521,.02406033,99.0194,42.6102,166.4201,194.3584,0,U,31274,999,97608,.3283069E-3,.433E-5,0
FENGYUN 1C DEB,1999-025BNH,2026-08-16T09:19:48.440640,14.03007493,.01038636,98.9233,272.0366,27.4577,333.2024,0,U,31275,999,98944,.37287258E-3,.564E-5,0
FENGYUN 1C DEB,1999-025BNM,2026-08-12T20:34:54.969024,14.26870384,.00728296,98.5156,231.6180,185.1782,174.8653,0,U,31279,999,673,.1802857E-3,.407E-5,0
FENGYUN 1C DEB,1999-025BNP,2026-08-14T10:19:12.008640,15.37607058,.0073161,98.4042,37.1937,327.8206,31.8581,0,U,31281,999,3435,.57171E-3,.23052E-3,0
FENGYUN 1C DEB,1999-025BNQ,2026-08-11T15:49:48.955296,14.43821542,.01262647,99.2265,166.0040,293.2341,65.5594,0,U,31282,999,601,.66929743E-4,.192E-5,0
FENGYUN 1C DEB,1999-025BNS,2026-08-16T12:49:14.644128,13.98386908,.01439706,99.7280,342.5194,114.1141,247.5154,0,U,31284,999,98611,.59151924E-3,.875E-5,0
FENGYUN 1C DEB,1999-025BNT,2026-08-16T21:16:53.361408,14.26370913,.01988821,98.5445,208.1612,183.2283,207.6160,0,U,31285,999,806,.82311447E-4,.197E-5,0
FENGYUN 1C DEB,1999-025BNU,2026-08-16T19:48:27.082944,14.25584093,.00785691,100.8566,182.1342,333.9155,25.8068,0,U,31286,999,67537,.14683967E-2,.3529E-4,0
FENGYUN 1C DEB,1999-025BNV,2026-08-15T16:08:44.767104,14.29678483,.00284483,99.3923,307.5738,80.0767,280.3622,0,U,31287,999,194,.61498999E-3,.1533E-4,0
FENGYUN 1C DEB,1999-025BPB,2026-08-11T06:42:41.112000,14.30911324,.0125141,98.4224,228.6512,250.4838,108.2794,0,U,31293,999,68698,.28801E-4,.37E-6,0
FENGYUN 1C DEB,1999-025BPC,2026-08-16T22:04:22.247616,14.15710213,.00994031,98.5569,219.5336,351.1142,8.8270,0,U,31294,999,350,.21974044E-3,.41E-5,0
FENGYUN 1C DEB,1999-025BPD,2026-08-16T17:18:42.707232,13.96910280,.00765512,98.3347,35.4029,279.0387,80.2120,0,U,31295,999,98951,-.38740462E-4,-.94E-6,0
FENGYUN 1C DEB,1999-025BPE,2026-08-16T19:07:18.718752,14.89591250,.00167622,99.0575,180.6392,138.9046,221.3433,0,U,31296,999,1001,.28803726E-2,.27599E-3,0
FENGYUN 1C DEB,1999-025BPF,2026-08-16T22:13:34.853376,14.57905363,.01382476,98.9684,29.3867,91.3390,60.1640,0,U,31297,999,2901,.14420747E-3,.693E-5,0
FENGYUN 1C DEB,1999-025BPJ,2026-08-15T12:21:46.154592,14.16260451,.00616264,99.5377,328.9521,95.1430,328.8739,0,U,31300,999,99652,.53706596E-3,.1035E-4,0
FENGYUN 1C DEB,1999-025BPL,2026-08-14T03:27:36.395136,14.28999795,.00284249,99.3992,291.9624,80.9432,308.7365,0,U,31302,999,99847,.553413E-3,.1356E-4,0
FENGYUN 1C DEB,1999-025BPM,2026-08-16T18:13:13.819872,14.11121907,.00112943,98.6945,242.2341,169.0753,191.0666,0,U,31303,999,99802,.79858247E-4,.101E-5,0
FENGYUN 1C DEB,1999-025BPP,2026-08-16T17:26:01.235616,14.31626814,.00195697,98.8453,319.3828,84.6598,68.2411,0,U,31311,999,99753,.66187738E-3,.1721E-4,0
FENGYUN 1C DEB,1999-025BPQ,2026-08-16T04:54:29.056608,14.01148258,.00566917,98.8725,211.8964,270.3271,154.5179,0,U,31312,999,98597,.85859224E-4,.87E-6,0
FENGYUN 1C DEB,1999-025BPR,2026-08-16T11:48:04.832640,14.22571123,.00441847,99.0025,142.8299,193.6260,166.3727,0,U,31313,999,545,.11650558E-3,.216E-5,0
FENGYUN 1C DEB,1999-025BPS,2026-08-14T04:41:46.983552,14.05135749,.00792049,98.8359,218.7424,32.7540,327.8503,0,U,31314,999,64247,.27276037E-3,.41E-5,0
FENGYUN 1C DEB,1999-025BPX,2026-08-16T03:51:35.389728,13.75905873,.01699732,98.8035,113.8449,148.9837,3.8957,0,U,31319,999,97076,.75329807E-4,.43E-6,0
FENGYUN 1C DEB,1999-025BPY,2026-08-09T16:46:35.730624,14.22777316,.01026217,98.3032,26.1621,123.7442,237.3567,0,U,31320,999,63767,.11397947E-2,.2659E-4,0
FENGYUN 1C DEB,1999-025BPZ,2026-08-11T10:24:23.478048,14.13946222,.0029291,98.7142,301.4289,208.2903,151.6681,0,U,31321,999,60799,.62478582E-4,.76E-6,0
FENGYUN 1C DEB,1999-025BQA,2026-08-11T20:49:36.997248,13.73107348,.02395282,98.5413,267.2285,81.6075,90.8805,0,U,31322,999,65598,.79764798E-4,.55E-6,0
FENGYUN 1C DEB,1999-025BQB,2026-08-15T15:07:55.267392,14.29135195,.00323183,99.4044,290.2128,97.0567,263.4289,0,U,31323,999,67491,.56574937E-3,.1393E-4,0
FENGYUN 1C DEB,1999-025BQC,2026-08-15T02:07:20.544672,14.14832494,.00495341,99.1304,159.0674,332.8410,27.0173,0,U,31324,999,99955,.71115526E-4,.92E-6,0
FENGYUN 1C DEB,1999-025BQD,2026-08-16T13:14:57.750720,14.18533203,.00689557,98.9917,330.7019,236.8470,122.6077,0,U,31325,999,63275,.90270327E-3,.1866E-4,0
FENGYUN 1C DEB,1999-025BQF,2026-08-16T14:15:36.179136,15.23592708,.00644765,98.9616,280.4517,264.0750,95.3131,0,U,31327,999,3843,.56324146E-3,.14203E-3,0
FENGYUN 1C DEB,1999-025BQG,2026-08-16T21:10:16.827744,14.29053791,.01035248,98.5124,201.5114,209.2514,150.2847,0,U,31328,999,961,.334657E-4,.46E-6,0
FENGYUN 1C DEB,1999-025BQH,2026-08-16T06:30:39.450816,14.71109897,.00524569,98.9066,241.5411,43.3432,317.1879,0,U,31329,999,6236,.59930271E-3,.3705E-4,0
FENGYUN 1C DEB,1999-025BQK,2026-08-09T19:11:22.419456,14.00774266,.00523085,98.8662,245.6884,234.6028,125.0245,0,U,31331,999,67217,.22653495E-4,-.9E-7,0
FENGYUN 1C DEB,1999-025BQL,2026-08-15T18:39:22.988160,14.12550032,.00506082,98.7030,236.0359,45.8332,128.8409,0,U,31332,999,99444,.40139008E-3,.709E-5,0
FENGYUN 1C DEB,1999-025BQM,2026-08-11T18:19:05.436768,14.27293969,.00983179,98.4209,234.4573,35.5479,325.2200,0,U,31333,999,22,.2923838E-3,.711E-5,0
FENGYUN 1C DEB,1999-025BQQ,2026-08-16T03:09:57.555360,14.39142866,.00937355,98.4339,284.6394,101.0216,288.1184,0,U,31336,999,1320,.14226716E-3,.419E-5,0
FENGYUN 1C DEB,1999-025BQS,2026-08-13T06:56:42.485568,14.23123295,.00716638,98.7054,67.4148,124.3689,236.4295,0,U,31338,999,67119,.96497682E-3,.2194E-4,0
FENGYUN 1C DEB,1999-025BQT,2026-08-15T23:35:10.726656,14.12912031,.00736815,98.7035,242.8039,345.3457,14.5580,0,U,31339,999,99154,.41285459E-3,.745E-5,0
FENGYUN 1C DEB,1999-025BQV,2026-08-16T17:26:27.535776,14.55745199,.00501222,99.5361,309.5880,333.5914,177.1615,0,U,31341,999,1209,.52393747E-3,.2271E-4,0
FENGYUN 1C DEB,1999-025BQW,2026-08-16T04:21:46.577376,14.36983001,.01111438,98.9637,199.3013,214.0487,145.3533,0,U,31342,999,1423,.52874783E-4,.117E-5,0
FENGYUN 1C DEB,1999-025BQZ,2026-08-13T18:42:52.613568,14.13380427,.00703236,98.0897,221.2143,93.8203,267.1016,0,U,31345,999,98948,.7147001E-3,.1337E-4,0
FENGYUN 1C DEB,1999-025BRA,2026-08-15T23:36:29.971008,15.19965450,.00902794,98.8778,241.3311,272.0283,87.0611,0,U,31346,999,3216,.38286089E-3,.9092E-4,0
FENGYUN 1C DEB,1999-025BRC,2026-08-14T09:54:31.332096,14.35604300,.0034803,99.1429,196.3952,73.2061,77.6827,0,U,31348,999,99758,.47611E-3,.1333E-4,0
FENGYUN 1C DEB,1999-025BRD,2026-08-11T07:44:17.481120,14.05659638,.0068542,99.2582,263.0902,295.9006,63.5106,0,U,31349,999,66330,.52845213E-3,.832E-5,0
FENGYUN 1C DEB,1999-025BRE,2026-08-15T07:59:47.050944,14.35496458,.00667986,98.9725,53.8881,125.2394,235.5066,0,U,31350,999,73776,.19658326E-3,.533E-5,0
FENGYUN 1C DEB,1999-025BRF,2026-08-13T19:04:25.191264,14.07194188,.00938777,98.8158,211.3192,84.6426,276.5445,0,U,31351,999,64807,.42790589E-4,.32E-6,0
FENGYUN 1C DEB,1999-025BRH,2026-08-08T01:03:48.248352,14.30605240,.02272285,99.0037,158.6415,94.4605,268.2572,0,U,31353,999,99991,.20910602E-3,.671E-5,0
FENGYUN 1C DEB,1999-025BRL,2026-08-14T04:47:43.523520,14.82911188,.00264241,98.6503,9.6751,209.3285,150.6444,0,U,31356,999,68736,.14085876E-2,.11445E-3,0
FENGYUN 1C DEB,1999-025BRM,2026-08-16T13:23:45.106944,14.18557070,.00489145,98.5858,256.9902,301.0562,213.9761,0,U,31357,999,192,.7538837E-5,-.27E-6,0
FENGYUN 1C DEB,1999-025BRP,2026-08-15T12:48:23.435712,14.23917405,.00695878,99.0793,338.4751,308.1767,51.3155,0,U,31359,999,2098,.90914611E-3,.2089E-4,0
FENGYUN 1C DEB,1999-025BRQ,2026-08-11T08:00:37.883520,14.14944648,.00993968,97.9936,61.2405,247.3393,111.7249,0,U,31360,999,66613,.10884068E-2,.2169E-4,0
FENGYUN 1C DEB,1999-025BRR,2026-08-14T15:36:17.831232,14.17868182,.00462523,98.5789,198.3356,84.3558,276.2889,0,U,31361,999,15,.49688763E-4,.61E-6,0
FENGYUN 1C DEB,1999-025BRS,2026-08-15T16:52:07.044384,14.17531302,.0019323,98.6665,220.8253,108.0481,252.2802,0,U,31362,999,50,.58720677E-4,.77E-6,0
FENGYUN 1C DEB,1999-025BRU,2026-08-16T07:23:39.941088,14.17027394,.0092499,99.2693,2.7666,172.9782,187.2711,0,U,31364,999,98366,.15535546E-2,.3211E-4,0
FENGYUN 1C DEB,1999-025BRV,2026-08-16T16:44:16.144512,14.44567480,.00406658,98.6691,323.1522,198.4073,161.5648,0,U,31365,999,181,.90407201E-3,.3112E-4,0
FENGYUN 1C DEB,1999-025BRX,2026-08-16T16:44:08.319264,14.48387648,.00976305,98.7266,136.2556,352.6183,37.0969,0,U,31367,999,2020,.24110404E-3,.906E-5,0
FENGYUN 1C DEB,1999-025BRY,2026-08-08T09:00:22.421664,14.25264068,.00455125,99.1331,59.1384,327.2595,32.5764,0,U,31368,999,67861,.30209156E-3,.67E-5,0
FENGYUN 1C DEB,1999-025BRZ,2026-08-16T04:56:26.735136,14.19657612,.00542421,98.6433,208.3048,308.5722,64.2144,0,U,31369,999,67824,.10924117E-3,.191E-5,0
FENGYUN 1C DEB,1999-025BSA,2026-08-16T05:40:06.688128,14.09988722,.00332104,98.7614,226.6728,321.6302,38.2507,0,U,31370,999,99767,.14340384E-3,.211E-5,0
FENGYUN 1C DEB,1999-025BSB,2026-08-12T07:09:59.414112,14.05048509,.00760317,98.7447,253.7401,286.5175,72.7650,0,U,31371,999,99152,.5052527E-3,.792E-5,0
FENGYUN 1C DEB,1999-025BSC,2026-08-15T23:41:21.758496,14.28264681,.00338208,99.3790,241.8570,91.4848,269.0205,0,U,31372,999,99364,.6928114E-3,.1688E-4,0
FENGYUN 1C DEB,1999-025BSE,2026-08-05T05:59:59.077248,14.37405106,.01370054,99.6387,21.1663,28.9262,331.9428,0,U,31374,999,99432,.10576065E-2,.3466E-4,0
FENGYUN 1C DEB,1999-025BSG,2026-08-16T19:03:16.388352,14.66327104,.0044033,98.8358,167.9446,224.6280,135.1374,0,U,31376,999,1755,.74474168E-3,.4114E-4,0
FENGYUN 1C DEB,1999-025BSJ,2026-08-16T17:45:10.975968,13.80502749,.01685027,100.7445,156.1804,296.8072,61.5928,0,U,31378,999,97631,.36592158E-3,.37E-5,0
FENGYUN 1C DEB,1999-025BSM,2026-08-08T11:30:46.762560,14.37894415,.01962847,98.4792,305.8662,39.2483,322.2748,0,U,31381,999,827,.11887449E-3,.398E-5,0
FENGYUN 1C DEB,1999-025BSP,2026-08-11T03:00:20.400768,14.06216454,.01074018,99.0455,290.0041,6.0977,23.6669,0,U,31383,999,98761,.35271594E-3,.566E-5,0
FENGYUN 1C DEB,1999-025BSQ,2026-08-12T19:55:32.792160,13.88242219,.0433253,98.4725,174.0487,91.0329,327.0041,0,U,31384,999,96395,.6987638E-3,.1735E-4,0
FENGYUN 1C DEB,1999-025BSR,2026-08-11T13:31:09.124320,14.44305634,.01340205,98.9566,331.3606,55.9968,318.0348,0,U,31385,999,2106,.48399611E-4,.132E-5,0
FENGYUN 1C DEB,1999-025BSS,2026-08-16T22:47:48.694560,13.87218494,.0195817,98.4382,224.8878,325.7951,33.0720,0,U,31386,999,97288,.11164964E-2,.1487E-4,0
FENGYUN 1C DEB,1999-025BST,2026-08-15T11:31:19.260192,14.13833715,.02405198,99.1367,116.9961,199.1894,160.0100,0,U,31387,999,99769,.73313661E-4,.133E-5,0
FENGYUN 1C DEB,1999-025BSU,2026-08-16T05:49:06.502368,14.07544947,.00459487,98.8249,215.2715,227.6800,145.7285,0,U,31388,999,99909,.12205691E-3,.164E-5,0
FENGYUN 1C DEB,1999-025BSV,2026-08-16T11:52:30.192096,14.71712500,.00250738,99.0416,64.1239,142.1046,277.9958,0,U,31389,999,107,.18531812E-2,.11569E-3,0
FENGYUN 1C DEB,1999-025BSW,2026-08-16T23:34:09.139872,14.46026266,.01077303,98.8582,46.0298,266.8249,245.7201,0,U,31410,999,1319,.3082434E-3,.1126E-4,0
FENGYUN 1C DEB,1999-025BSX,2026-08-16T22:34:13.037088,14.28458251,.01001211,98.6403,293.0703,251.3222,285.3982,0,U,31411,999,98008,.16735242E-3,.397E-5,0
FENGYUN 1C DEB,1999-025BSY,2026-08-14T06:25:46.235136,14.11047802,.0084339,98.5578,163.4675,359.4616,0.6452,0,U,31412,999,64439,.72038E-3,.1298E-4,0
FENGYUN 1C DEB,1999-025BTB,2026-08-14T16:43:59.678400,14.32100275,.00625927,99.6647,210.8826,96.3338,264.4975,0,U,31415,999,66335,.43436071E-3,.1141E-4,0
FENGYUN 1C DEB,1999-025BTC,2026-08-16T10:09:49.426272,14.41121832,.01318177,99.0238,297.5524,242.3247,116.4512,0,U,31416,999,69072,.14068056E-3,.447E-5,0
FENGYUN 1C DEB,1999-025BTF,2026-08-16T06:40:32.287872,14.75577336,.00378926,98.7861,66.8316,143.8545,216.5235,0,U,31419,999,68658,.87595625E-3,.5985E-4,0
FENGYUN 1C DEB,1999-025BTG,2026-08-14T14:31:24.889152,14.41554543,.0133307,97.5321,101.1607,294.2290,94.1302,0,U,31420,999,68521,.14811E-3,.494E-5,0
FENGYUN 1C DEB,1999-025BTJ,2026-08-13T06:18:58.516992,14.09900532,.0033791,98.7723,220.9078,333.6007,38.8637,0,U,31422,999,99093,.16534255E-3,.249E-5,0
FENGYUN 1C DEB,1999-025BTK,2026-08-16T15:54:38.167200,14.23125726,.00358804,98.6084,208.7021,196.5259,163.4753,0,U,31423,999,420,.6330054E-4,.101E-5,0
FENGYUN 1C DEB,1999-025BTL,2026-08-12T09:05:13.714080,14.08537860,.00943038,98.4524,258.5476,134.1344,226.7632,0,U,31424,999,66586,.19318087E-3,.306E-5,0
FENGYUN 1C DEB,1999-025BTN,2026-08-16T21:06:49.198176,13.91431829,.03204467,98.6019,13.4579,223.6998,292.3484,0,U,31426,999,97008,.11786488E-2,.2222E-4,0
FENGYUN 1C DEB,1999-025BTP,2026-08-16T07:06:22.735872,14.64400290,.00269388,98.6823,354.4201,338.8157,21.1926,0,U,31427,999,484,.10133547E-2,.5335E-4,0
FENGYUN 1C DEB,1999-025BTQ,2026-08-12T22:58:51.775680,14.43256001,.00629296,99.0573,216.2623,153.4903,233.6444,0,U,31428,999,978,.23534031E-3,.761E-5,0
FENGYUN 1C DEB,1999-025BTR,2026-08-16T02:17:13.981344,14.23486405,.00153051,98.6655,278.4320,72.8920,317.1660,0,U,31429,999,99457,.40740303E-3,.884E-5,0
FENGYUN 1C DEB,1999-025BTS,2026-08-16T03:26:13.631712,14.26624862,.00273115,98.7241,295.3669,47.1754,342.7268,0,U,31430,999,99630,.43566141E-3,.1012E-4,0
FENGYUN 1C DEB,1999-025BTT,2026-08-16T14:48:30.515904,14.04069439,.01329679,98.5243,106.7877,119.2516,242.2022,0,U,31431,999,97995,.57749418E-3,.95E-5,0
FENGYUN 1C DEB,1999-025BTV,2026-08-16T16:48:22.705920,14.27872652,.00979268,98.3983,127.5678,24.3092,30.6717,0,U,31433,999,99074,.11783287E-2,.3028E-4,0
FENGYUN 1C DEB,1999-025BTX,2026-08-15T00:13:12.616320,14.53844812,.01484824,99.0431,63.3238,160.6929,199.9974,0,U,31435,999,1876,.8547662E-4,.354E-5,0
FENGYUN 1C DEB,1999-025BTY,2026-08-16T16:35:21.490944,15.38851272,.00227839,98.8607,126.5966,129.2803,259.1471,0,U,31436,999,607,.42660709E-2,.168709E-2,0
FENGYUN 1C DEB,1999-025BTZ,2026-08-16T04:43:09.712416,14.45817776,.00136687,98.8586,324.5087,228.1496,131.8528,0,U,31437,999,54,.92800414E-3,.325E-4,0
FENGYUN 1C DEB,1999-025BUB,2026-08-09T20:25:00.331392,13.96068241,.01357612,98.9180,225.2981,220.8837,261.4560,0,U,31439,999,66582,.17065764E-3,.21E-5,0
FENGYUN 1C DEB,1999-025BUC,2026-08-13T17:29:35.374560,14.39021823,.00361009,98.7428,322.9534,340.1814,19.7968,0,U,31440,999,99832,.51273667E-3,.1549E-4,0
FENGYUN 1C DEB,1999-025BUD,2026-08-16T11:23:24.620928,15.00228197,.00578913,99.2837,138.3703,275.9060,83.5562,0,U,31441,999,67758,.30246284E-2,.39314E-3,0
FENGYUN 1C DEB,1999-025BUE,2026-08-16T11:15:04.555008,14.34443981,.00782422,98.5201,316.0054,1.4383,358.7012,0,U,31442,999,897,.14891553E-3,.39E-5,0
FENGYUN 1C DEB,1999-025BUF,2026-08-10T03:35:01.923648,14.51517021,.01853821,99.2232,349.1886,101.3974,260.8105,0,U,31443,999,70426,.6126581E-3,.3003E-4,0
FENGYUN 1C DEB,1999-025BUG,2026-08-13T20:58:28.676928,14.77804550,.00542736,98.9370,197.8027,32.2266,328.2239,0,U,31444,999,1016,.12439105E-2,.91E-4,0
FENGYUN 1C DEB,1999-025BUK,2026-08-10T09:25:50.513664,14.24288395,.02300974,98.9641,273.9854,22.0311,339.0567,0,U,31447,999,68277,.5406623E-4,.112E-5,0
FENGYUN 1C DEB,1999-025BUL,2026-08-14T18:01:06.000096,14.28584810,.00579009,98.4965,236.5529,203.6810,156.1705,0,U,31448,999,67801,.26546036E-3,.635E-5,0
FENGYUN 1C DEB,1999-025BUM,2026-08-01T22:20:06.059616,14.33990194,.0143475,98.5245,274.5142,301.0592,57.6575,0,U,31449,999,940,.11036E-3,.297E-5,0
FENGYUN 1C DEB,1999-025BUP,2026-08-14T09:39:42.716736,14.13917705,.0030329,98.7361,268.2171,234.4278,139.2145,0,U,31451,999,99467,.15047E-3,.243E-5,0
FENGYUN 1C DEB,1999-025BUQ,2026-08-11T04:20:27.926592,14.15495328,.0040435,98.6784,208.4545,155.7792,204.5294,0,U,31452,999,99621,.15039E-3,.253E-5,0
FENGYUN 1C DEB,1999-025BUT,2026-08-14T15:57:50.161824,14.11691401,.0218426,98.5953,209.5995,72.1316,290.3547,0,U,31455,999,99559,.12926049E-3,.253E-5,0
FENGYUN 1C DEB,1999-025BUU,2026-08-14T02:22:01.563744,14.43678127,.00655488,98.5859,335.1493,300.5780,58.8954,0,U,31456,999,983,.25266687E-3,.833E-5,0
FENGYUN 1C DEB,1999-025BUX,2026-08-10T11:20:27.291840,14.46388519,.00922786,98.1631,126.7872,117.4603,243.6010,0,U,31459,999,68035,.52996108E-3,.1962E-4,0
FENGYUN 1C DEB,1999-025BVA,2026-08-10T06:37:46.155360,14.13282452,.0031125,98.6775,238.5314,238.8958,182.9108,0,U,31462,999,99253,.15509694E-3,.249E-5,0
FENGYUN 1C DEB,1999-025BVB,2026-08-16T05:51:36.647424,14.37657701,.02117704,99.0968,229.1055,37.0163,324.5421,0,U,31463,999,68261,.23126745E-3,.843E-5,0
FENGYUN 1C DEB,1999-025BVC,2026-08-15T09:35:55.705056,14.12714611,.00425492,98.7640,274.2417,264.8276,107.5979,0,U,31464,999,98148,.12665172E-3,.193E-5,0
FENGYUN 1C DEB,1999-025BVE,2026-08-11T01:21:36.063360,14.18766728,.0298839,99.1030,164.5776,342.1362,16.9482,0,U,31466,999,99750,.86420139E-4,.222E-5,0
FENGYUN 1C DEB,1999-025BVF,2026-08-16T09:33:59.869440,14.01173128,.01545024,98.5827,86.8387,31.3340,329.6922,0,U,31467,999,3200,.10235864E-2,.1666E-4,0
FENGYUN 1C DEB,1999-025BVG,2026-08-16T06:14:47.613984,14.47471165,.01652575,98.1804,221.0800,132.8281,228.6938,0,U,31468,999,70937,.16292449E-3,.662E-5,0
FENGYUN 1C DEB,1999-025BVK,2026-08-02T20:37:35.076000,14.16752384,.01479111,97.9626,79.2467,36.0015,325.1017,0,U,31471,999,67276,.11337052E-2,.2488E-4,0
FENGYUN 1C DEB,1999-025BVM,2026-08-16T13:41:57.375744,14.31353196,.00636096,98.5247,262.0694,8.6848,143.2692,0,U,31473,999,73050,.6280164E-3,.1658E-4,0
FENGYUN 1C DEB,1999-025BVN,2026-08-12T20:58:14.033856,14.11635057,.00684408,99.1339,279.9695,243.3178,116.0974,0,U,31474,999,98399,.66261837E-3,.1185E-4,0
FENGYUN 1C DEB,1999-025BVP,2026-08-13T13:01:41.782944,14.39483366,.02086198,98.9173,129.3608,106.7542,255.6649,0,U,31475,999,99585,.25292286E-3,.963E-5,0
FENGYUN 1C DEB,1999-025BVQ,2026-08-16T11:35:02.277600,14.23401146,.00519839,98.8854,309.2364,179.4185,180.7063,0,U,31476,999,99208,.63181285E-3,.1409E-4,0
FENGYUN 1C DEB,1999-025BVR,2026-08-16T22:51:29.568384,14.03089386,.01108005,98.9049,218.1312,60.0380,301.1732,0,U,31477,999,98870,.46400466E-4,.34E-6,0
FENGYUN 1C DEB,1999-025BVU,2026-08-16T19:32:34.312128,13.92250566,.03370802,98.3301,60.3860,253.5087,102.8794,0,U,31480,999,96831,.16699163E-2,.3371E-4,0
FENGYUN 1C DEB,1999-025BVW,2026-08-16T22:53:18.551616,14.36565494,.00870342,98.3861,231.1934,263.8555,127.0881,0,U,31482,999,671,.28395612E-3,.827E-5,0
FENGYUN 1C DEB,1999-025BVX,2026-08-16T09:54:54.781920,14.18502403,.01135791,102.5107,282.9551,326.3912,46.4148,0,U,31483,999,98201,.12463738E-2,.2671E-4,0
FENGYUN 1C DEB,1999-025BVY,2026-08-12T13:39:27.559872,14.61007810,.00698531,101.8097,266.1055,208.9531,150.7774,0,U,31484,999,67773,.14422505E-2,.7244E-4,0
FENGYUN 1C DEB,1999-025BVZ,2026-08-16T03:49:32.834784,13.41251464,.04411852,102.7068,123.6843,145.5622,217.4941,0,U,31485,999,93747,.11352496E-2,.1057E-4,0
FENGYUN 1C DEB,1999-025BWB,2026-08-16T22:59:17.147040,13.98645087,.01191751,102.4072,128.5557,68.1074,306.6376,0,U,31487,999,97867,.79445749E-3,.1141E-4,0
FENGYUN 1C DEB,1999-025BWE,2026-08-16T00:24:03.690432,14.18727745,.00499316,99.2986,153.3127,294.5680,65.0294,0,U,31491,999,67218,.70591788E-3,.1435E-4,0
FENGYUN 1C DEB,1999-025BWF,2026-08-15T23:26:52.612512,14.81714171,.00502051,98.8598,62.9712,315.8099,43.9105,0,U,31492,999,119,.1324588E-2,.10614E-3,0
FENGYUN 1C DEB,1999-025BWG,2026-08-14T04:13:32.079072,13.93520656,.01157058,100.1521,200.4785,252.9456,105.8998,0,U,31493,999,63270,.22004596E-3,.252E-5,0
FENGYUN 1C DEB,1999-025BWJ,2026-08-12T11:51:42.046560,14.30551397,.00242116,99.1005,113.9112,194.1791,165.8713,0,U,31495,999,66860,.43286565E-3,.1084E-4,0
FENGYUN 1C DEB,1999-025BWL,2026-08-14T05:10:56.108352,14.39558566,.01666667,98.3934,209.5563,328.9107,42.3591,0,U,31497,999,1008,.82133587E-4,.251E-5,0
FENGYUN 1C DEB,1999-025BWM,2026-08-16T07:54:37.327680,13.78049594,.02150679,98.4966,178.8763,198.3324,160.9993,0,U,31498,999,96129,.84083801E-3,.965E-5,0
FENGYUN 1C DEB,1999-025BWN,2026-08-12T04:02:32.208576,14.04206675,.02537621,97.6543,359.9159,211.9037,146.6551,0,U,31499,999,65769,.17419472E-2,.3649E-4,0
FENGYUN 1C DEB,1999-025BWR,2026-08-16T17:29:18.287232,14.15861778,.00688319,99.0831,328.5521,251.0148,108.3558,0,U,31502,999,64068,.9502797E-3,.1866E-4,0
FENGYUN 1C DEB,1999-025BWS,2026-08-16T11:24:08.944992,14.23501331,.0047378,100.0806,135.3330,223.4996,136.2437,0,U,31503,999,67756,.38754594E-3,.835E-5,0
FENGYUN 1C DEB,1999-025BWW,2026-08-16T08:12:02.899872,14.53076778,.01159425,98.1692,259.5223,38.0154,335.6149,0,U,31507,999,1598,.22109086E-3,.949E-5,0
FENGYUN 1C DEB,1999-025BWX,2026-08-15T13:51:21.904704,14.69515544,.0027789,98.6420,353.8657,278.8647,80.9410,0,U,31508,999,519,.1143E-2,.6768E-4,0
FENGYUN 1C DEB,1999-025BWY,2026-08-16T06:53:56.942304,13.96123672,.01918931,99.0358,347.6550,262.5658,95.3665,0,U,31509,999,97401,.6838806E-3,.1051E-4,0
FENGYUN 1C DEB,1999-025BWZ,2026-08-15T17:39:05.836608,14.25078093,.00367092,98.5612,225.7806,334.9595,202.6488,0,U,31510,999,99990,.19319376E-3,.413E-5,0
FENGYUN 1C DEB,1999-025BXA,2026-08-14T08:08:09.974112,14.29032003,.0105579,99.0807,49.7923,238.7268,120.3538,0,U,31511,999,99293,.2452E-3,.61E-5,0
FENGYUN 1C DEB,1999-025BXB,2026-08-16T14:07:22.331424,14.44718853,.01428895,98.7851,137.4892,128.6642,351.5882,0,U,31512,999,69065,.19002929E-3,.695E-5,0
FENGYUN 1C DEB,1999-025BXC,2026-08-14T18:10:09.206400,14.34962255,.00298943,98.8651,334.4197,129.2365,231.1480,0,U,31513,999,76380,.88053483E-3,.2473E-4,0
FENGYUN 1C DEB,1999-025BXD,2026-08-16T17:08:15.136512,14.22416165,.0051942,99.2386,146.1718,132.8334,227.7225,0,U,31514,999,72834,.73108138E-3,.1603E-4,0
FENGYUN 1C DEB,1999-025BXF,2026-08-15T19:20:30.654240,14.25854452,.01472359,98.8563,350.8936,245.5751,270.5883,0,U,31516,999,99998,.15906715E-3,.376E-5,0
FENGYUN 1C DEB,1999-025BXJ,2026-08-12T19:11:00.833280,14.23845884,.00509656,98.5842,220.4093,255.6153,103.9366,0,U,31519,999,68223,.14795244E-3,.3E-5,0
FENGYUN 1C DEB,1999-025BXM,2026-08-16T12:03:20.510208,14.04386470,.00417826,98.6961,241.3608,227.2566,132.5083,0,U,31522,999,98459,.12036076E-3,.151E-5,0
FENGYUN 1C DEB,1999-025BXN,2026-08-13T09:00:33.080832,14.13881347,.0039148,98.7229,272.4465,135.1031,289.1056,0,U,31523,999,99450,.15478263E-4,-.13E-6,0
FENGYUN 1C DEB,1999-025BXP,2026-08-11T22:22:31.253952,14.07596157,.0276778,99.2517,116.0759,169.8299,254.6489,0,U,31524,999,66558,.23092E-3,.504E-5,0
FENGYUN 1C DEB,1999-025BXS,2026-08-16T15:53:03.097824,13.23613992,.04494594,98.9249,4.1091,58.0992,306.3043,0,U,31527,999,93456,.77869066E-4,.24E-6,0
FENGYUN 1C DEB,1999-025BXW,2026-08-13T08:57:18.482976,14.37025570,.02391925,98.3560,268.4852,259.6208,97.7940,0,U,31531,999,67432,.20502606E-3,.79E-5,0
FENGYUN 1C DEB,1999-025BXY,2026-08-14T10:52:00.574752,14.28025334,.0065499,98.9383,129.5945,0.8358,359.2920,0,U,31533,999,69615,.16095E-3,.362E-5,0
FENGYUN 1C DEB,1999-025BYA,2026-07-19T07:59:23.551008,14.29003080,.00859166,98.0218,37.9960,231.8967,127.4447,0,U,31535,999,75052,.26574342E-3,.66E-5,0
FENGYUN 1C DEB,1999-025BYB,2026-08-16T17:06:29.732832,14.58480089,.0281478,98.2221,138.4331,98.0879,265.2352,0,U,31536,999,99853,.57603059E-3,.4594E-4,0
FENGYUN 1C DEB,1999-025BYC,2026-08-16T06:20:06.777312,14.25856313,.03295516,99.3141,41.0796,341.3240,17.6073,0,U,31537,999,96789,.62838431E-3,.259E-4,0
FENGYUN 1C DEB,1999-025BYF,2026-08-16T06:41:31.298208,14.68091280,.01691804,99.0702,58.7710,262.2344,95.9620,0,U,31540,999,1901,.28298744E-3,.1945E-4,0
FENGYUN 1C DEB,1999-025BYG,2026-08-16T22:04:22.887840,14.71693614,.00745912,99.0056,41.6532,193.0317,166.8961,0,U,31541,999,2048,.48389242E-3,.3086E-4,0
FENGYUN 1C DEB,1999-025BYH,2026-08-13T22:45:12.186144,14.23972352,.0045897,98.7122,282.7682,218.4058,141.3850,0,U,31542,999,99414,.5145E-3,.1149E-4,0
FENGYUN 1C DEB,1999-025BYK,2026-08-15T20:54:39.411072,14.14920819,.0030538,98.8047,281.0271,289.2643,70.5228,0,U,31544,999,99237,.31693E-3,.571E-5,0
FENGYUN 1C DEB,1999-025BYM,2026-08-16T21:21:41.319648,14.14567869,.01441459,98.2277,284.1058,141.6181,219.5357,0,U,31546,999,98281,.83160641E-3,.1727E-4,0
FENGYUN 1C DEB,1999-025BYN,2026-08-05T08:56:12.276384,14.24422931,.00505926,99.0705,273.7096,297.6805,61.9244,0,U,31547,999,67370,.59206419E-3,.1341E-4,0
FENGYUN 1C DEB,1999-025BYR,2026-08-16T22:39:56.091744,14.41265802,.01870737,98.3195,226.7757,247.0128,111.1232,0,U,31550,999,69014,.17959905E-3,.662E-5,0
FENGYUN 1C DEB,1999-025BYT,2026-08-16T07:45:51.802272,14.51452650,.00776468,98.6264,0.5013,356.2936,3.7674,0,U,31552,999,99447,.10605736E-2,.4355E-4,0
FENGYUN 1C DEB,1999-025BYU,2026-08-16T16:28:30.324576,14.32119264,.00308787,98.9902,297.1191,101.0512,49.9958,0,U,31553,999,99442,.87803368E-3,.2327E-4,0
FENGYUN 1C DEB,1999-025BYV,2026-08-16T09:00:26.653536,14.57388750,.00334878,98.9154,23.5552,355.0193,5.0665,0,U,31554,999,68443,.11147898E-2,.5042E-4,0
FENGYUN 1C DEB,1999-025BYW,2026-08-16T16:09:11.896704,14.47332344,.01477355,99.1208,206.2327,182.4552,177.5930,0,U,31555,999,131,.50752604E-3,.2073E-4,0
FENGYUN 1C DEB,1999-025BYY,2026-08-07T04:28:10.535520,14.41453110,.01681872,98.3072,200.4147,275.4940,82.7087,0,U,31557,999,64519,.1222033E-3,.418E-5,0
FENGYUN 1C DEB,1999-025BYZ,2026-08-15T12:06:34.854048,14.39129832,.02094721,98.7703,133.8843,252.9013,284.2800,0,U,31558,999,968,.61363878E-4,.187E-5,0
FENGYUN 1C DEB,1999-025BZA,2026-08-16T21:52:55.490304,14.67009476,.00522708,98.8801,207.6781,149.0868,240.0026,0,U,31559,999,1174,.52560189E-3,.2948E-4,0
FENGYUN 1C DEB,1999-025BZB,2026-08-15T07:46:07.705056,14.21285691,.01199139,98.5602,261.3585,316.5516,42.6259,0,U,31560,999,106,.22623323E-4,.9E-7,0
FENGYUN 1C DEB,1999-025BZC,2026-08-16T05:55:48.239040,14.03066952,.00552711,98.7304,219.0648,212.2896,160.1960,0,U,31561,999,98635,.17025895E-3,.226E-5,0
FENGYUN 1C DEB,1999-025BZD,2026-08-12T10:36:03.907296,14.43365589,.00551961,99.2793,42.0630,290.1518,69.3737,0,U,31562,999,473,.24914951E-3,.803E-5,0
FENGYUN 1C DEB,1999-025BZE,2026-08-14T07:05:12.617088,14.66992550,.0110974,98.9745,47.2019,45.5046,315.5161,0,U,31563,999,2112,.15951E-3,.915E-5,0
FENGYUN 1C DEB,1999-025BZG,2026-08-14T01:13:01.033824,14.43475140,.00546959,100.7112,164.7479,61.1428,299.5229,0,U,31565,999,67873,.14289727E-2,.4859E-4,0
FENGYUN 1C DEB,1999-025BZH,2026-08-16T22:30:07.565184,14.40062911,.0022402,98.9375,303.2091,349.4441,68.1109,0,U,31566,999,99946,.9074488E-3,.2823E-4,0
FENGYUN 1C DEB,1999-025BZJ,2026-08-14T08:14:18.464928,13.94793530,.0182122,102.3111,178.4686,79.0866,283.0716,0,U,31567,999,70817,.12674E-2,.1883E-4,0
FENGYUN 1C DEB,1999-025BZK,2026-08-15T16:04:06.523680,14.05391480,.01186764,102.0443,194.2991,231.6854,127.3585,0,U,31568,999,98032,.75033569E-3,.1225E-4,0
FENGYUN 1C DEB,1999-025BZL,2026-08-15T04:49:39.384192,13.97257002,.01698992,102.6092,119.4540,140.6373,11.6396,0,U,31569,999,97105,.82565513E-3,.1234E-4,0
FENGYUN 1C DEB,1999-025BZM,2026-08-08T03:59:59.062848,14.28965068,.0138176,102.5701,7.1768,345.4611,14.2599,0,U,31570,999,66768,.88958754E-3,.2411E-4,0
FENGYUN 1C DEB,1999-025BZN,2026-08-14T15:14:58.171200,14.89791205,.0135189,98.4066,4.0256,323.1725,36.0261,0,U,31608,999,2256,.17589E-3,.1928E-4,0
FENGYUN 1C DEB,1999-025BZP,2026-08-14T01:36:40.563360,14.17455588,.00902907,99.1999,267.9791,349.9125,39.5011,0,U,31609,999,69544,.57995386E-3,.1176E-4,0
FENGYUN 1C DEB,1999-025BZT,2026-08-12T21:35:00.351168,13.64183701,.034346,98.4441,25.2452,181.5882,178.4202,0,U,31613,999,95076,.76342918E-3,.874E-5,0
FENGYUN 1C DEB,1999-025BZV,2026-08-16T21:54:31.504032,14.40511735,.01496333,99.1434,301.2333,312.1654,46.6902,0,U,31615,999,68831,.10167953E-2,.3639E-4,0
FENGYUN 1C DEB,1999-025BZY,2026-08-10T06:27:19.694016,14.21442110,.01567484,99.4742,27.2707,7.4720,352.8739,0,U,31618,999,73681,.10432047E-3,.207E-5,0
FENGYUN 1C DEB,1999-025BZZ,2026-08-16T14:50:52.664640,15.20209528,.0044125,99.0510,107.4698,204.8174,155.0934,0,U,31619,999,67194,.29058708E-2,.65059E-3,0
FENGYUN 1C DEB,1999-025CAA,2026-08-11T23:54:02.115648,14.40228586,.00201259,98.8829,321.5768,50.8009,309.4961,0,U,31620,999,69328,.72820248E-3,.2263E-4,0
FENGYUN 1C DEB,1999-025CAC,2026-08-16T19:20:13.247232,14.39780849,.0013478,98.8188,335.2121,333.5428,178.6763,0,U,31622,999,99324,.84306063E-3,.26E-4,0
FENGYUN 1C DEB,1999-025CAD,2026-08-14T04:31:28.864992,13.82806571,.01947338,97.6298,36.6640,44.2155,317.4381,0,U,31623,999,61298,.13013227E-3,.133E-5,0
FENGYUN 1C DEB,1999-025CAF,2026-08-16T05:41:37.307904,14.55855209,.01476438,98.8040,332.5991,345.1030,44.0072,0,U,31625,999,1951,.52582891E-4,.206E-5,0
FENGYUN 1C DEB,1999-025CAH,2026-08-15T20:59:56.884416,14.36958525,.0051783,98.5095,278.0012,141.1801,219.3123,0,U,31627,999,68300,.48332E-3,.141E-4,0
FENGYUN 1C DEB,1999-025CAJ,2026-08-16T00:39:14.939136,13.87935001,.0170028,102.2643,164.1047,351.6316,8.2004,0,U,31628,999,96715,.10559909E-2,.134E-4,0
FENGYUN 1C DEB,1999-025CAK,2026-08-16T07:53:11.657760,14.16954758,.01050895,102.1334,7.3746,126.9421,234.1421,0,U,31629,999,97936,.1321615E-2,.2731E-4,0
FENGYUN 1C DEB,1999-025CAL,2026-08-15T07:29:58.100064,15.16473227,.0137117,98.0997,54.6216,241.9599,116.7709,0,U,31630,999,2287,.42094188E-3,.10357E-3,0
FENGYUN 1C DEB,1999-025CAM,2026-08-14T20:23:46.239072,15.15484405,.00083899,99.3161,186.8687,252.8697,107.1611,0,U,31631,999,67623,.63197789E-2,.121595E-2,0
FENGYUN 1C DEB,1999-025CAP,2026-08-10T19:18:30.061440,14.06962389,.00648874,98.7076,233.1193,212.9102,146.8020,0,U,31633,999,60473,.39089496E-3,.622E-5,0
FENGYUN 1C DEB,1999-025CAQ,2026-08-08T20:52:04.050048,13.94862134,.0090609,99.3380,275.4744,229.5067,129.8172,0,U,31634,999,59857,.32689E-3,.408E-5,0
FENGYUN 1C DEB,1999-025CAV,2026-08-12T07:27:41.576832,13.85256936,.01604051,98.7638,159.3439,206.3255,307.8048,0,U,31639,999,97046,.66951653E-4,.43E-6,0
FENGYUN 1C DEB,1999-025CAY,2026-08-14T12:35:45.157344,14.33838063,.0118118,98.4892,309.3118,250.5507,108.2884,0,U,31642,999,493,.12799E-3,.339E-5,0
FENGYUN 1C DEB,1999-025CBA,2026-08-13T13:33:19.328256,14.70686612,.0148522,98.6506,135.2112,140.6840,344.0666,0,U,31644,999,74625,.26164337E-3,.1827E-4,0
FENGYUN 1C DEB,1999-025CBE,2026-08-16T01:25:26.592384,14.18023001,.00445145,102.7868,162.6626,288.7596,70.8737,0,U,31648,999,75386,.19011125E-2,.3857E-4,0
FENGYUN 1C DEB,1999-025CBM,2026-08-09T15:45:34.154784,13.65617655,.02828484,99.2746,162.3851,238.6008,246.8334,0,U,31655,999,62992,.10058719E-2,.1037E-4,0
FENGYUN 1C DEB,1999-025CBN,2026-08-16T12:19:31.920960,14.50322240,.00213652,99.1983,244.2768,43.6667,109.5909,0,U,31656,999,8,.76189313E-3,.2927E-4,0
FENGYUN 1C DEB,1999-025CBP,2026-08-08T16:46:11.900640,13.99051185,.01418957,102.2126,208.3630,193.8774,165.8459,0,U,31657,999,66204,.10107779E-2,.1524E-4,0
FENGYUN 1C DEB,1999-025CBQ,2026-08-16T22:46:33.047040,14.00768743,.02131327,98.1421,56.3707,342.0441,17.3277,0,U,31658,999,73275,.11107044E-2,.198E-4,0
FENGYUN 1C DEB,1999-025CBS,2026-08-13T19:22:14.691072,14.27830008,.01007333,98.5123,225.7921,184.2249,175.8092,0,U,31660,999,11398,.15763814E-3,.369E-5,0
FENGYUN 1C DEB,1999-025CBT,2026-08-15T04:50:23.641728,14.26957104,.0056715,98.8510,313.9344,232.5769,156.5671,0,U,31661,999,99212,.55731568E-3,.1332E-4,0
FENGYUN 1C DEB,1999-025CBV,2026-08-16T01:49:29.202816,14.77625809,.01870793,98.8398,164.5029,181.6196,178.4430,0,U,31663,999,2910,.71027039E-4,.601E-5,0
FENGYUN 1C DEB,1999-025CBW,2026-08-14T16:20:37.097088,14.10637977,.01240144,98.7686,217.0669,184.1107,175.9056,0,U,31664,999,99454,.19480596E-3,.331E-5,0
FENGYUN 1C DEB,1999-025CBX,2026-08-14T12:38:38.174208,13.85458435,.0184949,98.4338,250.2557,235.0959,123.2698,0,U,31665,999,96580,.59216E-3,.732E-5,0
FENGYUN 1C DEB,1999-025CBY,2026-08-16T22:21:09.353664,15.01053385,.00154855,98.6609,47.3697,74.6215,285.6716,0,U,31666,999,926,.15153977E-2,.19391E-3,0
FENGYUN 1C DEB,1999-025CBZ,2026-08-13T20:29:05.632224,14.23760064,.00517637,99.0584,90.4902,107.1639,253.5215,0,U,31667,999,59466,.10942442E-3,.207E-5,0
FENGYUN 1C DEB,1999-025CCE,2026-08-16T07:23:47.804352,14.54123109,.01014651,98.9450,77.5041,318.6827,40.6722,0,U,31672,999,68451,.56604657E-3,.2504E-4,0
FENGYUN 1C DEB,1999-025CCF,2026-08-14T08:26:52.298880,14.32256264,.012564,99.3552,85.2799,64.2506,297.1581,0,U,31673,999,68392,.87901E-4,.207E-5,0
FENGYUN 1C DEB,1999-025CCG,2026-08-15T10:24:02.720448,14.56786322,.00211056,98.9187,285.0237,257.3065,102.5771,0,U,31674,999,68186,.10254813E-2,.4552E-4,0
FENGYUN 1C DEB,1999-025CCL,2026-08-16T03:47:06.021312,14.56885938,.02466217,98.8197,355.8933,357.5132,2.4820,0,U,31678,999,402,.26929373E-3,.1763E-4,0
FENGYUN 1C DEB,1999-025CCN,2026-08-10T19:09:37.749312,15.45435269,.00485195,99.8488,55.4952,205.4992,154.3855,0,U,31680,999,3870,.54318502E-3,.2711E-3,0
FENGYUN 1C DEB,1999-025CCT,2026-08-16T18:48:26.308512,14.09736990,.00155287,98.7122,250.3173,247.1510,112.8022,0,U,31685,999,98570,.82513336E-4,.102E-5,0
FENGYUN 1C DEB,1999-025CCU,2026-08-16T11:15:23.171616,14.76248794,.0268353,98.1275,306.4264,20.0981,42.0444,0,U,31686,999,1446,.28430426E-3,.3504E-4,0
FENGYUN 1C DEB,1999-025CCW,2026-08-15T14:56:51.201312,14.02411551,.00746902,98.9321,282.2281,177.5451,182.6096,0,U,31688,999,98724,-.11703503E-3,-.228E-5,0
FENGYUN 1C DEB,1999-025CCZ,2026-08-14T12:03:05.365152,14.28316464,.005774,98.8778,321.6840,248.0439,111.4599,0,U,31691,999,67603,.82539E-3,.2051E-4,0
FENGYUN 1C DEB,1999-025CDA,2026-08-04T11:31:02.609184,14.20909272,.00873453,99.1796,226.5672,134.3408,226.4969,0,U,31692,999,61540,.18698155E-2,.416E-4,0
FENGYUN 1C DEB,1999-025CDD,2026-08-16T12:32:29.590944,14.78554933,.01633149,98.2558,323.4889,159.1685,201.6284,0,U,31695,999,69613,.80759977E-3,.7331E-4,0
FENGYUN 1C DEB,1999-025CDN,2026-08-15T01:43:05.138400,14.54039484,.01830667,99.2776,87.3948,105.9582,256.1864,0,U,31715,999,65280,.33926259E-3,.1725E-4,0
FENGYUN 1C DEB,1999-025CDP,2026-08-16T04:42:00.009216,14.04617029,.01293258,98.5396,117.7919,116.2672,34.6639,0,U,31716,999,97578,.54174093E-3,.894E-5,0
FENGYUN 1C DEB,1999-025CDQ,2026-08-09T12:00:01.220832,14.17910626,.01564311,96.9313,314.1431,18.9835,341.7088,0,U,31717,999,98045,.65476709E-3,.1481E-4,0
FENGYUN 1C DEB,1999-025CDT,2026-08-13T14:11:00.900096,14.74629732,.00960594,99.0535,170.4705,85.8809,275.3369,0,U,31720,999,1811,.34789152E-3,.2432E-4,0
FENGYUN 1C DEB,1999-025CDU,2026-08-16T11:11:26.345760,13.74103304,.03157397,99.8026,219.5090,266.4260,248.8631,0,U,31721,999,70774,.20459663E-3,.226E-5,0
FENGYUN 1C DEB,1999-025CDX,2026-08-14T10:42:01.744992,14.54955790,.0138153,97.8523,221.9160,200.9147,158.6367,0,U,31724,999,68044,.98527E-3,.4772E-4,0
FENGYUN 1C DEB,1999-025CDY,2026-08-10T07:33:54.645984,12.79808138,.06884012,99.1773,41.1939,153.9563,209.7942,0,U,31725,999,89558,.12678566E-2,.757E-5,0
FENGYUN 1C DEB,1999-025CDZ,2026-08-14T20:23:44.723616,14.13318090,.02331714,98.6894,247.6440,18.0564,157.4698,0,U,31726,999,67507,.40228005E-3,.933E-5,0
FENGYUN 1C DEB,1999-025CEA,2026-08-16T07:03:14.480640,14.40021294,.00280796,98.8757,353.5451,331.8613,58.9682,0,U,31727,999,75214,.91825293E-3,.286E-4,0
FENGYUN 1C DEB,1999-025CEE,2026-08-16T16:00:51.667488,14.42644503,.00132538,99.2941,303.6114,100.4334,259.8348,0,U,31731,999,99388,.82855628E-3,.2707E-4,0
FENGYUN 1C DEB,1999-025CEF,2026-08-14T08:22:07.058784,14.12523090,.0038907,98.5484,255.1746,266.8253,92.8468,0,U,31732,999,67783,.14693E-3,.232E-5,0
FENGYUN 1C DEB,1999-025CEH,2026-08-16T05:43:49.763424,14.29503417,.01030328,98.5114,219.5086,2.2542,357.9084,0,U,31734,999,99972,.19071038E-3,.473E-5,0
FENGYUN 1C DEB,1999-025CEJ,2026-08-16T00:34:24.764736,14.43829425,.00576891,98.5895,338.1862,263.5176,95.9444,0,U,31735,999,210,.29806152E-3,.989E-5,0
FENGYUN 1C DEB,1999-025CEK,2026-08-10T17:41:22.320096,14.14316976,.00107235,98.6839,222.8737,275.5899,84.4051,0,U,31736,999,67471,.72018125E-4,.95E-6,0
FENGYUN 1C DEB,1999-025CEL,2026-08-16T00:48:24.405984,14.70523703,.01429161,97.8925,258.8484,308.9981,79.9857,0,U,31737,999,1818,.19166496E-3,.1304E-4,0
FENGYUN 1C DEB,1999-025CEM,2026-07-25T22:26:24.933120,13.85973726,.03048671,99.3460,279.0119,217.8513,140.0855,0,U,31738,999,65376,.1534511E-2,.2495E-4,0
FENGYUN 1C DEB,1999-025CEN,2026-08-16T09:31:44.979168,14.19322128,.01283999,98.7140,285.1497,88.6253,272.9629,0,U,31739,999,98985,.49042574E-4,.69E-6,0
FENGYUN 1C DEB,1999-025CEP,2026-08-16T13:09:07.606944,14.43928973,.00253087,99.8162,82.3558,75.2292,315.1576,0,U,31740,999,68635,.45203783E-3,.1493E-4,0
FENGYUN 1C DEB,1999-025CEQ,2026-08-14T01:32:36.642336,14.32406362,.01749463,99.0727,167.5852,80.4590,281.6313,0,U,31741,999,5716,.40010284E-3,.1231E-4,0
FENGYUN 1C DEB,1999-025CER,2026-08-16T09:38:25.081152,14.40642056,.00749417,98.8914,103.1845,319.4607,40.1013,0,U,31742,999,195,.25120125E-3,.779E-5,0
FENGYUN 1C DEB,1999-025CES,2026-08-14T15:08:09.195072,14.33354400,.0035583,99.1513,172.9386,228.3213,307.1432,0,U,31743,999,99146,.78788E-3,.2138E-4,0
FENGYUN 1C DEB,1999-025CET,2026-08-15T01:55:34.570272,14.20349066,.03050105,99.3208,355.6126,70.9068,292.4870,0,U,31744,999,98093,.89656412E-3,.3016E-4,0
FENGYUN 1C DEB,1999-025CEV,2026-08-16T08:48:20.952288,14.90649797,.0019151,98.6026,14.8671,136.5034,223.7696,0,U,31746,999,515,.18691723E-2,.18357E-3,0
FENGYUN 1C DEB,1999-025CFB,2026-08-10T00:47:03.196896,13.94515883,.03527554,98.9621,293.2563,34.4658,327.8842,0,U,31752,999,96938,.30178883E-3,.631E-5,0
FENGYUN 1C DEB,1999-025CFC,2026-08-16T14:03:31.353120,14.18916978,.01585596,98.6061,259.9061,181.7653,331.3564,0,U,31753,999,99519,.11382084E-3,.226E-5,0
FENGYUN 1C DEB,1999-025CFD,2026-08-15T05:14:53.215008,14.43782341,.00477619,99.0589,212.6921,210.0310,149.8138,0,U,31754,999,496,.31945609E-3,.1051E-4,0
FENGYUN 1C DEB,1999-025CFE,2026-08-10T17:55:19.810848,14.08605227,.01899849,98.7984,213.8015,62.0007,111.0605,0,U,31755,999,67064,.14300715E-3,.248E-5,0
FENGYUN 1C DEB,1999-025CFG,2026-08-13T07:16:51.003840,14.08131237,.02179655,98.7514,245.3910,116.2577,246.1171,0,U,31757,999,67309,.4609306E-5,-.31E-6,0
FENGYUN 1C DEB,1999-025CFH,2026-08-16T06:21:09.762048,14.48293680,.02975497,98.0579,230.4609,54.9057,307.9650,0,U,31758,999,97762,.15097594E-2,.988E-4,0
FENGYUN 1C DEB,1999-025CFK,2026-08-16T13:08:42.659808,14.30934554,.00519291,99.2650,346.9797,205.0380,154.8281,0,U,31760,999,99661,.30817443E-3,.772E-5,0
FENGYUN 1C DEB,1999-025CFL,2026-08-16T21:03:37.634688,14.06131987,.04614301,98.6077,86.5945,284.1562,70.8767,0,U,31761,999,61581,.53680109E-3,.2283E-4,0
FENGYUN 1C DEB,1999-025CFN,2026-08-16T16:32:10.789728,13.50918461,.05458717,98.5185,308.0098,149.2210,4.3141,0,U,31763,999,94339,.50420092E-3,.8E-5,0
FENGYUN 1C DEB,1999-025CFR,2026-08-16T05:46:13.001664,14.05399607,.00736207,98.8268,224.4525,320.6850,38.8987,0,U,31766,999,67548,-.24856517E-4,-.85E-6,0
FENGYUN 1C DEB,1999-025CFS,2026-08-16T13:06:27.008352,14.05080251,.00420517,98.7980,256.0970,97.7627,55.4274,0,U,31767,999,98291,.20098546E-3,.284E-5,0
FENGYUN 1C DEB,1999-025CFT,2026-08-16T19:13:44.202720,14.85488469,.00209833,99.0350,337.8820,279.1848,232.2473,0,U,31768,999,521,.13527451E-2,.11669E-3,0
FENGYUN 1C DEB,1999-025CFU,2026-08-10T20:13:20.981280,14.41171080,.00699449,98.4293,230.1582,92.6115,268.3083,0,U,31769,999,67601,.1271625E-2,.418E-4,0
FENGYUN 1C DEB,1999-025CFX,2026-08-16T04:47:31.670304,14.12694313,.01355349,98.4668,137.3331,127.3800,233.9805,0,U,31772,999,74362,.43154337E-3,.833E-5,0
FENGYUN 1C DEB,1999-025CFY,2026-08-08T07:44:55.134240,14.79241615,.00366113,98.9499,241.9244,150.5762,209.7518,0,U,31773,999,68695,.58663839E-3,.4345E-4,0
FENGYUN 1C DEB,1999-025CFZ,2026-07-29T20:30:34.563744,14.21652113,.00560646,98.7515,257.9960,270.5764,88.8990,0,U,31774,999,66259,.97664803E-3,.2134E-4,0
FENGYUN 1C DEB,1999-025CGB,2026-08-15T10:51:15.384096,14.19806961,.00522763,99.0596,297.8215,356.9909,19.4033,0,U,31776,999,98366,.48273375E-3,.99E-5,0
FENGYUN 1C DEB,1999-025CGE,2026-08-16T07:20:10.682880,14.42308129,.02113374,99.3113,175.5487,179.2651,180.8887,0,U,31779,999,509,.93050612E-4,.338E-5,0
FENGYUN 1C DEB,1999-025CGF,2026-08-16T11:40:39.031968,14.70732640,.01475758,99.3038,60.4841,15.8764,344.6993,0,U,31780,999,2111,.11188655E-3,.732E-5,0
FENGYUN 1C DEB,1999-025CGG,2026-08-14T06:52:04.516032,14.16170477,.019163,99.5016,58.0662,311.6612,46.8289,0,U,31781,999,71806,.95047E-3,.2197E-4,0
FENGYUN 1C DEB,1999-025CGH,2026-08-16T06:15:23.347296,14.36811430,.00786129,98.9279,43.1360,351.9524,184.0414,0,U,31782,999,209,.13718976E-3,.371E-5,0
FENGYUN 1C DEB,1999-025CGJ,2026-08-16T18:10:11.625600,14.09266369,.01042469,98.6051,231.3887,68.5750,106.3718,0,U,31783,999,92699,.32779335E-3,.559E-5,0
FENGYUN 1C DEB,1999-025CGP,2026-08-08T08:20:54.931200,13.46354831,.04618354,102.5564,68.6501,281.3085,260.7202,0,U,31788,999,93814,.11524164E-2,.1259E-4,0
FENGYUN 1C DEB,1999-025CGS,2026-08-05T05:17:03.141600,14.13575959,.01374957,98.2989,13.6057,185.1152,174.8626,0,U,31804,999,66987,.13269611E-2,.2699E-4,0
FENGYUN 1C DEB,1999-025CGT,2026-08-08T03:29:38.140512,14.06498821,.04319539,98.3810,191.9312,200.0353,158.3400,0,U,31805,999,65711,.44833846E-3,.1693E-4,0
FENGYUN 1C DEB,1999-025CGV,2026-08-12T16:31:54.435072,14.53474727,.01036261,99.1058,20.9227,152.3639,208.3117,0,U,31807,999,68833,.27262627E-3,.1162E-4,0
FENGYUN 1C DEB,1999-025CGW,2026-08-11T08:10:12.891072,14.67494696,.00339499,99.1977,82.9056,118.8122,241.6494,0,U,31808,999,61135,.12818203E-2,.7272E-4,0
FENGYUN 1C DEB,1999-025CGY,2026-08-15T18:33:10.833984,14.47120047,.02115454,98.2591,242.3277,110.1649,252.2435,0,U,31810,999,67971,.24761573E-3,.1144E-4,0
FENGYUN 1C DEB,1999-025CHB,2026-08-14T02:34:26.744736,14.50800393,.01338131,99.4265,339.5141,330.0969,29.2625,0,U,31813,999,792,.12881453E-3,.505E-5,0
FENGYUN 1C DEB,1999-025CHC,2026-08-10T21:07:42.162240,13.66705810,.0227888,99.5446,274.8491,316.4802,41.8555,0,U,31814,999,65093,.21257E-3,.166E-5,0
FENGYUN 1C DEB,1999-025CHD,2026-08-16T17:11:02.288544,14.10327389,.00595877,98.7902,214.2542,43.2346,317.3480,0,U,31815,999,99020,-.9567997E-5,-.6E-6,0
FENGYUN 1C DEB,1999-025CHE,2026-08-16T19:31:25.661280,13.94800153,.01207632,98.9979,341.6640,197.4085,315.1706,0,U,31816,999,97137,.44420611E-3,.59E-5,0
FENGYUN 1C DEB,1999-025CHF,2026-08-16T07:43:59.337984,14.68852448,.00588641,98.9162,251.4502,34.7967,325.7063,0,U,31817,999,75022,.5544566E-3,.3266E-4,0
FENGYUN 1C DEB,1999-025CHH,2026-08-11T16:18:47.167776,14.30604683,.00862933,98.4900,214.0551,326.9751,32.6060,0,U,31819,999,136,.14119007E-3,.34E-5,0
FENGYUN 1C DEB,1999-025CHJ,2026-08-16T00:46:02.480160,14.99290789,.01336764,98.9505,79.4995,295.8471,62.9013,0,U,31820,999,1899,.36906032E-3,.5344E-4,0
FENGYUN 1C DEB,1999-025CHK,2026-08-16T02:44:56.441760,14.50615900,.0195936,98.1474,109.0967,341.7956,17.6291,0,U,31821,999,97223,.2273615E-2,.11397E-3,0
FENGYUN 1C DEB,1999-025CHM,2026-08-13T19:42:54.410976,14.70818337,.00379179,99.5159,356.4759,190.9245,169.1138,0,U,31823,999,298,.90173771E-3,.5507E-4,0
FENGYUN 1C DEB,1999-025CHP,2026-08-16T05:57:24.834240,14.22247995,.01644948,98.5986,226.7119,343.2313,16.3465,0,U,31825,999,99125,.27101812E-3,.646E-5,0
FENGYUN 1C DEB,1999-025CHQ,2026-08-16T05:06:29.217888,14.19693594,.01229806,98.6429,218.2884,197.8702,174.9128,0,U,31826,999,99311,.15295331E-3,.306E-5,0
FENGYUN 1C DEB,1999-025CHT,2026-08-16T07:26:09.157344,13.88907624,.01681975,98.8631,30.8045,212.2181,267.9612,0,U,31829,999,97570,.22072189E-3,.257E-5,0
FENGYUN 1C DEB,1999-025CHU,2026-08-16T06:38:04.332192,13.84411495,.01825971,99.1680,332.9789,15.5143,10.0882,0,U,31830,999,96150,.47649795E-3,.564E-5,0
FENGYUN 1C DEB,1999-025CHY,2026-08-14T20:27:20.072160,14.03428765,.01622353,98.3449,72.3115,103.3016,258.6301,0,U,31834,999,67148,.33199555E-3,.546E-5,0
FENGYUN 1C DEB,1999-025CJA,2026-08-16T20:33:02.325888,14.11621131,.01116863,98.6220,189.1088,132.3608,228.7087,0,U,31836,999,64888,.95018712E-3,.1791E-4,0
FENGYUN 1C DEB,1999-025CJB,2026-08-16T12:13:35.124384,14.86901328,.00841111,98.0824,312.7603,294.1622,65.0816,0,U,31837,999,2014,.43296115E-3,.4063E-4,0
FENGYUN 1C DEB,1999-025CJC,2026-08-08T09:28:11.081280,14.21754379,.00393792,98.6960,272.7825,124.5496,300.2334,0,U,31838,999,67967,.30241385E-3,.627E-5,0
FENGYUN 1C DEB,1999-025CJF,2026-08-15T04:40:15.449664,14.05554106,.0301399,98.4430,23.9904,329.1379,208.4578,0,U,31841,999,62785,.41731617E-3,.976E-5,0
FENGYUN 1C DEB,1999-025CJH,2026-08-07T14:11:50.338176,13.36020788,.06304173,99.2924,145.4012,126.1474,239.9693,0,U,31843,999,67870,.96774596E-3,.1534E-4,0
FENGYUN 1C DEB,1999-025CJJ,2026-08-14T13:04:43.851072,14.20544282,.0102401,100.3008,260.2246,41.5333,319.3561,0,U,31844,999,98807,.29473E-3,.611E-5,0
FENGYUN 1C DEB,1999-025CJU,2026-08-16T05:40:59.182176,14.03356180,.00718,98.8514,229.7490,172.2923,187.9365,0,U,31854,999,72729,.19265621E-3,.265E-5,0
FENGYUN 1C DEB,1999-025CJX,2026-08-11T02:53:18.428352,13.62798395,.03086927,96.1876,170.1370,330.3563,28.0396,0,U,31857,999,64916,.67262644E-3,.701E-5,0
FENGYUN 1C DEB,1999-025CKB,2026-08-14T22:43:46.671744,13.31264017,.0495362,102.3348,113.6805,32.5313,330.5332,0,U,31861,999,70029,.15809E-2,.1434E-4,0
FENGYUN 1C DEB,1999-025CKC,2026-08-16T06:42:03.312864,15.07809913,.00928819,98.9995,343.9879,191.6258,168.2822,0,U,31877,999,2749,.59363807E-3,.9955E-4,0
FENGYUN 1C DEB,1999-025CKD,2026-08-16T16:01:56.084736,14.91465259,.00759035,99.4579,204.6795,180.0070,180.1155,0,U,31878,999,1737,.38313244E-3,.3966E-4,0
FENGYUN 1C DEB,1999-025CKE,2026-08-15T17:20:53.406240,14.43550191,.02083266,99.6853,145.1767,42.6107,319.1032,0,U,31879,999,66758,.18065934E-3,.729E-5,0
FENGYUN 1C DEB,1999-025CKF,2026-08-16T05:32:34.922400,13.89808433,.01264605,100.0447,55.2019,224.4470,134.6484,0,U,31880,999,66403,.44580082E-3,.533E-5,0
FENGYUN 1C DEB,1999-025CKH,2026-08-11T01:33:38.973888,14.13497597,.00346142,98.9195,149.8226,262.7990,96.9246,0,U,31882,999,62045,.23691107E-3,.403E-5,0
FENGYUN 1C DEB,1999-025CKJ,2026-08-16T19:42:52.933536,14.69872456,.01205255,99.0387,176.3368,26.3432,334.3832,0,U,31883,999,1591,.5361779E-3,.3519E-4,0
FENGYUN 1C DEB,1999-025CKN,2026-08-16T16:46:50.829024,14.60784653,.00180495,99.5222,321.5262,348.3330,11.7446,0,U,31887,999,205,.96734628E-3,.4675E-4,0
FENGYUN 1C DEB,1999-025CKP,2026-08-16T07:18:47.685312,14.36370330,.00161905,99.1610,174.6852,215.6558,144.3546,0,U,31888,999,99174,.79949019E-3,.2295E-4,0
FENGYUN 1C DEB,1999-025CKR,2026-08-02T19:28:48.360576,14.10231062,.00714055,98.7132,224.1730,302.5075,56.9209,0,U,31890,999,67437,.12044827E-3,.175E-5,0
FENGYUN 1C DEB,1999-025CKS,2026-08-14T11:26:29.760576,13.66431705,.0222605,99.3925,239.4986,271.8183,85.7481,0,U,31891,999,95752,.26351E-3,.214E-5,0
FENGYUN 1C DEB,1999-025CKT,2026-08-13T08:03:05.325120,14.42240620,.01955054,99.2975,61.7484,291.9329,66.1178,0,U,31892,999,68416,.14099181E-3,.52E-5,0
FENGYUN 1C DEB,1999-025CKU,2026-08-14T18:26:49.117056,14.64653158,.01720596,99.0972,215.3495,296.3425,240.3521,0,U,31893,999,1978,.9013643E-4,.521E-5,0
FENGYUN 1C DEB,1999-025CKW,2026-08-16T18:31:49.642176,13.76586337,.02206823,99.0803,251.5062,295.3052,62.5385,0,U,31895,999,65294,.87334725E-3,.98E-5,0
FENGYUN 1C DEB,1999-025CKZ,2026-08-13T21:37:37.889472,14.71208053,.01380648,98.6779,111.6577,175.7721,184.4686,0,U,31898,999,69299,.26406222E-3,.1823E-4,0
FENGYUN 1C DEB,1999-025CLA,2026-08-16T04:36:20.808000,13.84142716,.01796949,102.0827,5.5773,285.2287,72.9052,0,U,31899,999,70973,.98454186E-3,.1175E-4,0
FENGYUN 1C DEB,1999-025CLC,2026-08-16T01:59:13.368768,13.94267849,.01303473,98.6291,177.8720,227.7450,131.2598,0,U,31901,999,66840,.17456577E-3,.208E-5,0
FENGYUN 1C DEB,1999-025CLD,2026-08-13T10:24:29.916576,14.23640340,.01798727,98.5318,202.8169,158.6598,352.8789,0,U,31902,999,68258,.8558156E-4,.187E-5,0
FENGYUN 1C DEB,1999-025CLE,2026-08-16T00:18:39.188448,14.62062084,.01261058,99.2770,251.2378,10.1777,350.1930,0,U,31903,999,976,.2904439E-3,.1567E-4,0
FENGYUN 1C DEB,1999-025CLG,2026-08-14T06:20:40.061184,14.34037593,.0194816,99.1700,221.9978,102.8322,259.4704,0,U,31905,999,106,.22381E-3,.719E-5,0
FENGYUN 1C DEB,1999-025CLH,2026-08-15T08:01:23.233152,14.26738421,.00552502,98.7034,3.5953,122.7226,300.3233,0,U,31906,999,98629,.34482921E-3,.804E-5,0
FENGYUN 1C DEB,1999-025CLM,2026-08-07T18:01:13.910016,14.49545608,.0223156,97.6567,224.2211,135.4605,226.4770,0,U,31910,999,67815,.32479893E-3,.1668E-4,0
FENGYUN 1C DEB,1999-025CLQ,2026-08-16T14:08:08.455200,13.93498936,.01947312,99.2842,155.4456,2.3950,357.8098,0,U,31913,999,59322,.13537931E-2,.203E-4,0
FENGYUN 1C DEB,1999-025CLR,2026-08-16T23:05:30.566112,14.56082149,.01821251,98.9928,116.7405,40.6901,320.7738,0,U,31914,999,72070,.99390282E-4,.484E-5,0
FENGYUN 1C DEB,1999-025CLS,2026-08-16T00:10:43.841568,14.16934691,.00991006,98.6203,243.3287,282.7778,76.2337,0,U,31915,999,67594,.32298245E-3,.637E-5,0
FENGYUN 1C DEB,1999-025CLT,2026-08-08T00:56:15.553824,14.34359156,.01447747,99.3295,328.6667,127.2968,234.1514,0,U,31916,999,67941,.58766496E-3,.1806E-4,0
FENGYUN 1C DEB,1999-025CLU,2026-08-12T05:49:15.674592,14.38448059,.01866993,98.3743,215.9564,286.2259,82.2023,0,U,31917,999,99907,.13474456E-3,.451E-5,0
FENGYUN 1C DEB,1999-025CLW,2026-08-16T17:36:27.336672,14.46403437,.01012846,99.1337,34.6662,192.8535,180.2193,0,U,31919,999,652,.18181517E-3,.64E-5,0
FENGYUN 1C DEB,1999-025CLY,2026-08-16T15:42:43.019712,13.75834279,.02049241,99.3234,120.9741,336.9259,22.2786,0,U,31921,999,95701,.66014129E-3,.7E-5,0
FENGYUN 1C DEB,1999-025CLZ,2026-08-15T22:31:24.108672,13.87537676,.01610764,98.8213,210.4806,76.5719,341.0221,0,U,31922,999,96430,.84969945E-3,.1073E-4,0
FENGYUN 1C DEB,1999-025CMA,2026-08-16T03:26:50.876160,13.55413168,.02984807,98.4266,291.4566,21.9518,339.4106,0,U,31923,999,66972,.26492324E-4,-.1E-6,0
FENGYUN 1C DEB,1999-025CMB,2026-08-16T18:55:07.152672,13.64738109,.02729939,98.4179,358.3444,161.9348,199.1735,0,U,31924,999,94836,.10705759E-2,.1077E-4,0
FENGYUN 1C DEB,1999-025CMD,2026-08-16T17:50:48.088032,14.33260290,.00367673,98.9585,336.9452,253.0839,106.6312,0,U,31926,999,98763,.94003825E-3,.2559E-4,0
FENGYUN 1C DEB,1999-025CME,2026-08-15T15:11:04.823808,14.35596338,.0073695,98.8226,6.9799,51.2633,309.5109,0,U,31929,999,74173,.16398E-3,.441E-5,0
FENGYUN 1C DEB,1999-025CMG,2026-08-09T23:13:43.639680,13.42961243,.04239886,97.8180,124.3677,5.1075,355.4187,0,U,31931,999,68446,.36824538E-3,.328E-5,0
FENGYUN 1C DEB,1999-025CMN,2026-08-09T02:16:45.551424,14.81837795,.01531028,99.2647,352.1891,269.4777,88.8888,0,U,31937,999,69610,.29096632E-3,.2734E-4,0
FENGYUN 1C DEB,1999-025CMP,2026-08-16T15:21:41.025024,14.98397789,.01451353,98.8979,299.5560,346.0961,13.6280,0,U,31938,999,2823,.10940048E-3,.153E-4,0
FENGYUN 1C DEB,1999-025CMV,2026-08-14T06:02:07.077984,14.12408165,.015123,99.2316,25.6716,39.5714,83.2083,0,U,31944,999,66361,.18795E-3,.34E-5,0
FENGYUN 1C DEB,1999-025CMW,2026-08-16T16:16:37.344000,14.22288028,.00570595,98.9530,313.6300,299.7163,59.8343,0,U,31945,999,98704,.63636482E-3,.1391E-4,0
FENGYUN 1C DEB,1999-025CMX,2026-08-14T11:08:32.172000,14.17625732,.0083733,98.8873,291.6650,72.6272,288.4039,0,U,31946,999,67474,.51401E-3,.1038E-4,0
FENGYUN 1C DEB,1999-025CMZ,2026-08-16T04:16:50.075904,14.29845538,.00225238,99.3807,312.3107,41.5334,349.3447,0,U,31948,999,98548,.61889099E-3,.1546E-4,0
FENGYUN 1C DEB,1999-025CNA,2026-08-16T16:21:17.758656,14.17258102,.01248548,98.5678,210.0231,220.9220,138.2533,0,U,31949,999,99002,.13232425E-3,.246E-5,0
FENGYUN 1C DEB,1999-025CND,2026-08-15T02:47:52.172448,14.54528478,.01118089,98.9836,6.6373,270.6934,88.1451,0,U,31952,999,764,.16896032E-3,.723E-5,0
FENGYUN 1C DEB,1999-025CNG,2026-08-16T17:11:09.819168,14.67922240,.00420058,99.2631,142.2842,144.8032,246.0159,0,U,31955,999,177,.75507783E-3,.4317E-4,0
FENGYUN 1C DEB,1999-025CNL,2026-08-10T22:24:39.348000,14.50616380,.002654,98.5030,100.8524,139.4665,220.8512,0,U,31959,999,67846,.85976E-3,.3343E-4,0
FENGYUN 1C DEB,1999-025CNR,2026-08-11T19:59:13.283232,14.64030438,.0026416,98.7134,5.1293,8.7086,351.4568,0,U,31964,999,71046,.6364907E-3,.3301E-4,0
FENGYUN 1C DEB,1999-025CNT,2026-08-14T18:44:04.303968,14.70559363,.00812215,99.0372,50.0408,236.8320,122.5074,0,U,31966,999,69341,.38419418E-3,.239E-4,0
FENGYUN 1C DEB,1999-025CNZ,2026-08-14T08:53:36.255264,14.07638071,.0077497,99.1801,277.3319,71.2210,350.3346,0,U,31972,999,98402,.15478E-3,.223E-5,0
FENGYUN 1C DEB,1999-025CPB,2026-08-15T17:52:39.635616,14.31942661,.00674518,98.3745,235.0057,294.3230,65.0921,0,U,31974,999,72940,.79020146E-3,.2129E-4,0
FENGYUN 1C DEB,1999-025CPE,2026-08-10T03:45:53.239680,13.83632320,.02706544,98.2010,359.8861,283.1943,73.9152,0,U,31977,999,65536,.95927901E-3,.1367E-4,0
FENGYUN 1C DEB,1999-025CPF,2026-08-16T19:26:38.975712,13.63748935,.02653034,98.4017,355.2312,115.9533,246.9206,0,U,31978,999,94957,.40748001E-3,.377E-5,0
FENGYUN 1C DEB,1999-025CPG,2026-08-09T01:19:22.517472,13.70687445,.02600747,99.3761,312.7861,20.2648,340.8597,0,U,31979,999,61189,.61273498E-3,.648E-5,0
FENGYUN 1C DEB,1999-025CPH,2026-08-16T07:05:08.240928,13.32365001,.04266913,97.5870,255.2997,199.6603,158.7636,0,U,31980,999,92953,.38522986E-3,.283E-5,0
FENGYUN 1C DEB,1999-025CPM,2026-08-16T05:37:27.996384,14.23331804,.00619407,98.5613,230.8045,230.1747,129.3971,0,U,31984,999,97879,.14919695E-3,.302E-5,0
FENGYUN 1C DEB,1999-025CPN,2026-08-16T11:48:22.355424,14.23308975,.01497228,98.1947,118.2761,241.6426,116.9588,0,U,31985,999,99120,.10875591E-3,.235E-5,0
FENGYUN 1C DEB,1999-025CPP,2026-08-14T02:55:04.213056,14.14960903,.01229492,99.7446,192.6936,202.6778,156.8933,0,U,31986,999,70034,.11983782E-3,.197E-5,0
FENGYUN 1C DEB,1999-025CPQ,2026-08-16T22:53:07.651392,14.46555841,.00511145,99.0549,223.9441,141.5603,248.6891,0,U,31987,999,99942,.41873708E-3,.1482E-4,0
FENGYUN 1C DEB,1999-025CPR,2026-08-15T09:33:42.975648,14.22065271,.00578405,98.1177,282.2151,288.0854,71.4031,0,U,31988,999,67642,.61960762E-3,.1355E-4,0
FENGYUN 1C DEB,1999-025CPS,2026-08-16T16:11:23.306784,13.93928772,.0115428,99.1842,293.5618,348.4808,163.1198,0,U,31989,999,97157,.13326292E-3,.141E-5,0
FENGYUN 1C DEB,1999-025CPT,2026-08-14T06:31:58.594944,13.57317164,.0258586,99.1473,237.0873,278.4058,92.5485,0,U,31990,999,66089,.1532E-3,.94E-6,0
FENGYUN 1C DEB,1999-025CPU,2026-08-16T07:49:33.853728,13.61347400,.0244131,100.4732,80.3693,165.5011,195.3296,0,U,31991,999,65442,.70983247E-4,.16E-6,0
FENGYUN 1C DEB,1999-025CPV,2026-08-03T01:01:34.474368,13.23300743,.05392457,99.1856,153.0112,184.2641,175.3783,0,U,31992,999,56960,.51301082E-3,.435E-5,0
FENGYUN 1C DEB,1999-025CPW,2026-08-16T14:14:30.592032,13.28166007,.04192323,99.2265,180.0445,255.6173,99.8081,0,U,31993,999,92219,-.13282558E-3,-.138E-5,0
FENGYUN 1C DEB,1999-025CPX,2026-08-16T04:04:12.683136,13.95861077,.01614217,98.5579,209.8030,180.3437,179.7641,0,U,31994,999,60234,.26084543E-3,.358E-5,0
FENGYUN 1C DEB,1999-025CPZ,2026-08-07T13:55:41.072736,13.59750331,.02919758,99.2893,145.8690,233.8669,123.5128,0,U,31996,999,57919,.85621668E-3,.799E-5,0
FENGYUN 1C DEB,1999-025CQA,2026-08-14T13:28:01.753824,13.61583671,.0286521,102.5069,343.0286,81.1922,282.1536,0,U,31997,999,65014,.36669E-3,.304E-5,0
FENGYUN 1C DEB,1999-025CQC,2026-08-13T23:54:38.617920,13.69898787,.02963106,99.2650,276.9900,217.7492,140.2537,0,U,32086,999,65124,.14203464E-2,.1653E-4,0
FENGYUN 1C DEB,1999-025CQE,2026-08-08T00:06:18.748224,13.25808585,.04602899,102.4014,137.3531,206.1808,151.5357,0,U,32088,999,63001,.4943913E-3,.323E-5,0
FENGYUN 1C DEB,1999-025CQF,2026-08-16T17:47:41.573760,14.14617318,.01120279,98.6564,231.7681,137.0812,223.9171,0,U,32089,999,66707,.2632654E-3,.496E-5,0
FENGYUN 1C DEB,1999-025CQK,2026-08-06T14:18:41.999616,14.38153365,.00791478,98.8952,85.1030,15.1534,345.1996,0,U,32093,999,99921,.19239052E-3,.557E-5,0
FENGYUN 1C DEB,1999-025CQL,2026-08-16T21:59:39.884640,14.11030888,.00336349,98.7620,218.0438,288.8307,70.9218,0,U,32094,999,97850,.18653149E-3,.294E-5,0
FENGYUN 1C DEB,1999-025CQM,2026-08-10T07:25:00.596352,14.16298493,.00790983,98.6316,235.7048,121.3537,239.5409,0,U,32095,999,98222,.1335444E-3,.231E-5,0
FENGYUN 1C DEB,1999-025CQN,2026-08-11T00:59:27.204576,13.90813659,.01352852,99.0531,251.0714,205.3641,154.0836,0,U,32096,999,96215,.30168416E-3,.363E-5,0
FENGYUN 1C DEB,1999-025CQQ,2026-08-12T17:04:10.524288,14.20663224,.01948816,98.6272,216.2858,136.7685,224.8976,0,U,32098,999,67677,.96321896E-4,.207E-5,0
FENGYUN 1C DEB,1999-025CQT,2026-08-14T12:38:17.179008,14.02900424,.0118593,99.0232,128.4327,280.5564,78.2260,0,U,32101,999,96613,.72774E-3,.1155E-4,0
FENGYUN 1C DEB,1999-025CQX,2026-08-14T11:27:25.913664,13.41143191,.0393712,103.4642,303.2956,285.4978,70.2996,0,U,32105,999,62991,.17183E-2,.143E-4,0
FENGYUN 1C DEB,1999-025CQY,2026-08-13T08:45:33.698304,14.30733512,.01045084,101.4657,277.8399,117.4603,243.7242,0,U,32106,999,72872,.10713609E-2,.2909E-4,0
FENGYUN 1C DEB,1999-025CRB,2026-08-04T21:18:53.511840,14.34574590,.02042047,98.3317,93.6079,331.1897,27.8133,0,U,32109,999,68259,.21558926E-3,.72E-5,0
FENGYUN 1C DEB,1999-025CRC,2026-08-16T09:43:39.255744,14.30578608,.00338362,99.5491,66.2619,25.3725,93.0660,0,U,32110,999,67913,.5993725E-3,.1522E-4,0
FENGYUN 1C DEB,1999-025CRD,2026-08-14T11:50:33.659232,14.31840795,.0119158,98.4516,224.7721,200.3231,312.1033,0,U,32111,999,99533,.66763E-4,.149E-5,0
FENGYUN 1C DEB,1999-025CRF,2026-08-12T21:50:30.940512,13.95110798,.02350857,99.0035,259.2929,280.1981,77.2746,0,U,32113,999,66276,.22727831E-3,.341E-5,0
FENGYUN 1C DEB,1999-025CRG,2026-08-09T07:32:13.326432,14.83881779,.00398611,99.9432,40.0523,333.8717,26.0478,0,U,32114,999,69275,.92160591E-3,.7685E-4,0
FENGYUN 1C DEB,1999-025CRK,2026-08-16T13:50:20.019840,14.24941987,.0028973,98.5922,273.7793,93.4940,266.9554,0,U,32117,999,98311,.40022653E-3,.897E-5,0
FENGYUN 1C DEB,1999-025CRM,2026-08-16T09:41:56.525280,14.03359239,.00850678,99.8650,116.7833,106.0184,255.0369,0,U,32119,999,97187,.63282527E-3,.971E-5,0
FENGYUN 1C DEB,1999-025CRR,2026-08-16T12:21:44.407584,14.62154043,.01578198,98.9518,61.6954,257.0850,130.8196,0,U,32123,999,74980,.85196046E-4,.443E-5,0
FENGYUN 1C DEB,1999-025CRT,2026-08-09T06:58:07.778784,14.76795948,.0153722,99.0654,234.7811,298.1841,60.3911,0,U,32125,999,74051,.93206E-3,.7879E-4,0
FENGYUN 1C DEB,1999-025CRU,2026-08-12T20:55:26.024736,13.57222787,.02815298,99.0890,88.0483,351.9680,7.7001,0,U,32126,999,65012,.47103375E-3,.394E-5,0
FENGYUN 1C DEB,1999-025CRV,2026-08-16T00:43:48.486720,13.60863121,.02824286,99.2621,175.2388,80.2677,283.0238,0,U,32127,999,63769,.11652619E-2,.111E-4,0
FENGYUN 1C DEB,1999-025CRW,2026-08-14T21:12:30.751200,13.94792050,.039405,99.0022,273.0666,269.9310,85.6708,0,U,32128,999,66402,.17611E-3,.398E-5,0
FENGYUN 1C DEB,1999-025CRX,2026-08-16T08:53:26.104992,14.31503758,.00657224,99.0722,1.9690,40.7715,31.4470,0,U,32129,999,97752,.93418559E-3,.2495E-4,0
FENGYUN 1C DEB,1999-025CRY,2026-08-09T18:28:52.952448,14.38172540,.00816875,98.9214,42.1967,342.6376,17.2020,0,U,32130,999,99684,.14362943E-3,.404E-5,0
FENGYUN 1C DEB,1999-025CSA,2026-08-10T21:40:46.562016,14.53597057,.0075255,98.3623,281.9321,244.2540,115.0875,0,U,32132,999,74299,.50266E-3,.2131E-4,0
FENGYUN 1C DEB,1999-025CSB,2026-08-10T10:14:53.086848,14.18252065,.00363231,98.4405,216.7825,123.1243,237.3428,0,U,32133,999,98386,.85416729E-4,.136E-5,0
FENGYUN 1C DEB,1999-025CSC,2026-08-13T11:47:36.767328,14.22440597,.02559836,98.5982,227.8704,275.8484,238.1383,0,U,32134,999,98611,.17075137E-3,.48E-5,0
FENGYUN 1C DEB,1999-025CSE,2026-08-10T17:13:35.356512,14.38736077,.00662906,98.2763,217.0974,168.4206,191.8526,0,U,32136,999,68554,.18369097E-3,.536E-5,0
FENGYUN 1C DEB,1999-025CSF,2026-08-09T15:54:55.743552,14.86298958,.0172168,98.4703,8.2692,341.9871,17.5288,0,U,32137,999,70289,.25520106E-3,.2865E-4,0
FENGYUN 1C DEB,1999-025CSK,2026-07-27T05:19:42.381984,14.03931776,.00722,98.7477,207.1060,294.2479,65.1156,0,U,32141,999,98121,.52465E-3,.805E-5,0
FENGYUN 1C DEB,1999-025CSM,2026-08-11T17:24:08.224416,14.18158571,.01041613,98.6232,198.5122,131.3506,229.6688,0,U,32143,999,99363,.71700226E-4,.114E-5,0
FENGYUN 1C DEB,1999-025CSU,2026-08-13T23:18:20.898144,14.61168386,.01704933,99.1646,280.2973,45.9859,315.5245,0,U,32150,999,1251,.74382895E-4,.381E-5,0
FENGYUN 1C DEB,1999-025CSW,2026-08-08T05:53:19.382208,14.59771998,.0052432,98.7785,39.4739,190.0128,170.0030,0,U,32152,999,66089,.5263E-3,.2507E-4,0
FENGYUN 1C DEB,1999-025CSX,2026-08-07T07:49:40.463328,14.49196933,.02054187,98.7478,76.4387,224.1074,134.3578,0,U,32153,999,660,.72084917E-4,.297E-5,0
FENGYUN 1C DEB,1999-025CSZ,2026-07-25T02:04:15.905280,14.33532710,.00687375,98.9662,148.5004,305.4011,54.0765,0,U,32155,999,73436,.38097325E-3,.1034E-4,0
FENGYUN 1C DEB,1999-025CTA,2026-08-07T19:22:51.911328,14.32361273,.00822871,99.3637,53.1245,91.2754,269.7856,0,U,32156,999,68228,.15023422E-3,.371E-5,0
FENGYUN 1C DEB,1999-025CTE,2026-08-16T10:02:02.992416,14.38297641,.00808715,98.9071,39.2409,351.1438,8.8316,0,U,32160,999,99432,.16748668E-3,.48E-5,0
FENGYUN 1C DEB,1999-025CTF,2026-08-10T02:02:35.467872,14.02074267,.01347837,98.8379,324.2984,330.8577,28.5115,0,U,32161,999,66797,.87682072E-4,.101E-5,0
FENGYUN 1C DEB,1999-025CTG,2026-08-15T04:47:47.307840,14.65016438,.00461371,99.4390,312.9606,148.5433,211.8540,0,U,32162,999,98509,.64710529E-3,.3461E-4,0
FENGYUN 1C DEB,1999-025CTH,2026-08-10T08:28:58.670976,14.44367275,.00508183,99.5339,262.0707,53.0024,307.5799,0,U,32163,999,64448,.31836317E-3,.1059E-4,0
FENGYUN 1C DEB,1999-025CTK,2026-08-14T13:48:03.625344,14.05105012,.013569,98.6251,144.9758,168.9685,191.4511,0,U,32165,999,66570,.56265E-3,.945E-5,0
FENGYUN 1C DEB,1999-025CTM,2026-08-14T05:06:59.561568,14.31475171,.01636076,98.4885,220.1562,54.8010,306.8370,0,U,32167,999,66172,.16174011E-3,.452E-5,0
FENGYUN 1C DEB,1999-025CTN,2026-08-16T02:42:08.595072,13.87698143,.02431818,101.6580,2.3844,351.6070,8.1045,0,U,32168,999,66895,.89645217E-3,.1278E-4,0
FENGYUN 1C DEB,1999-025CTP,2026-08-16T20:19:38.763552,14.80269720,.0030455,98.5435,76.2395,62.4393,297.9905,0,U,32169,999,257,.20122961E-2,.15411E-3,0
FENGYUN 1C DEB,1999-025CTR,2026-08-03T16:33:54.817056,13.44174524,.04750901,102.8022,181.4052,218.9273,319.7001,0,U,32171,999,63757,.14738018E-2,.1621E-4,0
FENGYUN 1C DEB,1999-025CTU,2026-08-15T09:27:42.408576,14.18191389,.01490394,98.5724,286.5649,257.6101,100.8360,0,U,32174,999,67587,.11799195E-3,.227E-5,0
FENGYUN 1C DEB,1999-025CTV,2026-08-16T16:54:54.851328,13.96359103,.01500241,98.8352,212.1443,2.9421,357.2590,0,U,32175,999,63285,.11202177E-2,.1656E-4,0
FENGYUN 1C DEB,1999-025CTW,2026-08-16T10:47:18.608352,14.96372631,.0021794,99.3777,310.5759,339.1712,20.8614,0,U,32176,999,65155,.1221135E-2,.13837E-3,0
FENGYUN 1C DEB,1999-025CTX,2026-08-13T22:21:33.270912,14.58836534,.00482885,99.0310,261.0949,25.8117,334.5474,0,U,32177,999,74596,.48959407E-3,.2271E-4,0
FENGYUN 1C DEB,1999-025CTY,2026-08-09T23:06:06.238080,14.24034346,.00930146,100.2926,269.0571,22.8734,337.6542,0,U,32178,999,67421,.36720917E-3,.824E-5,0
FENGYUN 1C DEB,1999-025CTZ,2026-08-16T10:09:01.817280,14.03828735,.01446345,98.8773,276.9382,221.4811,152.1686,0,U,32179,999,69189,.31457773E-3,.5E-5,0
FENGYUN 1C DEB,1999-025CUA,2026-08-15T09:40:46.593120,13.82377925,.01355924,99.5536,276.2644,283.4333,87.4076,0,U,32180,999,97662,.52269686E-4,.13E-6,0
FENGYUN 1C DEB,1999-025CUB,2026-08-13T21:24:12.161088,14.58037070,.0071715,99.4890,8.1615,76.8539,73.4179,0,U,32181,999,271,.24454E-3,.1102E-4,0
FENGYUN 1C DEB,1999-025CUD,2026-08-15T09:38:11.809248,14.10620614,.00435999,98.6867,275.6229,83.9380,276.6757,0,U,32183,999,76227,.29845167E-3,.495E-5,0
FENGYUN 1C DEB,1999-025CUF,2026-08-16T15:48:16.114176,15.51176058,.00553596,98.8625,125.4686,255.1236,104.3877,0,U,32185,999,98776,.22239764E-2,.140513E-2,0
FENGYUN 1C DEB,1999-025CUG,2026-08-15T21:41:27.945024,13.77008965,.0270547,99.5893,285.8122,277.8213,263.6578,0,U,32186,999,65997,.58895E-3,.713E-5,0
FENGYUN 1C DEB,1999-025CUH,2026-08-16T04:02:52.356192,13.50635384,.0292291,99.4845,301.1556,248.3898,138.0234,0,U,32187,999,69585,.2812689E-3,.192E-5,0
FENGYUN 1C DEB,1999-025CUM,2026-08-16T09:20:28.689216,14.26528548,.00919886,98.6874,287.6173,187.9143,172.0591,0,U,32191,999,68016,.6219675E-3,.1524E-4,0
FENGYUN 1C DEB,1999-025CUN,2026-08-16T13:29:10.893696,13.82683729,.01806069,98.6246,84.2275,212.5342,146.4580,0,U,32192,999,96123,.16613296E-3,.165E-5,0
FENGYUN 1C DEB,1999-025CUR,2026-08-14T17:07:36.046560,14.08860481,.00683381,98.7786,227.6409,329.6358,30.0861,0,U,32195,999,67431,.26361273E-3,.422E-5,0
FENGYUN 1C DEB,1999-025CUT,2026-08-15T12:49:05.458944,14.33205626,.01598333,98.8954,148.4140,230.3100,306.1022,0,U,32197,999,97943,.1004702E-3,.266E-5,0
FENGYUN 1C DEB,1999-025CUU,2026-08-11T02:32:20.504832,14.10330101,.00910794,98.3567,357.6561,321.0690,38.3946,0,U,32198,999,60346,.69168903E-3,.1235E-4,0
FENGYUN 1C DEB,1999-025CUW,2026-08-16T14:09:44.007552,14.16562009,.00381672,98.7698,279.0539,306.0082,53.7557,0,U,32200,999,97857,.46967862E-3,.899E-5,0
FENGYUN 1C DEB,1999-025CUZ,2026-08-16T03:39:19.241856,15.64698923,.00830915,96.9758,118.3844,257.6707,101.5242,0,U,32203,999,78920,.41018452E-3,.47769E-3,0
FENGYUN 1C DEB,1999-025CVB,2026-08-14T17:56:55.038336,14.14056758,.00101723,98.6826,228.6227,315.3067,220.3129,0,U,32205,999,97960,.70527999E-4,.91E-6,0
FENGYUN 1C DEB,1999-025CVD,2026-08-11T18:42:27.942048,14.40118888,.00845113,99.8784,224.2675,163.2653,10.2853,0,U,32207,999,67790,.11683434E-3,.326E-5,0
FENGYUN 1C DEB,1999-025CVF,2026-08-16T18:21:48.005280,13.47815116,.03293053,99.4285,167.4478,127.6217,235.5292,0,U,32209,999,93303,.11155278E-2,.917E-5,0
FENGYUN 1C DEB,1999-025CVG,2026-07-28T08:41:07.740960,14.12165836,.00687078,98.8550,260.1811,245.1958,114.2056,0,U,32210,999,64598,.77179273E-3,.1405E-4,0
FENGYUN 1C DEB,1999-025CVJ,2026-08-16T07:36:46.307232,14.41136700,.01366184,99.5897,359.3715,83.0795,308.5215,0,U,32212,999,99612,.21632835E-3,.72E-5,0
FENGYUN 1C DEB,1999-025CVL,2026-08-16T20:40:45.628608,13.92770593,.01808627,99.0318,253.2179,87.2286,86.4444,0,U,32214,999,65859,.11765435E-2,.17E-4,0
FENGYUN 1C DEB,1999-025CVQ,2026-08-15T02:09:32.004864,14.57476988,.0061349,98.7944,79.7175,40.3202,111.2881,0,U,32218,999,99804,.38992287E-3,.1763E-4,0
FENGYUN 1C DEB,1999-025CVT,2026-08-16T04:16:10.361280,14.59416476,.01457471,98.5979,31.4166,106.4043,255.3233,0,U,32221,999,781,.13186035E-3,.667E-5,0
FENGYUN 1C DEB,1999-025CVV,2026-08-16T17:21:18.973728,14.22307110,.00440825,98.8293,312.9736,328.2036,183.4802,0,U,32223,999,67733,.58113856E-3,.1259E-4,0
FENGYUN 1C DEB,1999-025CVW,2026-08-14T15:36:14.920416,14.34425085,.00769248,99.0114,192.6686,70.5249,290.4225,0,U,32224,999,99234,.10883141E-3,.269E-5,0
FENGYUN 1C DEB,1999-025CVX,2026-08-03T09:02:26.728800,14.13223602,.00706416,99.0617,272.2662,268.6611,90.6467,0,U,32225,999,71416,.14082169E-3,.223E-5,0
FENGYUN 1C DEB,1999-025CWC,2026-08-16T10:18:55.380096,14.61997634,.00474664,98.8878,40.1211,54.5573,335.9564,0,U,32230,999,64268,.10392842E-2,.5242E-4,0
FENGYUN 1C DEB,1999-025CWG,2026-08-11T00:21:25.169760,13.94915286,.01365215,98.5157,59.5296,26.1115,334.6851,0,U,32234,999,96572,.47857626E-3,.656E-5,0
FENGYUN 1C DEB,1999-025CWP,2026-08-14T09:26:18.909024,14.30454128,.0141533,99.0589,270.8560,234.1683,124.6281,0,U,32241,999,97319,.60222E-3,.1697E-4,0
FENGYUN 1C DEB,1999-025CWQ,2026-08-03T09:34:58.061568,13.86095936,.01622476,97.2673,77.9648,20.5290,340.2293,0,U,32242,999,66158,.84785687E-3,.1054E-4,0
FENGYUN 1C DEB,1999-025CWR,2026-08-16T05:48:53.268480,14.06387522,.02657884,98.2560,236.4749,139.8927,222.2202,0,U,32243,999,97051,.81419369E-3,.1813E-4,0
FENGYUN 1C DEB,1999-025CWT,2026-08-14T20:51:56.126304,14.81062809,.00887066,98.6362,86.4154,283.1826,75.9499,0,U,32245,999,69730,.37992303E-3,.3086E-4,0
FENGYUN 1C DEB,1999-025CWU,2026-07-20T14:23:53.278080,14.26340142,.0086689,97.8109,337.0000,21.7232,338.7592,0,U,32303,999,65367,.99098E-3,.244E-4,0
FENGYUN 1C DEB,1999-025CWV,2026-08-16T04:36:55.552032,14.52875720,.00475841,99.4124,217.1152,211.6105,148.2227,0,U,32304,999,59849,.47779115E-3,.1938E-4,0
FENGYUN 1C DEB,1999-025CWZ,2026-08-10T00:11:41.945568,14.06590129,.01092328,97.7620,245.9350,85.2098,276.1537,0,U,32308,999,68788,.79173992E-3,.1351E-4,0
FENGYUN 1C DEB,1999-025CXC,2026-08-15T12:35:54.757248,13.34193004,.0402782,101.7205,151.7608,264.6866,90.8185,0,U,32311,999,10614,-.26826E-4,-.8E-6,0
FENGYUN 1C DEB,1999-025CXF,2026-08-13T15:26:47.194656,14.84287527,.01380318,98.8824,1.9932,104.7810,256.8741,0,U,32314,999,1003,.44255648E-3,.4323E-4,0
FENGYUN 1C DEB,1999-025CXG,2026-08-03T05:58:36.274080,13.66238184,.02278493,100.8343,30.6312,261.7528,95.7716,0,U,32315,999,64277,.10181312E-3,.44E-6,0
FENGYUN 1C DEB,1999-025CXH,2026-08-16T15:51:49.176576,14.54202328,.00255088,99.5111,293.3129,314.5382,197.5413,0,U,32316,999,99363,.27161298E-3,.1096E-4,0
FENGYUN 1C DEB,1999-025CXM,2026-08-12T11:59:48.223680,14.37295989,.00558938,100.3523,135.6617,86.6016,274.1556,0,U,32320,999,65659,.34224254E-3,.979E-5,0
FENGYUN 1C DEB,1999-025CXP,2026-08-08T20:16:36.093216,13.34514274,.04169977,98.3485,64.9923,213.9223,143.4591,0,U,32322,999,63568,.52142444E-3,.393E-5,0
FENGYUN 1C DEB,1999-025CXQ,2026-08-14T07:29:51.607968,13.98376230,.0150816,98.5812,358.4465,247.1395,111.3785,0,U,32323,999,63686,.12705E-2,.1959E-4,0
FENGYUN 1C DEB,1999-025CXR,2026-08-12T07:18:04.563072,14.09556833,.00509008,99.5478,345.2090,75.1318,285.5479,0,U,32324,999,67415,.1317911E-3,.184E-5,0
FENGYUN 1C DEB,1999-025CXT,2026-08-13T13:01:00.247872,13.69650887,.0384204,98.4880,131.8567,207.9934,150.0071,0,U,32326,999,66519,.13437797E-3,.16E-5,0
FENGYUN 1C DEB,1999-025CXY,2026-08-12T11:17:18.036960,14.91615856,.00169857,99.1702,232.4085,90.3318,269.9843,0,U,32331,999,64214,.17940767E-2,.18029E-3,0
FENGYUN 1C DEB,1999-025CXZ,2026-08-14T21:29:16.058400,13.98260591,.0282015,99.1150,284.6818,359.8960,0.2101,0,U,32332,999,96461,.33356E-3,.622E-5,0
FENGYUN 1C DEB,1999-025CYB,2026-08-16T22:25:20.070912,14.01940954,.00663636,99.2258,291.4446,321.6827,37.9633,0,U,32334,999,97403,.11425653E-3,.131E-5,0
FENGYUN 1C DEB,1999-025CYH,2026-08-16T20:36:51.322176,14.81546782,.00294355,98.9681,267.8540,233.1623,126.6886,0,U,32340,999,808,.96658757E-3,.7583E-4,0
FENGYUN 1C DEB,1999-025CYK,2026-08-16T11:46:44.636160,14.13487847,.00078576,98.6691,234.5110,8.5527,145.1532,0,U,32342,999,97203,.44051751E-4,.4E-6,0
FENGYUN 1C DEB,1999-025CYL,2026-08-16T16:27:15.110784,14.20229173,.01516032,98.6296,214.2497,133.8479,227.5343,0,U,32343,999,68218,.13737223E-3,.287E-5,0
FENGYUN 1C DEB,1999-025CYT,2026-08-15T14:01:03.357696,14.54765422,.0259494,98.1951,272.9093,258.5042,98.6915,0,U,32350,999,1080,.20457E-3,.1314E-4,0
FENGYUN 1C DEB,1999-025CYV,2026-08-03T13:02:11.660064,14.41900282,.01209362,98.7831,147.1834,194.7574,165.0073,0,U,32352,999,68638,.14184129E-3,.455E-5,0
FENGYUN 1C DEB,1999-025CYW,2026-08-16T06:32:45.459168,14.05501387,.01219157,98.9349,45.8013,229.4814,129.5684,0,U,32353,999,66655,.13541599E-2,.2308E-4,0
FENGYUN 1C DEB,1999-025CYZ,2026-08-16T02:05:17.277792,14.04977902,.01203738,102.4934,186.7439,136.4617,224.6115,0,U,32356,999,71845,.10766002E-2,.1776E-4,0
FENGYUN 1C DEB,1999-025CZA,2026-08-16T08:28:32.457216,13.70679997,.04813383,98.8338,253.7300,253.7579,115.2867,0,U,32357,999,70164,.74999658E-3,.1475E-4,0
FENGYUN 1C DEB,1999-025CZD,2026-08-15T16:24:00.111168,14.00660091,.02217234,98.1288,22.4214,331.0312,27.8696,0,U,32360,999,68257,.92749699E-3,.1671E-4,0
FENGYUN 1C DEB,1999-025CZE,2026-08-16T03:58:07.382208,14.54536896,.00428007,98.8441,305.6679,19.6824,340.6012,0,U,32361,999,99923,.77420504E-3,.329E-4,0
FENGYUN 1C DEB,1999-025CZF,2026-08-16T09:55:20.558496,13.66420555,.02727676,99.8467,208.7267,18.3990,342.6790,0,U,32362,999,94497,.14826287E-2,.154E-4,0
FENGYUN 1C DEB,1999-025CZK,2026-08-12T10:46:46.404480,14.15089876,.01288714,96.7767,293.6505,257.8007,100.8714,0,U,32366,999,96635,.65627349E-3,.135E-4,0
FENGYUN 1C DEB,1999-025CZR,2026-07-23T17:42:53.512704,13.36026307,.04549835,97.2966,28.3874,179.6313,180.5245,0,U,32372,999,63117,.18032618E-2,.1645E-4,0
FENGYUN 1C DEB,1999-025CZV,2026-08-08T08:38:26.985984,14.83522890,.00360457,99.5629,74.7445,135.3410,39.2040,0,U,32409,999,62369,.58689393E-3,.4813E-4,0
FENGYUN 1C DEB,1999-025CZX,2026-08-12T12:06:35.716320,14.10145502,.01244744,98.4208,132.2699,42.6895,318.3867,0,U,32411,999,69235,.13305168E-3,.213E-5,0
FENGYUN 1C DEB,1999-025DAA,2026-08-15T10:36:48.895776,14.19620241,.00447075,98.8429,302.6961,16.4013,343.8598,0,U,32414,999,97217,.49097387E-3,.1002E-4,0
FENGYUN 1C DEB,1999-025DAC,2026-08-04T02:57:11.711808,13.65912071,.02397509,100.7843,335.5312,52.0425,310.2115,0,U,32416,999,64830,.42749085E-3,.375E-5,0
FENGYUN 1C DEB,1999-025DAE,2026-07-23T19:34:28.162272,14.03987670,.02220215,98.1903,58.9635,124.3631,237.8759,0,U,32418,999,66118,.29732388E-2,.582E-4,0
FENGYUN 1C DEB,1999-025DAF,2026-08-11T11:45:06.935904,14.10499025,.02827287,97.9497,136.2649,47.9733,314.5137,0,U,32419,999,66978,.25096211E-3,.611E-5,0
FENGYUN 1C DEB,1999-025DAJ,2026-08-14T12:57:52.377120,13.98363215,.0297408,97.8627,328.2875,314.9962,42.7448,0,U,32422,999,66554,.14192E-3,.257E-5,0
FENGYUN 1C DEB,1999-025DAM,2026-08-02T13:01:32.653920,14.17328470,.02302696,96.7257,311.3483,316.7609,41.5693,0,U,32425,999,72832,.1828015E-3,.448E-5,0
FENGYUN 1C DEB,1999-025DAS,2026-08-08T17:51:29.740608,13.71526334,.03691882,98.6813,228.2336,355.5451,4.2444,0,U,32430,999,94478,.11931602E-2,.1708E-4,0
FENGYUN 1C DEB,1999-025DAU,2026-08-11T22:05:10.019904,14.55868291,.0164877,98.1495,259.2703,276.7926,81.4536,0,U,32432,999,74215,.43628E-3,.2245E-4,0
FENGYUN 1C DEB,1999-025DBC,2026-08-13T18:53:38.162400,13.62677484,.03184746,99.1367,71.3344,180.2460,179.8576,0,U,32440,999,63608,.12706033E-2,.1352E-4,0
FENGYUN 1C DEB,1999-025DBD,2026-07-31T10:09:06.175296,14.10466418,.0246459,97.7768,271.4770,357.3306,2.6537,0,U,32441,999,97828,.57704E-3,.1326E-4,0
FENGYUN 1C DEB,1999-025DBK,2026-08-13T07:35:13.254432,13.96132919,.00804128,98.9207,238.9933,90.5534,270.4844,0,U,32447,999,71277,.19761091E-3,.237E-5,0
FENGYUN 1C DEB,1999-025DBP,2026-08-16T04:45:38.907936,13.88075984,.01814613,99.9853,229.7395,268.7022,89.3340,0,U,32451,999,65182,.11271777E-2,.148E-4,0
FENGYUN 1C DEB,1999-025DBR,2026-08-12T13:23:14.488512,14.02786811,.00960679,99.3672,146.1777,260.6191,98.4102,0,U,32453,999,96832,.28727067E-3,.415E-5,0
FENGYUN 1C DEB,1999-025DBT,2026-08-11T23:42:26.610336,13.94045543,.02331809,101.7248,125.5762,266.4894,90.9563,0,U,32455,999,67789,.70653223E-3,.1104E-4,0
FENGYUN 1C DEB,1999-025DBU,2026-08-09T19:55:00.094080,13.36109878,.03751844,103.6669,88.0162,94.8821,269.5225,0,U,32456,999,63822,.84049473E-3,.575E-5,0
FENGYUN 1C DEB,1999-025DBW,2026-08-15T09:39:48.058848,14.65664586,.003649,99.0252,275.9467,341.9199,18.0701,0,U,32458,999,71384,.53877718E-3,.29E-4,0
FENGYUN 1C DEB,1999-025DBX,2026-08-16T18:38:11.392800,14.43887611,.02110244,98.2937,241.9057,157.4842,203.5780,0,U,32459,999,98114,.18747038E-3,.787E-5,0
FENGYUN 1C DEB,1999-025DBY,2026-08-10T18:51:28.936512,13.90295564,.01876378,98.0414,340.2813,170.4290,190.0528,0,U,32460,999,68602,.56999094E-3,.78E-5,0
FENGYUN 1C DEB,1999-025DBZ,2026-08-16T11:40:00.489792,13.73446621,.02319238,98.3215,56.9698,171.6265,220.8606,0,U,32461,999,70681,.69271258E-3,.747E-5,0
FENGYUN 1C DEB,1999-025DCF,2026-08-16T20:23:53.550240,14.24541702,.007626,99.0324,183.0655,162.9578,225.4282,0,U,33502,999,90471,.85464772E-3,.1997E-4,0
FENGYUN 1C DEB,1999-025DCG,2026-08-08T08:42:07.185024,15.35416485,.00842397,96.5765,265.0434,160.0053,200.4528,0,U,33599,999,69641,.70979346E-3,.27452E-3,0
FENGYUN 1C DEB,1999-025DCJ,2026-08-14T08:32:05.225856,14.08901854,.0156844,98.3384,8.9495,162.9271,197.7262,0,U,33601,999,94123,.52816E-3,.984E-5,0
FENGYUN 1C DEB,1999-025DCL,2026-08-16T14:59:46.144032,14.81099652,.02161172,98.8312,193.8732,10.4494,350.1102,0,U,33603,999,2510,.15794352E-3,.1753E-4,0
FENGYUN 1C DEB,1999-025DCN,2026-08-14T05:33:35.756640,14.08189884,.00574374,98.7083,221.5575,103.5869,268.4295,0,U,33605,999,63259,.17970663E-3,.269E-5,0
FENGYUN 1C DEB,1999-025DCV,2026-08-12T16:06:08.955072,14.05173305,.01092615,98.6103,186.4373,143.3114,217.5599,0,U,33612,999,60084,.6250749E-3,.1025E-4,0
FENGYUN 1C DEB,1999-025DCW,2026-08-16T10:48:04.303584,14.35615437,.00303061,98.6819,306.4683,81.6414,278.8205,0,U,33613,999,68047,.87883313E-3,.2503E-4,0
FENGYUN 1C DEB,1999-025DDB,2026-08-16T11:34:34.137120,14.64320965,.01600228,98.5271,329.2089,93.8300,268.1214,0,U,33618,999,388,.44477327E-3,.2772E-4,0
FENGYUN 1C DEB,1999-025DDC,2026-08-16T15:58:12.710496,14.18714848,.00514878,98.8478,302.3961,62.3162,298.3225,0,U,33619,999,67124,.69986439E-3,.1428E-4,0
FENGYUN 1C DEB,1999-025DDE,2026-08-14T06:22:56.606016,14.20239275,.0282085,98.1251,62.6750,297.3402,59.9321,0,U,33621,999,67714,.16381E-3,.474E-5,0
FENGYUN 1C DEB,1999-025DDJ,2026-08-16T07:17:39.412032,14.64132302,.02165836,98.6408,355.2524,91.5810,271.0211,0,U,33625,999,64995,.42473285E-3,.3084E-4,0
FENGYUN 1C DEB,1999-025DDP,2026-08-11T00:05:17.871648,14.18106780,.01351816,98.6259,327.2357,93.3445,268.3205,0,U,33630,999,67830,.13409616E-3,.26E-5,0
FENGYUN 1C DEB,1999-025DDS,2026-08-14T05:53:56.821056,14.21215136,.0082614,99.0590,331.3577,171.5353,219.0678,0,U,33633,999,94182,.94071E-3,.2074E-4,0
FENGYUN 1C DEB,1999-025DDV,2026-08-16T19:37:32.414592,14.31402220,.00672928,98.4572,243.0508,86.5060,87.9005,0,U,33636,999,73601,.29649798E-3,.764E-5,0
FENGYUN 1C DEB,1999-025DDX,2026-08-13T08:41:30.901344,13.69876614,.0264359,98.4477,91.8169,342.5595,16.6605,0,U,33638,999,64250,.43815449E-3,.453E-5,0
FENGYUN 1C DEB,1999-025DDY,2026-07-22T11:53:12.399360,14.43286145,.00462611,98.7100,303.9556,348.7486,11.2665,0,U,33639,999,63778,.12004137E-2,.405E-4,0
FENGYUN 1C DEB,1999-025DDZ,2026-08-16T02:33:49.836384,14.46827526,.00899471,98.8656,186.8669,141.6594,219.1036,0,U,33640,999,95904,.18881147E-3,.668E-5,0
FENGYUN 1C DEB,1999-025DEF,2026-08-16T13:27:38.850048,14.04916570,.01089418,98.5944,135.7387,187.3348,172.6232,0,U,33646,999,75512,.51764417E-3,.837E-5,0
FENGYUN 1C DEB,1999-025DEG,2026-08-09T18:09:59.438016,13.89966363,.02449306,98.1817,54.0541,146.8023,214.8780,0,U,33647,999,66178,.10818537E-2,.1663E-4,0
FENGYUN 1C DEB,1999-025DEH,2026-08-16T06:35:46.894848,14.11885124,.00683711,98.7291,225.2804,193.5495,166.3844,0,U,33648,999,67855,.72318297E-4,.92E-6,0
FENGYUN 1C DEB,1999-025DEK,2026-08-12T22:02:30.192864,13.89930304,.0150768,99.0115,26.9711,136.9508,224.3561,0,U,33650,999,72186,.49131202E-3,.621E-5,0
FENGYUN 1C DEB,1999-025DEL,2026-08-12T09:03:43.957440,14.20519462,.01178072,98.6250,269.4463,72.8220,288.5815,0,U,33651,999,67716,.6391768E-4,.105E-5,0
FENGYUN 1C DEB,1999-025DEQ,2026-08-16T05:57:15.986016,15.11522411,.00336036,98.7998,332.6681,266.1700,93.5684,0,U,33655,999,258,.10757044E-2,.18426E-3,0
FENGYUN 1C DEB,1999-025DER,2026-08-07T18:22:29.038368,14.23141592,.00907299,98.5923,211.9628,59.5945,301.4162,0,U,33656,999,66094,.21051565E-3,.454E-5,0
FENGYUN 1C DEB,1999-025DET,2026-08-16T03:52:11.616384,13.63442859,.02777848,99.5763,22.3358,271.3762,85.5577,0,U,33658,999,61496,.16232487E-2,.1615E-4,0
FENGYUN 1C DEB,1999-025DEV,2026-08-16T11:35:53.075616,13.92004725,.01093228,98.6408,128.2525,286.9062,250.6679,0,U,33660,999,94496,.18703358E-3,.21E-5,0
FENGYUN 1C DEB,1999-025DEW,2026-08-16T02:46:46.220736,13.73325062,.02286598,98.3930,90.2951,211.1558,302.9137,0,U,33661,999,67838,.58898199E-3,.623E-5,0
FENGYUN 1C DEB,1999-025DEY,2026-08-15T08:08:01.225248,14.76949356,.00584596,98.8864,245.4173,332.2696,27.5397,0,U,33663,999,67811,.19673653E-2,.14207E-3,0
FENGYUN 1C DEB,1999-025DEZ,2026-08-13T15:54:21.769344,14.04286138,.01643797,98.7345,9.7082,75.2893,286.6430,0,U,33664,999,94162,-.6715172E-5,-.53E-6,0
FENGYUN 1C DEB,1999-025DFA,2026-08-16T03:46:57.986112,14.05092081,.04505837,99.0460,350.3221,124.1892,240.2844,0,U,33665,999,96050,.43067886E-3,.1694E-4,0
FENGYUN 1C DEB,1999-025DFJ,2026-08-16T22:45:55.572768,13.95874131,.01032823,99.3200,283.8464,271.9416,264.6893,0,U,33673,999,93350,.48134627E-3,.641E-5,0
FENGYUN 1C DEB,1999-025DFK,2026-08-14T01:21:48.708000,13.77728257,.020682,98.5956,258.0114,303.0452,55.0985,0,U,33674,999,91728,.80430963E-3,.902E-5,0
FENGYUN 1C DEB,1999-025DFM,2026-08-13T08:11:59.566560,14.35784265,.02046161,99.0701,267.8796,77.0287,285.3659,0,U,33676,999,68806,.57466654E-4,.156E-5,0
FENGYUN 1C DEB,1999-025DFP,2026-08-16T11:30:40.248000,14.48257099,.02022207,99.0230,315.8504,219.2528,139.3853,0,U,33678,999,98666,.17833988E-3,.798E-5,0
FENGYUN 1C DEB,1999-025DFQ,2026-08-15T19:05:10.955616,15.16734780,.01149702,99.3443,353.1240,215.8573,143.4899,0,U,33679,999,97837,.96297859E-3,.22349E-3,0
FENGYUN 1C DEB,1999-025DFT,2026-08-16T03:23:36.695616,14.28121276,.00294963,99.4058,298.4579,101.8502,258.5987,0,U,33682,999,95213,.60221075E-3,.1454E-4,0
FENGYUN 1C DEB,1999-025DFV,2026-08-16T16:47:20.604192,14.78570253,.02677858,99.0417,319.1248,288.1764,69.0460,0,U,33684,999,96632,.25467514E-3,.3327E-4,0
FENGYUN 1C DEB,1999-025DFY,2026-08-12T22:04:48.195264,15.35113260,.00827486,98.9696,285.0743,230.6187,128.7703,0,U,33687,999,75220,.42665955E-3,.16172E-3,0
FENGYUN 1C DEB,1999-025DFZ,2026-08-15T19:32:01.457664,14.50033049,.00482958,99.3582,0.2292,254.3009,105.2851,0,U,33688,999,95043,.11218647E-2,.4359E-4,0
FENGYUN 1C DEB,1999-025DGA,2026-08-04T08:28:00.154848,14.46694140,.00472592,99.5520,258.2904,183.8412,239.6473,0,U,33689,999,72921,.6153324E-3,.2199E-4,0
FENGYUN 1C DEB,1999-025DGB,2026-08-16T06:05:25.416096,14.55400684,.00287987,98.6163,338.5346,20.7146,339.5211,0,U,33690,999,96801,.80097297E-3,.345E-4,0
FENGYUN 1C DEB,1999-025DGE,2026-08-14T10:55:44.148576,13.71973802,.02237898,99.2347,39.9311,78.6666,283.9535,0,U,33693,999,91586,.60093741E-3,.611E-5,0
FENGYUN 1C DEB,1999-025DGK,2026-08-16T06:39:40.524768,14.56436666,.01360161,99.6447,231.3590,205.8201,153.6162,0,U,33698,999,99224,.84081637E-4,.353E-5,0
FENGYUN 1C DEB,1999-025DGN,2026-08-16T20:02:25.458432,14.03411195,.01290351,98.6734,176.6011,215.0481,144.2145,0,U,33701,999,93970,.54923207E-3,.883E-5,0
FENGYUN 1C DEB,1999-025DGX,2026-08-14T12:26:38.298048,14.12432405,.0055625,98.9841,330.7152,175.4726,184.6960,0,U,33710,999,71111,.4044E-3,.712E-5,0
FENGYUN 1C DEB,1999-025DGY,2026-08-16T02:42:44.612640,14.01393103,.00987308,99.1600,287.6681,90.0972,301.0964,0,U,33711,999,95382,.47474697E-3,.703E-5,0
FENGYUN 1C DEB,1999-025DHD,2026-08-16T01:35:55.963680,14.32866564,.00933315,98.8855,164.7713,356.9967,3.0644,0,U,33716,999,68685,.78402705E-4,.177E-5,0
FENGYUN 1C DEB,1999-025DHF,2026-08-15T01:29:04.474176,14.09222734,.00959605,99.6608,335.9967,8.0002,352.2670,0,U,33718,999,72640,.53549864E-3,.921E-5,0
FENGYUN 1C DEB,1999-025DHG,2026-08-16T09:56:52.055232,14.24369883,.00303908,98.7528,292.5118,88.8131,333.1594,0,U,33719,999,95524,.47012198E-3,.1048E-4,0
FENGYUN 1C DEB,1999-025DHH,2026-07-28T06:25:15.697920,14.42165253,.00815948,98.2491,209.3492,98.7074,262.3369,0,U,33720,999,96634,.52120885E-3,.1742E-4,0
FENGYUN 1C DEB,1999-025DHK,2026-08-16T07:42:41.453568,14.22016010,.0155736,98.5666,240.7068,255.9968,102.3852,0,U,33722,999,95651,.24101843E-3,.558E-5,0
FENGYUN 1C DEB,1999-025DHL,2026-08-10T12:28:43.375872,14.15029762,.00967877,99.1485,313.8805,13.9520,359.1709,0,U,33723,999,67027,.64130463E-3,.1253E-4,0
FENGYUN 1C DEB,1999-025DHM,2026-08-13T21:00:06.281280,14.20074158,.00268575,98.5999,234.3386,195.1598,283.5612,0,U,33724,999,97426,.186409E-3,.356E-5,0
FENGYUN 1C DEB,1999-025DHP,2026-08-16T14:45:07.202880,14.14747260,.01920824,98.6658,350.3382,44.6166,329.4347,0,U,33726,999,95422,.11302181E-3,.217E-5,0
FENGYUN 1C DEB,1999-025DHR,2026-08-16T17:33:53.420256,14.95485709,.01419302,98.9578,324.4229,139.5437,221.6438,0,U,33728,999,1989,.35405722E-3,.4715E-4,0
FENGYUN 1C DEB,1999-025DHT,2026-08-04T23:28:05.048544,14.67288917,.00362982,99.0368,303.1967,10.3220,349.8719,0,U,33730,999,99125,.89731811E-3,.5054E-4,0
FENGYUN 1C DEB,1999-025DHU,2026-08-08T08:33:56.164320,13.96294732,.01295928,99.4306,253.3652,128.0588,233.2349,0,U,33731,999,93778,.79168895E-3,.1124E-4,0
FENGYUN 1C DEB,1999-025DHW,2026-08-14T05:54:08.167968,14.34691214,.0076208,99.0979,328.7968,177.3548,212.6638,0,U,33733,999,93950,.13684E-2,.3956E-4,0
FENGYUN 1C DEB,1999-025DJA,2026-08-16T23:24:10.046592,14.03796109,.01257393,98.3441,47.5677,302.3939,211.0006,0,U,33737,999,92208,.49357505E-3,.794E-5,0
FENGYUN 1C DEB,1999-025DJB,2026-08-12T11:04:02.687808,13.99976879,.0193574,99.1237,289.1610,73.5678,301.8617,0,U,33738,999,92632,.21986783E-3,.337E-5,0
FENGYUN 1C DEB,1999-025DJD,2026-08-14T06:09:08.720352,14.12442759,.0001857,98.6808,236.6164,137.6995,222.4321,0,U,33740,999,93598,.70966E-4,.88E-6,0
FENGYUN 1C DEB,1999-025DJE,2026-08-15T00:25:53.910912,14.11503250,.01260398,98.5576,134.2287,108.8555,252.6334,0,U,33741,999,60321,.92184062E-3,.1761E-4,0
FENGYUN 1C DEB,1999-025DJJ,2026-08-15T02:02:27.703104,14.23655036,.00514755,99.0989,277.5420,285.8132,73.7374,0,U,33745,999,69491,.62198823E-3,.139E-4,0
FENGYUN 1C DEB,1999-025DJL,2026-08-03T06:24:33.907104,14.19225700,.00852404,99.0961,320.7616,274.4787,84.6653,0,U,33747,999,93443,.11155067E-2,.2377E-4,0
FENGYUN 1C DEB,1999-025DJM,2026-08-15T02:18:41.802624,14.33393893,.00339989,98.5639,280.6895,235.3012,124.4968,0,U,33748,999,94907,.47732411E-3,.1281E-4,0
FENGYUN 1C DEB,1999-025DJQ,2026-08-14T21:49:19.811712,14.17505943,.0255026,94.6231,289.8625,156.4808,204.8288,0,U,35088,999,62267,.22195E-2,.6194E-4,0
FENGYUN 1C DEB,1999-025DJR,2026-08-14T23:09:10.671840,14.20089164,.0028844,98.5560,233.6772,72.6094,287.8234,0,U,35089,999,64355,.36876E-3,.747E-5,0
FENGYUN 1C DEB,1999-025DJS,2026-08-15T00:20:40.303104,14.18845657,.00559927,99.1876,253.4299,42.6127,317.9371,0,U,35090,999,69727,.62107135E-3,.1265E-4,0
FENGYUN 1C DEB,1999-025DJT,2026-08-16T19:05:46.762368,14.67935022,.00425631,98.6038,349.2971,242.5216,117.1657,0,U,35091,999,93545,.1108072E-2,.6376E-4,0
FENGYUN 1C DEB,1999-025DKE,2026-08-16T18:20:07.741536,14.29442937,.00607965,98.4762,237.3418,84.4672,276.3441,0,U,35102,999,68441,.21256776E-3,.511E-5,0
FENGYUN 1C DEB,1999-025DKG,2026-08-16T23:22:20.029152,14.20716816,.003129,98.5963,233.8564,144.8222,245.5137,0,U,35104,999,93277,.19285148E-3,.375E-5,0
FENGYUN 1C DEB,1999-025DKH,2026-08-12T19:07:42.399264,14.45946948,.01120616,98.9615,224.2731,49.5173,311.5719,0,U,35105,999,98005,.13297137E-3,.458E-5,0
FENGYUN 1C DEB,1999-025DKM,2026-08-16T22:04:49.391904,14.21165450,.01530475,98.6336,217.5110,39.0201,322.1900,0,U,35109,999,67670,.14295465E-3,.307E-5,0
FENGYUN 1C DEB,1999-025DKP,2026-08-14T11:47:58.390656,14.11316996,.0020923,99.4565,323.0206,261.2462,98.6338,0,U,35111,999,67596,.21009E-3,.331E-5,0
FENGYUN 1C DEB,1999-025DKU,2026-08-09T02:05:45.124512,14.26075551,.00590981,98.6403,268.8466,72.4822,288.2804,0,U,35116,999,63370,.4770015E-3,.1118E-4,0
FENGYUN 1C DEB,1999-025DKZ,2026-08-16T08:51:47.989152,14.04899808,.01582801,98.2749,75.4872,114.9468,246.8241,0,U,35121,999,64554,.26570656E-3,.441E-5,0
FENGYUN 1C DEB,1999-025DLA,2026-08-12T08:01:09.201792,14.14378905,.00247384,98.6594,240.4812,183.4343,176.6665,0,U,35122,999,67296,.12600831E-3,.199E-5,0
FENGYUN 1C DEB,1999-025DLB,2026-08-10T11:45:20.854080,14.24723089,.00500463,99.1212,59.4283,106.1200,254.5495,0,U,35123,999,64501,.19230879E-3,.406E-5,0
FENGYUN 1C DEB,1999-025DLG,2026-08-04T11:25:38.015616,14.43059141,.00862072,98.3343,92.1431,359.6090,0.5019,0,U,35128,999,66351,.20363874E-2,.7101E-4,0
FENGYUN 1C DEB,1999-025DLP,2026-08-13T20:12:26.742816,14.23013389,.00801445,98.5625,232.9154,295.1045,64.1833,0,U,35135,999,91295,.19638009E-3,.414E-5,0
FENGYUN 1C DEB,1999-025DLT,2026-08-09T20:35:05.425152,14.21462672,.00677607,98.5853,225.4499,322.3294,37.3149,0,U,35139,999,67564,.1625777E-3,.321E-5,0
FENGYUN 1C DEB,1999-025DLU,2026-08-16T05:11:25.631232,14.21585072,.02898884,98.4718,204.7827,328.5377,29.8740,0,U,35140,999,90780,.86213486E-4,.237E-5,0
FENGYUN 1C DEB,1999-025DLW,2026-08-14T11:08:04.015104,13.90633936,.0107033,99.0612,217.3565,269.8773,242.6227,0,U,35142,999,89090,.66428E-4,.43E-6,0
FENGYUN 1C DEB,1999-025DLY,2026-08-12T14:27:29.367072,14.65167040,.0022706,98.7109,358.0211,336.5290,23.4873,0,U,35144,999,68763,.63524672E-3,.3375E-4,0
FENGYUN 1C DEB,1999-025DMB,2026-08-15T19:16:12.484128,14.81412409,.00300563,99.4841,349.2514,165.1360,195.0738,0,U,35147,999,77939,.15103064E-2,.11855E-3,0
FENGYUN 1C DEB,1999-025DMG,2026-08-15T08:15:30.511296,13.76807705,.01944579,99.8219,62.9976,99.5684,262.7496,0,U,35152,999,65572,.35277163E-3,.353E-5,0
FENGYUN 1C DEB,1999-025DMH,2026-08-12T00:39:11.653344,14.75236038,.01671421,98.8884,144.5805,45.0269,316.4348,0,U,35153,999,775,.21859082E-3,.1782E-4,0
FENGYUN 1C DEB,1999-025DMJ,2026-08-15T15:28:30.500544,14.19354962,.01789024,99.4523,10.0483,70.2796,291.7578,0,U,35154,999,68065,.12169242E-3,.25E-5,0
FENGYUN 1C DEB,1999-025DMK,2026-08-11T19:27:47.610144,14.19851059,.00266492,98.4964,230.7628,90.6094,269.8137,0,U,35155,999,76148,.25206347E-3,.495E-5,0
FENGYUN 1C DEB,1999-025DML,2026-08-10T09:35:29.809248,14.10894568,.00357238,98.7730,207.9233,185.3118,174.7679,0,U,35156,999,67437,.16972064E-3,.263E-5,0
FENGYUN 1C DEB,1999-025DMP,2026-08-16T04:53:21.683616,14.48387191,.00140965,98.8321,318.9897,147.7968,242.5060,0,U,35159,999,65045,.96566437E-3,.3573E-4,0
FENGYUN 1C DEB,1999-025DMQ,2026-08-12T15:33:19.558656,14.36524885,.01743036,99.1819,359.6197,250.1918,108.0402,0,U,35160,999,68418,.12605632E-3,.382E-5,0
FENGYUN 1C DEB,1999-025DMV,2026-07-29T17:53:07.064160,14.36060709,.00223419,98.8781,313.9931,107.1866,253.1767,0,U,35165,999,93005,.14987012E-2,.4328E-4,0
FENGYUN 1C DEB,1999-025DMX,2026-08-14T10:32:00.481344,14.32034794,.0226865,98.4626,218.5900,199.5146,159.7249,0,U,35167,999,73521,.13035E-3,.414E-5,0
FENGYUN 1C DEB,1999-025DMY,2026-08-06T21:25:54.087168,14.15771005,.01250066,98.2482,98.6505,160.2286,200.3799,0,U,35168,999,61279,.10629632E-3,.187E-5,0
FENGYUN 1C DEB,1999-025DMZ,2026-08-06T13:07:22.936800,14.60039833,.0147149,99.1169,130.4720,109.2857,252.4322,0,U,35169,999,69234,.28393E-3,.1524E-4,0
FENGYUN 1C DEB,1999-025DNB,2026-08-16T05:03:35.572032,13.96101349,.01348687,99.0242,19.3240,3.9683,356.2516,0,U,35171,999,91996,.78617615E-3,.1121E-4,0
FENGYUN 1C DEB,1999-025DND,2026-08-13T11:14:42.188640,13.38158586,.04849332,99.7738,293.5476,339.9559,18.3086,0,U,35173,999,69088,.13404782E-3,.95E-6,0
FENGYUN 1C DEB,1999-025DNE,2026-08-10T18:42:38.437920,15.17123431,.0110828,98.9622,242.1280,110.0897,251.2300,0,U,35174,999,93799,.98438699E-3,.22852E-3,0
FENGYUN 1C DEB,1999-025DNF,2026-08-08T06:52:35.842080,14.21651858,.0056726,98.5734,226.8238,309.1234,50.4908,0,U,35175,999,64624,.15898E-3,.311E-5,0
FENGYUN 1C DEB,1999-025DNG,2026-08-13T16:03:30.512160,14.17312208,.0054828,98.5761,208.6208,73.9513,286.7691,0,U,35176,999,94383,.13282665E-3,.231E-5,0
FENGYUN 1C DEB,1999-025DNL,2026-08-06T06:23:56.554656,13.78000222,.04832492,99.7520,30.1087,122.2403,242.6537,0,U,35180,999,3288,.19035129E-2,.4542E-4,0
FENGYUN 1C DEB,1999-025DNX,2026-08-14T05:28:25.485600,13.91320971,.0101466,99.0403,206.5072,263.9810,94.9779,0,U,35191,999,91301,.12816725E-3,.125E-5,0
FENGYUN 1C DEB,1999-025DPA,2026-08-06T13:12:26.542080,14.62446219,.01107453,98.9456,326.0106,71.4610,289.8583,0,U,35194,999,68849,.35552448E-3,.1905E-4,0
FENGYUN 1C DEB,1999-025DPB,2026-08-10T13:30:43.064352,14.57884103,.01003586,98.9929,340.6758,57.8311,303.2572,0,U,35195,999,94433,.26769134E-3,.1256E-4,0
FENGYUN 1C DEB,1999-025DPC,2026-08-16T12:23:13.288128,14.20686521,.02122657,98.5280,240.1905,342.9132,168.8067,0,U,35196,999,92637,.34635976E-3,.89E-5,0
FENGYUN 1C DEB,1999-025DPG,2026-08-16T08:05:53.278944,13.42103033,.03519541,98.8969,181.7507,159.0799,355.8586,0,U,35200,999,69211,.21847677E-3,.142E-5,0
FENGYUN 1C DEB,1999-025DPH,2026-08-16T06:09:33.255360,14.11140507,.00056178,98.7062,234.8067,273.3556,148.7775,0,U,35201,999,90496,.66219655E-4,.77E-6,0
FENGYUN 1C DEB,1999-025DPJ,2026-08-16T08:53:59.731008,13.35056565,.03813817,100.0705,275.3813,138.6861,224.3792,0,U,35202,999,60267,.53608767E-3,.367E-5,0
FENGYUN 1C DEB,1999-025DPK,2026-08-02T07:20:01.479552,13.27261883,.05171294,102.0832,225.2794,11.8894,349.3906,0,U,35203,999,62735,.1981396E-2,.1785E-4,0
FENGYUN 1C DEB,1999-025DPL,2026-08-15T01:32:03.213312,14.52276698,.00356219,98.9940,77.6514,309.4597,203.7161,0,U,35204,999,94487,.76741304E-3,.3092E-4,0
FENGYUN 1C DEB,1999-025DPP,2026-08-16T18:38:54.614400,14.59374933,.0051797,98.6976,343.0121,216.9281,142.8347,0,U,35207,999,68503,.96640425E-3,.4609E-4,0
FENGYUN 1C DEB,1999-025DPQ,2026-08-16T07:04:26.752512,14.00363757,.01038644,98.8881,245.7266,188.9282,171.0039,0,U,35208,999,94013,.30949252E-3,.437E-5,0
FENGYUN 1C DEB,1999-025DPS,2026-08-16T13:33:20.322720,14.36503146,.00461646,99.0947,250.6152,236.7506,275.4998,0,U,35210,999,93663,.95292766E-3,.2783E-4,0
FENGYUN 1C DEB,1999-025DPZ,2026-08-12T03:51:25.298208,13.58447485,.02995858,101.8784,194.7677,93.6738,269.8700,0,U,35217,999,64510,.12812833E-2,.1192E-4,0
FENGYUN 1C DEB,1999-025DQC,2026-08-16T04:26:59.609760,14.24091547,.00417152,99.0149,309.3254,321.7802,38.0420,0,U,35220,999,66689,.62165533E-3,.1396E-4,0
FENGYUN 1C DEB,1999-025DQF,2026-08-16T00:13:37.771680,14.92182901,.0120332,98.9777,249.1171,256.9190,101.8571,0,U,35223,999,97551,.23511835E-3,.2669E-4,0
FENGYUN 1C DEB,1999-025DQM,2026-08-14T01:33:52.438464,14.72647344,.00388858,98.4478,317.6144,168.0680,192.1456,0,U,35229,999,68089,.2038041E-2,.13106E-3,0
FENGYUN 1C DEB,1999-025DQP,2026-08-15T09:32:43.845216,14.14545240,.00380485,98.6874,269.3243,103.2108,257.3314,0,U,35231,999,94975,.10687903E-4,-.22E-6,0
FENGYUN 1C DEB,1999-025DQR,2026-08-16T18:42:30.157344,14.44823029,.00391962,98.7747,340.2857,239.3695,273.8515,0,U,35233,999,94740,.97795341E-3,.3385E-4,0
FENGYUN 1C DEB,1999-025DQS,2026-08-15T00:36:26.849664,14.67691915,.00963861,98.0463,255.6477,205.5349,154.1078,0,U,35234,999,97951,.34998688E-3,.2083E-4,0
FENGYUN 1C DEB,1999-025DQU,2026-07-19T15:14:19.041504,14.46375617,.00827685,98.8198,141.4213,255.1236,104.0777,0,U,35236,999,724,.17553657E-3,.605E-5,0
FENGYUN 1C DEB,1999-025DQX,2026-08-16T21:44:14.269344,13.69846469,.02243002,99.2946,25.7949,86.5193,276.1579,0,U,35239,999,61514,.68579684E-3,.676E-5,0
FENGYUN 1C DEB,1999-025DQY,2026-08-16T22:07:11.259840,14.25104094,.00447444,99.3589,212.2462,167.0158,193.2182,0,U,35240,999,96683,.65836341E-3,.1511E-4,0
FENGYUN 1C DEB,1999-025DQZ,2026-08-13T05:09:37.271808,14.03052195,.01341508,98.6309,146.7335,245.7781,112.9318,0,U,35241,999,91019,.83350808E-3,.136E-4,0
FENGYUN 1C DEB,1999-025DRA,2026-07-24T09:43:21.784800,13.52824810,.03007595,99.9630,264.3108,354.3207,15.9564,0,U,35242,999,61151,.26241058E-3,.186E-5,0
FENGYUN 1C DEB,1999-025DRB,2026-08-13T18:51:43.500096,14.97288824,.00549755,98.8749,340.4952,189.5691,170.4485,0,U,35243,999,94641,.10346166E-2,.1231E-3,0
FENGYUN 1C DEB,1999-025DRC,2026-08-16T08:32:25.569600,14.07048655,.00711047,98.8154,267.6682,183.7717,176.2925,0,U,35244,999,69289,.18418561E-3,.272E-5,0
FENGYUN 1C DEB,1999-025DRD,2026-08-16T17:41:29.800608,14.14480277,.00558524,99.0796,323.0947,294.1319,218.5950,0,U,35245,999,91267,.72936249E-3,.1373E-4,0
FENGYUN 1C DEB,1999-025DRP,2026-07-21T13:44:08.110176,13.83255194,.02107577,98.4219,124.0556,100.1611,262.3389,0,U,36142,999,65216,.1497986E-2,.1915E-4,0
FENGYUN 1C DEB,1999-025DRU,2026-08-11T21:20:59.953056,13.47175636,.04381,98.5058,261.7861,0.8514,359.3278,0,U,36147,999,63257,.27509E-3,.266E-5,0
FENGYUN 1C DEB,1999-025DRV,2026-08-14T08:42:50.606208,13.86922062,.0278284,98.4177,58.0226,37.7973,324.2376,0,U,36148,999,93633,.83597E-3,.129E-4,0
FENGYUN 1C DEB,1999-025DRZ,2026-08-12T09:37:48.442368,14.18178816,.00533609,98.7393,265.5007,235.2533,124.3612,0,U,36152,999,67595,.44372906E-3,.881E-5,0
FENGYUN 1C DEB,1999-025DSA,2026-08-14T17:40:51.489120,14.53174237,.00296709,98.5913,327.3112,28.1575,332.1217,0,U,36153,999,68518,.76199161E-3,.3126E-4,0
FENGYUN 1C DEB,1999-025DSH,2026-08-06T18:10:13.430496,14.13444079,.01344018,98.1357,44.1152,185.6716,174.2943,0,U,36160,999,63400,.16174554E-3,.293E-5,0
FENGYUN 1C DEB,1999-025DSK,2026-08-07T13:38:08.084832,14.05309763,.02494556,97.6202,345.1842,154.4214,206.9549,0,U,36162,999,73859,.22564841E-2,.4801E-4,0
FENGYUN 1C DEB,1999-025DSL,2026-08-16T14:56:43.869408,14.66868919,.00361354,99.0757,102.5002,41.0188,319.3720,0,U,36163,999,92798,.15912116E-2,.8928E-4,0
FENGYUN 1C DEB,1999-025DSQ,2026-08-06T00:57:33.154848,14.50916367,.00663409,98.8085,141.0537,251.4674,107.9303,0,U,36167,999,70704,.37589271E-3,.1474E-4,0
FENGYUN 1C DEB,1999-025DSW,2026-08-16T14:18:35.483328,14.25563793,.01461391,98.2401,175.6556,177.5977,182.5939,0,U,36173,999,62607,.12751909E-3,.296E-5,0
FENGYUN 1C DEB,1999-025DTA,2026-08-05T08:46:13.406880,14.19726825,.00380454,98.6101,252.7759,247.0240,112.6921,0,U,36177,999,27371,.49181502E-3,.1005E-4,0
FENGYUN 1C DEB,1999-025DTD,2026-08-07T10:09:36.673632,14.21365503,.02106116,98.4285,277.7018,59.2308,302.9422,0,U,36180,999,73959,.24505043E-3,.627E-5,0
FENGYUN 1C DEB,1999-025DTF,2026-08-16T02:14:19.493952,14.36493699,.00224131,99.0969,173.9903,76.4611,283.9068,0,U,36182,999,91492,.54005164E-3,.1541E-4,0
FENGYUN 1C DEB,1999-025DTH,2026-08-08T17:43:30.499680,14.10329365,.01302586,98.5540,204.3909,19.3926,341.2136,0,U,36184,999,65881,.77769352E-3,.1453E-4,0
FENGYUN 1C DEB,1999-025DTM,2026-08-12T06:58:36.019488,14.66501980,.00420067,98.5906,339.8752,270.4707,89.1682,0,U,36188,999,91601,.64107029E-3,.3544E-4,0
FENGYUN 1C DEB,1999-025DTV,2026-07-21T18:34:32.939040,14.50236845,.00240669,99.0733,44.0020,226.3424,133.5773,0,U,36196,999,67942,.20572789E-2,.7993E-4,0
FENGYUN 1C DEB,1999-025DTX,2026-08-14T12:07:15.979584,14.09024052,.0098317,98.6056,249.8861,140.1689,220.6752,0,U,36198,999,67033,.67567E-3,.1183E-4,0
FENGYUN 1C DEB,1999-025DTY,2026-08-16T18:27:07.178976,14.29973040,.00926627,98.2765,242.9475,55.5141,305.4752,0,U,36199,999,68510,.12603186E-3,.3E-5,0
FENGYUN 1C DEB,1999-025DTZ,2026-08-15T13:07:28.341984,14.68651761,.00269471,99.3833,340.4039,344.6812,15.3571,0,U,36200,999,76957,.15649711E-2,.91E-4,0
FENGYUN 1C DEB,1999-025DUC,2026-08-15T16:38:42.842688,14.83092400,.00780911,99.1168,209.7509,96.7992,264.2111,0,U,36203,999,67069,.59473525E-3,.5041E-4,0
FENGYUN 1C DEB,1999-025DUD,2026-08-16T14:14:40.422624,14.36026307,.00199249,99.3004,349.5138,163.7403,196.4424,0,U,36204,999,97969,.48511113E-3,.1363E-4,0
FENGYUN 1C DEB,1999-025DUF,2026-08-13T20:49:49.417248,14.22184523,.00306546,98.4634,244.3414,30.0810,330.2121,0,U,36206,999,67890,.28314341E-3,.589E-5,0
FENGYUN 1C DEB,1999-025DUG,2026-07-18T11:00:30.296736,14.03964938,.01426387,98.5921,77.1407,69.8652,291.7798,0,U,36207,999,63019,.98743891E-3,.1668E-4,0
FENGYUN 1C DEB,1999-025DUL,2026-08-09T05:00:41.330016,14.26822367,.02636971,98.5186,213.0775,246.6995,110.6235,0,U,36211,999,97783,.13813635E-3,.43E-5,0
FENGYUN 1C DEB,1999-025DUR,2026-08-15T07:43:48.334080,14.19165235,.00451073,98.5935,245.2638,29.7888,330.5842,0,U,36216,999,67855,.14025284E-3,.254E-5,0
FENGYUN 1C DEB,1999-025DUT,2026-08-16T02:57:04.361760,14.73771692,.00681327,99.0542,102.5555,250.5818,108.8015,0,U,36218,999,62769,.35677662E-3,.2354E-4,0
FENGYUN 1C DEB,1999-025DUX,2026-08-12T00:14:51.122688,14.45095303,.00441504,98.4960,293.3252,67.6252,292.9609,0,U,36222,999,68627,.50829931E-3,.1753E-4,0
FENGYUN 1C DEB,1999-025DUZ,2026-08-11T21:24:14.785056,14.12870853,.0115036,98.7473,271.0726,23.5501,337.0880,0,U,36224,999,67851,.44519E-4,.45E-6,0
FENGYUN 1C DEB,1999-025DVA,2026-08-16T05:20:03.703776,15.33361780,.0025687,98.8286,35.8951,185.0667,175.0315,0,U,36225,999,70515,.18012978E-2,.58979E-3,0
FENGYUN 1C DEB,1999-025DVB,2026-07-23T08:12:08.826912,14.11309317,.0097385,98.5924,242.3978,106.5329,254.6567,0,U,36226,999,66901,.89585E-3,.1652E-4,0
FENGYUN 1C DEB,1999-025DVE,2026-08-15T00:24:22.364064,14.08464917,.00996806,100.9134,142.7060,200.1277,159.5942,0,U,36229,999,66707,.68327734E-3,.1165E-4,0
FENGYUN 1C DEB,1999-025DVF,2026-08-15T11:20:12.967584,13.76121567,.02129118,99.5166,307.4122,218.8174,139.7518,0,U,36230,999,65265,.12190718E-2,.1354E-4,0
FENGYUN 1C DEB,1999-025DVG,2026-08-16T04:38:02.294304,14.12118829,.00607916,98.7167,200.9754,352.8121,7.2173,0,U,36231,999,89021,.6195646E-4,.73E-6,0
FENGYUN 1C DEB,1999-025DVH,2026-08-07T16:27:46.605312,14.12755520,.01194509,98.7263,202.4379,70.6261,290.7779,0,U,36232,999,65095,.15890141E-3,.274E-5,0
FENGYUN 1C DEB,1999-025DVK,2026-08-10T20:38:45.138624,13.45796801,.03183619,98.9711,272.9272,139.1394,223.4084,0,U,36234,999,91190,.20896606E-3,.133E-5,0
FENGYUN 1C DEB,1999-025DVM,2026-07-31T19:30:33.817824,13.82113096,.01509071,98.8230,243.7891,95.0645,266.7754,0,U,36236,999,62939,.21883453E-3,.218E-5,0
FENGYUN 1C DEB,1999-025DVP,2026-08-16T08:40:45.696000,14.12456557,.00201808,98.6770,197.6907,300.3785,59.5392,0,U,36238,999,90499,.38939551E-4,.29E-6,0
FENGYUN 1C DEB,1999-025DVV,2026-08-16T18:48:15.406560,14.26628211,.00472438,98.9394,349.0649,292.1207,67.4961,0,U,36244,999,95499,.59878845E-3,.1417E-4,0
FENGYUN 1C DEB,1999-025DVY,2026-08-16T10:58:18.982560,14.34259205,.01854275,98.2633,235.8118,16.9571,343.7701,0,U,36247,999,73798,.23445281E-3,.751E-5,0
FENGYUN 1C DEB,1999-025DWG,2026-08-16T02:20:02.153760,14.37612821,.00629605,99.4466,177.5499,169.4668,248.3872,0,U,36255,999,67549,.28722902E-3,.83E-5,0
FENGYUN 1C DEB,1999-025DWK,2026-08-14T09:51:36.957888,14.76090133,.0170419,99.0580,290.5670,82.9028,279.1522,0,U,36258,999,94430,.16784E-3,.1393E-4,0
FENGYUN 1C DEB,1999-025DWL,2026-08-15T21:18:19.531584,14.62057993,.00028987,98.7974,12.1673,213.2400,298.1614,0,U,36259,999,75734,.13612568E-2,.6787E-4,0
FENGYUN 1C DEB,1999-025DWM,2026-08-13T10:47:33.216000,14.15529144,.00147443,98.6672,225.7877,273.3919,86.5569,0,U,36260,999,91256,.72243039E-4,.98E-6,0
FENGYUN 1C DEB,1999-025DWN,2026-08-16T12:59:10.736736,13.45667440,.03541502,101.3545,158.4060,222.8531,134.4491,0,U,36261,999,87752,.18209134E-3,.101E-5,0
FENGYUN 1C DEB,1999-025DWP,2026-08-16T23:03:02.471328,14.28096589,.00593242,98.9316,120.4891,279.0587,80.3883,0,U,36262,999,93025,.11329594E-3,.24E-5,0
FENGYUN 1C DEB,1999-025DWQ,2026-08-10T04:36:26.374752,14.48418562,.00333374,98.9847,123.1418,267.4954,92.2420,0,U,36263,999,91463,.7030139E-3,.2602E-4,0
FENGYUN 1C DEB,1999-025DWU,2026-08-16T07:12:32.338656,14.10023263,.01244959,98.5713,168.9049,228.9942,286.9910,0,U,36267,999,90003,.46443364E-3,.839E-5,0
FENGYUN 1C DEB,1999-025DWW,2026-08-12T02:19:24.635424,14.27980717,.02312356,99.1314,181.8336,301.2458,56.6252,0,U,36269,999,91174,.21839249E-3,.663E-5,0
FENGYUN 1C DEB,1999-025DWZ,2026-08-08T10:30:20.995200,14.17651831,.01672321,99.1094,108.2129,311.7923,46.9064,0,U,36272,999,66998,.13714477E-3,.272E-5,0
FENGYUN 1C DEB,1999-025DXA,2026-08-15T10:02:48.180480,14.16824094,.00971317,99.5742,120.8880,23.7907,336.7711,0,U,36273,999,69712,.12915181E-3,.22E-5,0
FENGYUN 1C DEB,1999-025DXB,2026-08-12T12:20:44.695680,14.26192944,.00574295,99.1345,313.5167,252.7284,120.0221,0,U,36274,999,66443,.96018219E-3,.2292E-4,0
FENGYUN 1C DEB,1999-025DXF,2026-08-13T12:38:53.597472,14.17745760,.00608006,99.1271,155.4194,320.6856,38.9911,0,U,36278,999,96930,.14312302E-3,.25E-5,0
FENGYUN 1C DEB,1999-025DXG,2026-08-12T04:01:03.905184,14.14847340,.00631243,98.5878,197.7387,79.7881,281.0404,0,U,36279,999,92467,.59537667E-4,.76E-6,0
FENGYUN 1C DEB,1999-025DXH,2026-08-12T13:34:17.548032,14.10428494,.00642018,98.7473,252.1098,97.7334,53.8270,0,U,36280,999,89776,.32893812E-3,.554E-5,0
FENGYUN 1C DEB,1999-025DXJ,2026-08-16T05:18:29.296224,13.61582039,.02825966,99.2542,142.5796,197.9365,161.1644,0,U,36281,999,87870,.12592387E-2,.1216E-4,0
FENGYUN 1C DEB,1999-025DXL,2026-08-09T19:25:00.681024,15.20768854,.00471129,99.4251,248.6116,346.1346,13.8585,0,U,36283,999,70298,.82695485E-3,.18701E-3,0
FENGYUN 1C DEB,1999-025DXN,2026-08-07T13:27:49.378752,13.59735476,.02827571,98.4413,330.4592,275.0272,81.8655,0,U,36644,999,64799,.69065335E-3,.63E-5,0
FENGYUN 1C DEB,1999-025DXP,2026-08-15T18:56:52.139040,13.59461292,.02966265,98.5131,346.9399,118.0237,245.1248,0,U,36645,999,60889,.85832763E-3,.815E-5,0
FENGYUN 1C DEB,1999-025DXR,2026-08-15T10:27:09.086976,13.90678500,.02313915,96.1247,289.6046,302.6811,55.2226,0,U,36647,999,33825,.10294215E-2,.1571E-4,0
FENGYUN 1C DEB,1999-025DXW,2026-08-16T17:11:04.177248,14.24599100,.00489886,98.9350,319.8484,4.6206,355.5414,0,U,36652,999,67839,.83564613E-3,.1919E-4,0
FENGYUN 1C DEB,1999-025DYA,2026-08-05T23:49:47.595072,13.54989988,.03326434,97.4302,296.1415,249.5176,106.9971,0,U,36656,999,62044,.85149528E-3,.805E-5,0
FENGYUN 1C DEB,1999-025DYB,2026-08-10T23:56:05.904384,14.67216107,.01030664,99.4288,54.5384,54.2914,306.7823,0,U,36657,999,69792,.18044797E-3,.1031E-4,0
FENGYUN 1C DEB,1999-025DYD,2026-08-13T21:29:06.544032,13.87732628,.01359085,99.8486,247.6505,151.5434,209.3228,0,U,36659,999,63811,.26688255E-3,.292E-5,0
FENGYUN 1C DEB,1999-025DYE,2026-08-11T19:08:34.406016,14.14992414,.00456491,98.6265,221.1595,259.5751,100.0276,0,U,36660,999,66804,.2971489E-3,.538E-5,0
FENGYUN 1C DEB,1999-025DYJ,2026-08-15T19:19:37.040448,14.18058886,.01734561,98.5852,249.6948,110.2423,251.7495,0,U,36664,999,67238,.5089497E-4,.8E-6,0
FENGYUN 1C DEB,1999-025DYN,2026-08-12T19:36:22.933440,14.15949819,.00499151,98.6072,231.9320,248.5838,111.0007,0,U,36668,999,60857,.25912033E-3,.474E-5,0
FENGYUN 1C DEB,1999-025DYV,2026-07-21T06:44:36.803328,14.46890599,.00246741,99.2332,221.1321,190.4905,169.5773,0,U,36675,999,70413,.1237449E-2,.4458E-4,0
FENGYUN 1C DEB,1999-025DYW,2026-08-16T12:37:44.601888,14.43888353,.0095382,98.7534,140.2034,113.6010,60.6465,0,U,36676,999,68626,.18368425E-3,.613E-5,0
FENGYUN 1C DEB,1999-025DYY,2026-08-06T18:16:19.256736,14.38493168,.01505883,98.3154,198.4939,0.9974,359.1486,0,U,36678,999,68396,.19538395E-3,.633E-5,0
FENGYUN 1C DEB,1999-025DYZ,2026-08-05T05:43:45.813216,14.05024215,.00852434,98.8562,212.3846,153.4581,207.0990,0,U,36679,999,27855,.1037039E-3,.13E-5,0
FENGYUN 1C DEB,1999-025DZA,2026-08-14T04:59:03.254784,14.19169874,.01867908,98.5633,215.0613,262.8423,158.3314,0,U,36680,999,67764,.14793131E-3,.323E-5,0
FENGYUN 1C DEB,1999-025DZB,2026-08-10T05:11:44.342880,14.10754845,.00452136,98.7062,218.2118,28.1879,332.1726,0,U,36681,999,76148,.29271939E-3,.486E-5,0
FENGYUN 1C DEB,1999-025DZC,2026-08-16T14:49:35.992416,13.70740476,.02336086,98.4683,108.5729,337.6888,21.4228,0,U,36682,999,64774,.6411985E-3,.654E-5,0
FENGYUN 1C DEB,1999-025DZG,2026-08-13T08:47:17.526048,14.80362009,.00990967,98.9831,90.4564,8.7357,351.5547,0,U,36686,999,69453,.29625599E-3,.2386E-4,0
FENGYUN 1C DEB,1999-025DZH,2026-08-08T11:54:19.815552,14.04687538,.00900835,98.7026,302.2321,315.3570,44.0369,0,U,36687,999,66074,.82644705E-4,.95E-6,0
FENGYUN 1C DEB,1999-025DZN,2026-08-05T01:29:07.555200,13.93755081,.01148267,99.9919,146.9899,109.9468,251.4101,0,U,36692,999,63083,.15469004E-3,.165E-5,0
FENGYUN 1C DEB,1999-025DZR,2026-08-12T16:01:30.968256,14.44368315,.02557722,98.2458,203.6001,111.7077,251.1553,0,U,36695,999,93074,.79394619E-4,.356E-5,0
FENGYUN 1C DEB,1999-025DZS,2026-08-16T12:28:53.882112,14.41882823,.00211345,98.9830,254.9245,320.3745,39.5897,0,U,36696,999,67949,.81263822E-3,.2619E-4,0
FENGYUN 1C DEB,1999-025DZV,2026-08-09T05:14:47.800320,14.24580103,.009406,98.5718,214.8428,151.8366,208.7947,0,U,36699,999,76736,.11382064E-3,.234E-5,0
FENGYUN 1C DEB,1999-025DZX,2026-08-08T23:02:22.939008,13.72486327,.02580723,102.7535,258.3142,68.7343,294.1142,0,U,36701,999,64419,.81006408E-3,.872E-5,0
FENGYUN 1C DEB,1999-025DZZ,2026-07-29T04:17:24.795744,14.23633136,.00956733,97.8143,357.1517,350.7374,9.2039,0,U,36703,999,61519,.13710183E-2,.324E-4,0
FENGYUN 1C DEB,1999-025EAD,2026-08-13T09:58:47.712000,14.18005437,.00500246,98.7296,272.5988,141.8455,218.6279,0,U,36707,999,67532,.33830688E-3,.658E-5,0
FENGYUN 1C DEB,1999-025EAG,2026-08-11T09:54:27.727488,14.52081994,.00659587,98.3587,284.3022,161.5266,198.8347,0,U,36710,999,68458,.46198473E-3,.1876E-4,0
FENGYUN 1C DEB,1999-025EAH,2026-08-16T11:30:43.637472,14.46164159,.00940177,100.7915,318.7324,237.2638,121.9456,0,U,36711,999,67873,.12345788E-2,.4593E-4,0
FENGYUN 1C DEB,1999-025EAN,2026-08-15T00:56:19.325184,13.88558986,.01477859,99.2278,148.6224,288.9668,69.5524,0,U,36716,999,66335,.98285669E-4,.83E-6,0
FENGYUN 1C DEB,1999-025EAR,2026-08-02T04:27:49.809888,14.36150671,.00827288,98.5477,359.0340,138.9379,221.8074,0,U,36719,999,67686,.1006947E-2,.3008E-4,0
FENGYUN 1C DEB,1999-025EAW,2026-08-10T02:50:38.402592,14.27073838,.01000465,99.4562,278.0231,233.6830,155.9483,0,U,36724,999,60899,.67745151E-3,.1689E-4,0
FENGYUN 1C DEB,1999-025EBB,2026-08-13T15:43:01.677792,14.10534697,.00449269,98.7320,205.1978,285.3968,74.2242,0,U,36729,999,90690,.13781228E-3,.205E-5,0
FENGYUN 1C DEB,1999-025EBG,2026-08-14T15:00:50.672736,14.27497603,.00335666,99.0424,286.7298,232.7468,127.0648,0,U,36734,999,86226,.64728564E-3,.1552E-4,0
FENGYUN 1C DEB,1999-025EBJ,2026-08-14T11:10:25.991040,14.27055076,.0060801,98.7949,306.0608,148.5190,211.9652,0,U,36736,999,92104,.60039E-3,.1447E-4,0
FENGYUN 1C DEB,1999-025EBR,2026-08-12T21:09:02.237760,14.30494140,.00468774,98.6367,276.4277,21.3729,338.9397,0,U,36743,999,64212,.42822782E-3,.1085E-4,0
FENGYUN 1C DEB,1999-025EBS,2026-08-12T16:03:01.626048,14.16236522,.00827792,99.1349,301.6917,276.6806,82.4951,0,U,36986,999,85181,.72863569E-3,.1445E-4,0
FENGYUN 1C DEB,1999-025EBT,2026-08-15T11:16:28.734528,13.46182625,.03168836,100.7997,132.5624,184.0777,175.7758,0,U,36987,999,64183,.46661278E-3,.328E-5,0
FENGYUN 1C DEB,1999-025EBW,2026-08-02T09:24:01.304064,13.57183814,.02910658,96.5803,91.5781,106.0541,257.2863,0,U,36990,999,86043,.42157869E-3,.376E-5,0
FENGYUN 1C DEB,1999-025ECA,2026-08-13T19:58:47.088480,13.90868926,.01152641,98.6714,176.6584,342.4591,17.2603,0,U,36994,999,84300,.31820015E-4,.1E-7,0
FENGYUN 1C DEB,1999-025ECB,2026-08-16T21:28:14.775744,14.04922338,.00387678,98.3096,92.3861,329.5147,30.3768,0,U,36995,999,67027,.72817273E-4,.79E-6,0
FENGYUN 1C DEB,1999-025ECC,2026-08-16T04:18:42.288768,14.12840158,.02506601,98.2530,5.9093,357.9776,177.9220,0,U,36996,999,63170,.27852714E-3,.655E-5,0
FENGYUN 1C DEB,1999-025ECK,2026-08-15T19:27:05.174784,13.96628688,.00953535,98.8301,246.7204,202.4514,333.5497,0,U,37003,999,64091,.46746886E-3,.631E-5,0
FENGYUN 1C DEB,1999-025ECQ,2026-08-10T19:07:50.794752,14.08583217,.0057721,99.1553,349.8376,305.0338,54.5423,0,U,37008,999,63707,.35880823E-3,.58E-5,0
FENGYUN 1C DEB,1999-025ECZ,2026-08-12T03:21:42.162912,14.43329134,.02738411,98.8118,181.6456,2.1491,358.0807,0,U,37017,999,64655,.59107333E-3,.3084E-4,0
FENGYUN 1C DEB,1999-025EDA,2026-08-13T08:00:41.939136,14.47651645,.01864675,98.4987,84.3534,264.8220,93.1670,0,U,37018,999,67046,.11596787E-2,.5269E-4,0
FENGYUN 1C DEB,1999-025EDB,2026-08-12T11:04:26.370912,14.36299927,.01658746,98.5721,312.1676,326.4576,32.6192,0,U,37019,999,68243,.22699531E-3,.725E-5,0
FENGYUN 1C DEB,1999-025EDD,2026-08-09T21:17:22.256160,14.33350493,.0172947,98.3753,235.8671,258.0645,223.2389,0,U,37021,999,73493,.23452148E-3,.715E-5,0
FENGYUN 1C DEB,1999-025EDL,2026-08-11T12:43:46.134912,14.24538271,.00326776,99.2413,148.5300,126.9328,233.4850,0,U,37028,999,63916,.63302299E-3,.1428E-4,0
FENGYUN 1C DEB,1999-025EDU,2026-08-11T18:07:46.724160,14.03821659,.01241959,98.7301,211.7814,96.2853,265.2477,0,U,37036,999,67143,.36957479E-3,.583E-5,0
FENGYUN 1C DEB,1999-025EEA,2026-08-13T15:51:35.586720,14.84240391,.00438,98.6061,7.6010,335.5900,24.3238,0,U,37042,999,76406,.69909559E-3,.5892E-4,0
FENGYUN 1C DEB,1999-025EEC,2026-08-10T23:56:42.070560,13.73315443,.04970842,98.9645,319.5395,240.7084,114.3523,0,U,37044,999,87167,.15802495E-2,.3555E-4,0
FENGYUN 1C DEB,1999-025EEE,2026-08-08T06:38:31.115328,14.25588274,.0048635,98.5360,233.2223,332.5008,27.3600,0,U,37046,999,67579,.36076E-3,.822E-5,0
FENGYUN 1C DEB,1999-025EEF,2026-08-13T22:07:21.821376,13.84670050,.02288618,99.1197,277.0854,279.0659,78.4665,0,U,37047,999,65461,.88471632E-3,.1174E-4,0
FENGYUN 1C DEB,1999-025EEG,2026-08-09T08:50:01.419072,13.65307077,.0251749,98.8631,67.6035,242.0885,296.8040,0,U,37048,999,65439,.18250906E-3,.144E-5,0
FENGYUN 1C DEB,1999-025EEH,2026-08-06T06:39:40.970592,14.44160792,.00319849,99.2568,233.9276,213.1540,146.7644,0,U,37049,999,67149,.76311419E-3,.2582E-4,0
FENGYUN 1C DEB,1999-025EEM,2026-08-16T04:11:01.077792,14.56647744,.00413088,99.1579,2.4552,149.1415,336.3235,0,U,37053,999,68622,.74368491E-3,.3302E-4,0
FENGYUN 1C DEB,1999-025EEN,2026-08-16T05:25:13.067616,14.19753662,.01010274,98.5743,207.6730,112.3534,248.8387,0,U,37054,999,67926,.13205525E-3,.253E-5,0
FENGYUN 1C DEB,1999-025EEQ,2026-08-16T20:47:32.665056,14.51369158,.02663034,98.9573,272.7566,121.8223,240.9197,0,U,37056,999,68995,.20766031E-3,.1249E-4,0
FENGYUN 1C DEB,1999-025EER,2026-08-11T19:47:35.029536,13.96436847,.02833263,98.9145,236.4783,191.8074,167.6351,0,U,37057,999,66976,.37581775E-3,.685E-5,0
FENGYUN 1C DEB,1999-025EEU,2026-07-31T22:18:39.550752,14.00913363,.00810932,99.0618,273.8648,71.0342,289.9589,0,U,37060,999,65943,.11951734E-3,.14E-5,0
FENGYUN 1C DEB,1999-025EEV,2026-08-13T19:40:22.575936,13.15477466,.07994426,98.0563,239.5762,119.6054,248.7141,0,U,37061,999,11362,.36481081E-3,.712E-5,0
FENGYUN 1C DEB,1999-025EEY,2026-08-15T04:15:41.313600,14.19136231,.01035456,98.9066,24.9732,121.7546,239.3769,0,U,37064,999,85013,.14515447E-2,.3161E-4,0
FENGYUN 1C DEB,1999-025EEZ,2026-08-11T23:16:15.100608,13.60098277,.0294229,103.2840,129.1671,75.7064,287.6542,0,U,37065,999,25494,.19671E-2,.1887E-4,0
FENGYUN 1C DEB,1999-025EFB,2026-08-11T03:59:30.380640,14.03470494,.01296775,99.5111,180.6866,169.0252,191.3790,0,U,37067,999,60792,.1581238E-2,.262E-4,0
FENGYUN 1C DEB,1999-025EFD,2026-08-14T21:52:39.621216,13.39012923,.0423659,95.8470,99.1053,315.8140,40.9874,0,U,37069,999,90988,.64162E-3,.559E-5,0
FENGYUN 1C DEB,1999-025EFM,2026-08-16T05:20:31.419168,14.41763996,.00942795,99.0217,322.1750,320.0614,39.3664,0,U,37077,999,88506,.12982959E-3,.394E-5,0
FENGYUN 1C DEB,1999-025EFP,2026-08-11T05:34:01.356096,14.68066641,.0011838,98.8647,21.5157,119.0251,241.2139,0,U,37079,999,68150,.95067E-3,.5409E-4,0
FENGYUN 1C DEB,1999-025EFR,2026-08-11T16:38:57.092640,14.22070913,.02465118,98.6834,16.3627,13.8210,346.9557,0,U,37081,999,62004,.94032466E-3,.2789E-4,0
FENGYUN 1C DEB,1999-025EFS,2026-08-16T22:39:43.875648,13.63921970,.04003186,98.8394,49.5427,208.8243,149.0250,0,U,37400,999,83563,.30295525E-3,.375E-5,0
FENGYUN 1C DEB,1999-025EFW,2026-08-16T11:36:23.734656,14.32480644,.00443671,98.4570,230.1245,151.1747,0.6519,0,U,37404,999,86272,.24548253E-3,.63E-5,0
FENGYUN 1C DEB,1999-025EFY,2026-08-11T21:20:38.028192,14.04967752,.0148174,98.4239,84.0700,301.0050,70.8113,0,U,37406,999,66632,.39095078E-3,.653E-5,0
FENGYUN 1C DEB,1999-025EGH,2026-08-12T11:23:44.675232,13.52224763,.02829976,98.9852,314.7104,282.7266,74.2381,0,U,37415,999,65602,.24861158E-3,.17E-5,0
FENGYUN 1C DEB,1999-025EGK,2026-08-14T05:02:36.846816,14.07632590,.00780047,98.8122,217.8600,293.2302,66.0667,0,U,37417,999,71789,.12310101E-3,.17E-5,0
FENGYUN 1C DEB,1999-025EGL,2026-08-06T05:56:41.549568,11.95409671,.10723492,98.5936,36.4629,212.0203,141.1147,0,U,37418,999,52310,.25817045E-2,.1038E-4,0
FENGYUN 1C DEB,1999-025EGN,2026-08-08T18:44:13.377696,13.99974912,.00731631,98.8780,208.5083,330.4512,29.2528,0,U,37420,999,63109,.3694781E-4,.12E-6,0
FENGYUN 1C DEB,1999-025EGP,2026-08-14T06:13:40.214208,13.40740330,.0406703,98.9073,157.2787,191.1470,168.0441,0,U,37421,999,64222,.23727E-3,.176E-5,0
FENGYUN 1C DEB,1999-025EGR,2026-08-12T23:05:45.502080,14.08105189,.00484241,98.7647,273.3567,192.4249,167.5731,0,U,37423,999,67032,.24599735E-3,.381E-5,0
FENGYUN 1C DEB,1999-025EGS,2026-08-11T00:34:40.174176,14.18953431,.02108852,97.2105,311.6226,280.4307,77.3171,0,U,37424,999,71994,.28889662E-3,.716E-5,0
FENGYUN 1C DEB,1999-025EGV,2026-08-15T06:48:39.522528,15.01704105,.01691614,98.6447,41.1753,209.6710,149.4835,0,U,37427,999,64004,.23803248E-3,.4124E-4,0
FENGYUN 1C DEB,1999-025EGW,2026-08-11T07:29:13.423488,14.37160085,.00560881,97.7039,65.7548,85.5855,275.1739,0,U,37428,999,66903,.74013267E-3,.2205E-4,0
FENGYUN 1C DEB,1999-025EGX,2026-08-07T04:33:45.736416,14.09979449,.01041228,98.6592,205.2959,45.3445,315.6155,0,U,37429,999,66432,.27521167E-3,.469E-5,0
FENGYUN 1C DEB,1999-025EGY,2026-08-10T11:47:18.691584,14.30826412,.00191847,98.7550,303.0214,87.9943,272.3437,0,U,37430,999,65142,.6774355E-3,.1735E-4,0
FENGYUN 1C DEB,1999-025EHA,2026-08-16T06:47:48.073056,14.55156744,.01772669,98.1763,241.2469,244.6788,113.5956,0,U,37432,999,11960,.19493118E-3,.984E-5,0
FENGYUN 1C DEB,1999-025EHD,2026-08-16T19:47:58.953696,14.23365750,.00403288,98.6278,265.3739,19.3184,340.9512,0,U,37435,999,92453,.47554767E-3,.1044E-4,0
FENGYUN 1C DEB,1999-025EHE,2026-08-13T10:03:59.011200,14.06728512,.0058798,98.9074,281.4383,184.9098,175.1501,0,U,37436,999,67424,.17439528E-3,.251E-5,0
FENGYUN 1C DEB,1999-025EHF,2026-08-14T05:49:18.274368,14.19344287,.0113026,98.6016,215.8394,62.8309,311.0964,0,U,37437,999,67459,.2193E-3,.449E-5,0
FENGYUN 1C DEB,1999-025EHG,2026-08-07T09:20:47.422464,14.16051633,.00273302,98.7173,258.4940,261.8500,97.9574,0,U,37438,999,63498,.29687937E-3,.545E-5,0
FENGYUN 1C DEB,1999-025EHK,2026-08-05T18:19:14.704896,13.14665379,.05071894,99.1425,38.2850,211.6119,145.3592,0,U,37441,999,85273,.96872383E-3,.655E-5,0
FENGYUN 1C DEB,1999-025EHN,2026-08-13T13:34:28.803360,14.49978628,.02384704,99.0778,329.6933,339.8238,19.3648,0,U,37444,999,68682,.15762156E-3,.81E-5,0
FENGYUN 1C DEB,1999-025EHS,2026-08-14T10:16:05.469312,13.88235351,.0305078,99.3032,295.6678,121.5384,241.5953,0,U,37448,999,65769,.78845E-3,.1324E-4,0
FENGYUN 1C DEB,1999-025EHX,2026-08-13T22:32:10.959936,13.68784969,.03596048,97.6340,117.1602,297.2800,59.2155,0,U,37453,999,92964,.77401193E-3,.1014E-4,0
FENGYUN 1C DEB,1999-025EJB,2026-07-26T00:37:29.383392,14.24314717,.00636777,99.0915,287.8246,148.7545,211.7442,0,U,37457,999,63276,.18613196E-2,.4346E-4,0
FENGYUN 1C DEB,1999-025EJE,2026-08-14T22:33:07.989120,14.51262788,.0051287,98.3922,46.5618,261.0054,98.5334,0,U,37460,999,86042,.70491E-3,.2804E-4,0
FENGYUN 1C DEB,1999-025EJF,2026-08-10T09:38:22.871040,12.79737145,.06568779,99.8635,87.0439,158.6621,204.3271,0,U,37461,999,55112,.19190322E-2,.105E-4,0
FENGYUN 1C DEB,1999-025EJJ,2026-08-15T17:48:10.325952,13.48590085,.04495233,102.7117,223.7444,298.1722,57.4684,0,U,37464,999,64236,.93024888E-3,.1011E-4,0
FENGYUN 1C DEB,1999-025EJU,2026-08-16T22:38:34.709856,14.79527754,.01240247,99.1390,112.4959,83.7499,277.7820,0,U,37474,999,66026,.71012517E-3,.5983E-4,0
FENGYUN 1C DEB,1999-025EJW,2026-08-12T16:00:27.257760,11.91509586,.10727744,98.9445,177.4438,113.2583,258.4976,0,U,37476,999,70336,.19233617E-2,.716E-5,0
FENGYUN 1C DEB,1999-025EJX,2026-08-14T05:34:18.789024,14.20341944,.0038807,98.6073,229.2447,117.7855,242.7265,0,U,37477,999,85384,.32303E-3,.654E-5,0
FENGYUN 1C DEB,1999-025EJY,2026-08-16T15:39:49.048128,13.03749446,.05449272,99.6552,190.9662,109.8284,256.2396,0,U,37478,999,59778,.32953322E-2,.2095E-4,0
FENGYUN 1C DEB,1999-025EKH,2026-08-09T11:14:50.499456,14.10366305,.01166335,99.0690,130.8759,313.3214,45.8278,0,U,37589,999,85961,.12779018E-2,.2372E-4,0
FENGYUN 1C DEB,1999-025EKK,2026-08-16T01:43:28.372224,14.62162893,.00623541,98.4043,182.0222,317.0145,108.4108,0,U,37591,999,70054,.22163242E-2,.1143E-3,0
FENGYUN 1C DEB,1999-025EKM,2026-08-16T12:24:25.337088,14.38213981,.01473433,99.0004,122.5730,110.7206,12.6310,0,U,37593,999,89666,.45446287E-3,.1514E-4,0
FENGYUN 1C DEB,1999-025EKN,2026-08-12T12:27:42.252192,14.11328717,.00845862,98.7119,251.9624,301.0138,58.2746,0,U,37594,999,81186,.10171275E-3,.147E-5,0
FENGYUN 1C DEB,1999-025EKP,2026-08-16T22:35:50.182656,14.85401532,.00190215,99.0407,113.7393,320.1385,52.2650,0,U,37595,999,66259,.22453995E-2,.19383E-3,0
FENGYUN 1C DEB,1999-025EKU,2026-08-14T04:21:16.292448,13.85538683,.03537572,98.9302,16.4886,108.8684,255.1176,0,U,37600,999,91869,.10185942E-2,.1858E-4,0
FENGYUN 1C DEB,1999-025EKX,2026-08-16T22:19:02.329248,13.72858228,.02287092,98.5787,214.7157,58.5352,303.7935,0,U,37682,999,65824,.91435074E-3,.98E-5,0
FENGYUN 1C DEB,1999-025EKY,2026-07-25T10:19:37.396416,13.32869478,.05802026,97.9890,82.9329,272.3923,270.9841,0,U,37683,999,32232,.69362636E-3,.843E-5,0
FENGYUN 1C DEB,1999-025ELB,2026-08-08T18:03:31.150368,13.35553916,.03951582,99.0173,216.8969,168.9295,5.4172,0,U,37686,999,63817,.33531142E-3,.23E-5,0
FENGYUN 1C DEB,1999-025ELC,2026-08-16T06:57:02.292768,13.87687062,.0332209,98.1892,238.4404,37.8035,334.6796,0,U,37687,999,86671,.16675544E-2,.3027E-4,0
FENGYUN 1C DEB,1999-025ELE,2026-08-12T14:43:01.782912,14.52500200,.00196527,98.9095,284.8272,220.4608,139.5125,0,U,37689,999,61334,.7826244E-3,.3153E-4,0
FENGYUN 1C DEB,1999-025ELF,2026-08-03T22:03:58.053024,14.17907549,.00388246,98.7377,258.5403,346.8820,137.8460,0,U,37690,999,67083,.59434862E-3,.118E-4,0
FENGYUN 1C DEB,1999-025ELG,2026-08-12T23:33:49.648032,14.66031006,.02538505,98.3583,137.1699,110.8694,251.9889,0,U,37691,999,89189,.69501448E-3,.6114E-4,0
FENGYUN 1C DEB,1999-025ELJ,2026-08-11T22:45:53.056800,14.08960380,.0072762,98.7022,220.2727,110.0961,281.3390,0,U,37693,999,65559,.22276E-3,.353E-5,0
FENGYUN 1C DEB,1999-025ELK,2026-08-12T09:39:00.079200,14.18373210,.01476116,98.1863,278.2584,106.2975,310.7579,0,U,37694,999,55142,.59835594E-3,.1337E-4,0
FENGYUN 1C DEB,1999-025ELL,2026-08-15T07:20:54.090240,13.65729700,.04593309,98.1867,238.6111,323.3482,47.0130,0,U,37695,999,92603,.31244346E-3,.49E-5,0
FENGYUN 1C DEB,1999-025ELV,2026-08-16T22:19:50.383200,13.71088648,.02404007,98.3372,34.4223,234.5417,282.1439,0,U,37704,999,65751,.83172892E-3,.876E-5,0
FENGYUN 1C DEB,1999-025ELY,2026-08-12T09:51:31.055904,14.57680765,.01407308,100.2011,287.9044,38.5874,26.5719,0,U,37707,999,89100,.14873937E-3,.701E-5,0
FENGYUN 1C DEB,1999-025EMD,2026-08-15T15:52:58.440000,14.37085351,.00781975,98.8506,18.0907,348.2470,23.7868,0,U,37712,999,67492,.13837157E-3,.377E-5,0
FENGYUN 1C DEB,1999-025EMF,2026-07-29T19:10:13.760832,14.34538111,.00494261,98.9023,333.8176,131.0255,229.5218,0,U,37714,999,60791,.17275109E-2,.4899E-4,0
FENGYUN 1C DEB,1999-025EMG,2026-08-15T07:20:58.754112,13.95748626,.01139839,98.9554,233.2113,156.8371,216.9109,0,U,37715,999,61229,.44336949E-3,.596E-5,0
FENGYUN 1C DEB,1999-025EMH,2026-07-31T22:49:44.212224,14.30387051,.0031398,98.6661,278.3759,249.2446,291.0423,0,U,37716,999,63874,.71578E-3,.1826E-4,0
FENGYUN 1C DEB,1999-025EMJ,2026-08-16T17:53:26.988000,15.11959063,.00399095,98.7466,221.2388,18.0153,156.6515,0,U,37717,999,93109,.16383054E-2,.28653E-3,0
FENGYUN 1C DEB,1999-025EML,2026-08-12T00:58:31.173312,14.58440191,.00418747,99.4805,288.6410,256.3303,223.2917,0,U,37719,999,3768,.29127744E-3,.1306E-4,0
FENGYUN 1C DEB,1999-025EMZ,2026-08-08T06:14:01.326048,14.04952176,.0207525,102.3062,25.2143,8.0801,352.3613,0,U,37900,999,63162,.62156E-3,.114E-4,0
FENGYUN 1C DEB,1999-025ENB,2026-08-07T18:52:19.246368,13.53482383,.03209832,98.6765,56.1576,52.3897,310.5925,0,U,37902,999,66196,.91177068E-3,.815E-5,0
FENGYUN 1C DEB,1999-025ENF,2026-08-03T08:42:37.253952,13.81065312,.0164133,99.5758,264.7093,134.1113,287.6536,0,U,37906,999,62680,.33212321E-3,.344E-5,0
FENGYUN 1C DEB,1999-025ENG,2026-08-14T03:26:48.335136,14.25835742,.0059732,99.0892,352.5326,200.4417,159.4370,0,U,37907,999,86753,.9495395E-3,.2254E-4,0
FENGYUN 1C DEB,1999-025ENH,2026-08-11T08:47:26.001888,14.37242270,.00739716,99.1272,275.0753,170.7310,189.5259,0,U,37908,999,67531,.20553247E-3,.582E-5,0
FENGYUN 1C DEB,1999-025ENL,2026-08-11T17:01:06.978720,13.98462445,.01400888,99.2885,310.9969,167.4185,193.0533,0,U,37911,999,80090,.7128661E-3,.1064E-4,0
FENGYUN 1C DEB,1999-025ENM,2026-08-16T21:20:38.570784,14.13267362,.00913042,99.2348,210.0160,87.2257,273.9360,0,U,37912,999,80777,.11098777E-2,.2118E-4,0
FENGYUN 1C DEB,1999-025ENP,2026-07-21T05:44:56.525568,14.16950948,.0069619,99.2061,207.8087,93.0674,267.8469,0,U,37914,999,65310,.60995374E-3,.1207E-4,0
FENGYUN 1C DEB,1999-025ENS,2026-07-31T12:25:34.505472,14.14797953,.00473496,98.9304,315.4863,113.9996,246.6144,0,U,37917,999,67086,.69572422E-3,.1312E-4,0
FENGYUN 1C DEB,1999-025ENT,2026-08-14T08:45:14.781024,14.35223033,.00541,99.0525,192.2445,288.9864,70.5463,0,U,37918,999,7050,.22039E-3,.592E-5,0
FENGYUN 1C DEB,1999-025ENU,2026-08-14T01:18:48.044736,14.27273278,.00495434,99.0784,177.9430,32.0594,328.3582,0,U,37919,999,68393,.18966936E-3,.422E-5,0
FENGYUN 1C DEB,1999-025ENW,2026-08-07T22:47:46.983840,13.95280977,.0083988,98.9926,260.4754,165.0742,195.2927,0,U,37921,999,66469,.48965E-4,.25E-6,0
FENGYUN 1C DEB,1999-025EPA,2026-08-11T11:16:26.762880,14.85627333,.00490931,99.0632,130.2673,301.4090,58.2324,0,U,37925,999,69266,.41905634E-3,.3637E-4,0
FENGYUN 1C DEB,1999-025EPB,2026-08-14T03:29:18.905280,14.25650767,.00515313,98.7068,292.5701,230.6150,158.5633,0,U,37926,999,77751,.59850104E-3,.1394E-4,0
FENGYUN 1C DEB,1999-025EPC,2026-08-15T05:02:14.417376,14.85120108,.00071813,98.8170,39.2325,205.7576,154.3279,0,U,37927,999,68745,.15648583E-2,.1335E-3,0
FENGYUN 1C DEB,1999-025EPD,2026-08-13T03:20:51.674208,14.37914470,.007273,98.8880,113.3340,35.9208,324.6836,0,U,37928,999,84689,.22820792E-3,.663E-5,0
FENGYUN 1C DEB,1999-025EPM,2026-08-02T08:43:59.631168,14.17453079,.00708413,98.6925,253.1653,198.4658,175.5284,0,U,38116,999,67780,.24907759E-3,.474E-5,0
FENGYUN 1C DEB,1999-025EPQ,2026-08-12T10:13:34.305600,14.19188980,.02195801,98.5897,294.7598,249.9420,107.8001,0,U,38119,999,57447,.15925081E-2,.4197E-4,0
FENGYUN 1C DEB,1999-025EPS,2026-08-11T04:27:59.031360,14.22793269,.0204175,99.1412,28.3516,157.4176,203.6146,0,U,38121,999,87352,.44144E-3,.1176E-4,0
FENGYUN 1C DEB,1999-025EPT,2026-08-08T06:11:03.755040,14.43703120,.0225075,98.3232,222.3742,154.2488,207.0115,0,U,38122,999,71179,.16364E-3,.704E-5,0
FENGYUN 1C DEB,1999-025EPV,2026-07-22T11:02:06.005472,13.41032684,.03573679,97.8206,111.3083,91.7792,272.4302,0,U,38124,999,57553,.24227169E-3,.169E-5,0
FENGYUN 1C DEB,1999-025EQB,2026-08-16T12:56:13.009344,13.78116719,.02035939,98.5927,262.1062,280.5543,77.2734,0,U,38130,999,72681,.94859002E-3,.1073E-4,0
FENGYUN 1C DEB,1999-025EQG,2026-08-03T21:46:36.902784,14.25883981,.02213794,98.6329,274.5930,108.3945,254.1444,0,U,38135,999,64377,.37112423E-3,.1097E-4,0
FENGYUN 1C DEB,1999-025EQJ,2026-08-15T09:07:03.680544,14.06371734,.00470357,98.8358,269.5897,99.7927,260.8557,0,U,38137,999,67161,.55219247E-4,.49E-6,0
FENGYUN 1C DEB,1999-025EQQ,2026-08-13T23:38:17.317824,14.05331926,.00540418,99.0017,285.3278,261.9540,97.5493,0,U,38143,999,63713,.15315024E-3,.206E-5,0
FENGYUN 1C DEB,1999-025EQR,2026-08-14T06:13:13.209888,13.59593164,.0287497,98.9852,35.5864,279.1279,77.7444,0,U,38144,999,64359,.70157E-3,.641E-5,0
FENGYUN 1C DEB,1999-025EQT,2026-08-12T02:10:31.428192,14.61835482,.01950083,99.4859,344.5276,94.4352,78.1976,0,U,38146,999,35417,.36997389E-3,.2354E-4,0
FENGYUN 1C DEB,1999-025EQU,2026-08-05T07:03:48.914496,14.24042667,.00496487,98.5493,230.1259,335.0425,24.8354,0,U,38147,999,63739,.32953833E-3,.724E-5,0
FENGYUN 1C DEB,1999-025EQV,2026-08-16T03:11:26.695104,13.97325635,.01571265,99.0616,344.4578,166.8263,193.7076,0,U,38148,999,63076,.11795763E-2,.1794E-4,0
FENGYUN 1C DEB,1999-025EQW,2026-08-14T05:17:22.437312,14.26184183,.0077671,98.3743,212.5322,162.6555,197.7306,0,U,38149,999,73972,.8228515E-4,.162E-5,0
FENGYUN 1C DEB,1999-025ERC,2026-08-16T12:48:33.525504,14.27668137,.00945831,98.4378,129.1931,121.4109,239.6365,0,U,38155,999,67294,.13889187E-2,.3551E-4,0
FENGYUN 1C DEB,1999-025ERE,2026-08-14T13:19:44.723136,14.22950071,.0270092,99.6564,162.1130,145.9163,215.9690,0,U,38157,999,79728,.19892E-3,.592E-5,0
FENGYUN 1C DEB,1999-025ERF,2026-08-07T21:11:14.839296,13.72238835,.0213723,99.2678,244.0967,184.3213,175.6095,0,U,38158,999,60148,.55631E-3,.554E-5,0
FENGYUN 1C DEB,1999-025ERG,2026-08-10T23:31:17.951232,14.03787100,.00575436,99.2939,125.2427,36.7797,323.7296,0,U,38159,999,86496,.76733956E-4,.76E-6,0
FENGYUN 1C DEB,1999-025ERL,2026-08-01T09:03:24.008544,14.06456091,.00742725,99.1065,256.4721,319.1175,40.4436,0,U,38163,999,27797,.43404869E-3,.69E-5,0
FENGYUN 1C DEB,1999-025ERP,2026-08-16T13:43:20.055360,14.34426580,.0051085,99.0820,348.3664,48.7888,311.7682,0,U,38166,999,67307,.11898934E-2,.3353E-4,0
FENGYUN 1C DEB,1999-025ERR,2026-08-08T01:58:33.424320,14.36757440,.00415333,98.7871,322.1907,130.1066,230.3772,0,U,38168,999,67885,.72171209E-3,.2105E-4,0
FENGYUN 1C DEB,1999-025ERS,2026-08-14T06:21:09.478656,14.79041789,.0027583,98.9865,232.4736,28.5915,331.6799,0,U,38169,999,64875,.85784E-3,.6324E-4,0
FENGYUN 1C DEB,1999-025ERV,2026-08-01T02:18:52.337376,13.54966344,.028119,100.4212,322.2673,122.8828,239.9701,0,U,38172,999,64805,.43274E-3,.336E-5,0
FENGYUN 1C DEB,1999-025ERW,2026-08-13T13:18:51.653664,14.38970168,.01598951,98.9880,142.3507,114.7669,247.0249,0,U,38173,999,64148,.39367578E-3,.1357E-4,0
FENGYUN 1C DEB,1999-025ESB,2026-08-08T11:00:04.839840,13.95980564,.0225943,98.6052,281.5948,206.4398,152.5094,0,U,38492,999,59332,.21093E-2,.354E-4,0
FENGYUN 1C DEB,1999-025ESC,2026-08-03T13:32:26.988864,13.62561946,.04269199,99.1055,165.0942,358.6682,1.3294,0,U,38493,999,59682,.3653627E-3,.484E-5,0
FENGYUN 1C DEB,1999-025ESD,2026-08-09T18:20:28.456800,14.03745971,.03760333,98.4435,160.0178,50.3742,312.9985,0,U,38494,999,10518,.20729245E-2,.6096E-4,0
FENGYUN 1C DEB,1999-025ESE,2026-08-14T06:04:40.755072,13.70336128,.0246792,99.1584,236.0738,218.5031,139.8285,0,U,38495,999,64460,.11418E-2,.1208E-4,0
FENGYUN 1C DEB,1999-025ESF,2026-07-29T18:26:40.715520,14.10629332,.00789875,98.7597,219.6950,77.9710,283.0300,0,U,38496,999,84249,.69870298E-3,.1241E-4,0
FENGYUN 1C DEB,1999-025ESH,2026-08-16T18:03:24.814656,12.97009580,.05525163,99.6944,227.2143,230.3048,124.8092,0,U,38498,999,56945,.14487209E-2,.805E-5,0
FENGYUN 1C DEB,1999-025ESJ,2026-08-14T02:35:44.000160,13.76282224,.02230763,98.4053,98.7248,202.6604,156.4581,0,U,38499,999,78920,.62636998E-3,.696E-5,0
FENGYUN 1C DEB,1999-025ESK,2026-08-03T10:21:58.162752,13.83987255,.0195954,98.6424,289.4724,316.2987,42.2797,0,U,38500,999,26446,.10516064E-2,.1315E-4,0
FENGYUN 1C DEB,1999-025ESX,2026-08-16T13:29:30.005376,13.74583494,.0224888,98.3626,85.2440,159.2111,201.8369,0,U,38512,999,62960,.5873968E-3,.634E-5,0
FENGYUN 1C DEB,1999-025ESY,2026-08-06T12:42:56.844576,14.82750599,.02273063,97.6067,113.0584,190.6665,168.9686,0,U,38513,999,67158,.28219114E-3,.3531E-4,0
FENGYUN 1C DEB,1999-025ESZ,2026-08-11T06:34:58.458144,14.20649912,.0255809,98.0434,235.9671,27.0596,334.3656,0,U,38514,999,91421,.15222E-2,.4521E-4,0
FENGYUN 1C DEB,1999-025ETB,2026-08-14T05:08:37.038912,14.34231974,.01114095,98.4643,209.8174,119.0160,242.2244,0,U,38516,999,88377,.45774585E-4,.94E-6,0
FENGYUN 1C DEB,1999-025ETE,2026-07-26T04:10:38.993952,13.88419013,.01681182,99.5476,192.9881,160.9355,199.8196,0,U,38519,999,87865,.14477295E-2,.1898E-4,0
FENGYUN 1C DEB,1999-025ETJ,2026-08-02T21:57:38.255040,14.21282094,.00562349,99.1475,243.3193,52.3782,68.3384,0,U,38717,999,61737,.91053399E-3,.197E-4,0
FENGYUN 1C DEB,1999-025ETP,2026-08-10T15:17:21.097536,14.65681784,.01317556,99.3606,357.6574,86.5604,275.0656,0,U,38722,999,73984,.83989036E-3,.5131E-4,0
FENGYUN 1C DEB,1999-025ETR,2026-08-16T23:32:40.312896,14.18131585,.012351,98.7324,238.4590,82.9824,278.5380,0,U,38724,999,60125,.20315941E-2,.4457E-4,0
FENGYUN 1C DEB,1999-025ETS,2026-08-10T20:22:12.316224,14.46464405,.00312773,98.8858,3.8385,254.8933,104.8797,0,U,38725,999,76834,.93044939E-3,.3319E-4,0
FENGYUN 1C DEB,1999-025ETU,2026-08-10T22:22:59.229408,14.05301741,.0100626,98.6114,213.0247,262.4160,125.8674,0,U,38727,999,75219,.60662E-3,.985E-5,0
FENGYUN 1C DEB,1999-025ETX,2026-08-07T22:59:21.973344,14.64634986,.0209437,98.3328,301.7751,101.2769,261.2047,0,U,38783,999,83422,.51892E-3,.375E-4,0
FENGYUN 1C DEB,1999-025EUD,2026-08-06T12:56:49.053696,14.47188460,.02043346,98.8336,120.1967,35.1865,87.3590,0,U,38789,999,65269,.41353643E-3,.1904E-4,0
FENGYUN 1C DEB,1999-025EUK,2026-08-13T18:31:43.069728,13.30833873,.04991798,98.6990,216.7428,9.1637,351.8198,0,U,38795,999,81757,.70466186E-3,.632E-5,0
FENGYUN 1C DEB,1999-025EUM,2026-08-14T10:28:37.762752,13.61859333,.0245286,99.4599,117.3360,316.4555,41.7451,0,U,38797,999,62613,.13821E-3,.85E-6,0
FENGYUN 1C DEB,1999-025EUP,2026-08-13T12:02:49.921152,14.50895733,.01582447,98.3885,305.1501,326.2247,32.8943,0,U,38799,999,67571,.25303096E-3,.1119E-4,0
FENGYUN 1C DEB,1999-025EUR,2026-08-15T09:24:25.273152,14.25960861,.03426883,98.3439,272.0360,348.8914,22.1374,0,U,38801,999,67860,.19427572E-3,.806E-5,0
FENGYUN 1C DEB,1999-025EUT,2026-07-31T00:14:58.490016,14.25618402,.00647748,99.1330,230.1117,96.5693,264.2864,0,U,38803,999,63491,.14574332E-2,.3483E-4,0
FENGYUN 1C DEB,1999-025EUZ,2026-08-16T06:37:22.920672,14.18791888,.02210404,98.5859,235.8254,336.5599,22.5620,0,U,38809,999,72701,.25146085E-3,.619E-5,0
FENGYUN 1C DEB,1999-025EVC,2026-08-12T06:32:26.705184,13.68206120,.02589602,98.4197,40.9225,101.7907,261.2411,0,U,38812,999,49501,.70510754E-3,.726E-5,0
FENGYUN 1C DEB,1999-025EVD,2026-08-12T07:46:27.729120,14.20645670,.0006719,99.3466,240.2054,142.7553,217.4089,0,U,38813,999,51694,.20050136E-3,.383E-5,0
FENGYUN 1C DEB,1999-025EVH,2026-08-16T07:24:44.071488,13.58408867,.0289428,98.5804,73.2614,120.8679,242.1273,0,U,38817,999,69181,.73733307E-3,.671E-5,0
FENGYUN 1C DEB,1999-025EVJ,2026-08-16T09:20:46.255200,14.40085221,.00880036,98.2692,281.5784,76.8774,345.6091,0,U,38818,999,70797,.18535327E-3,.569E-5,0
FENGYUN 1C DEB,1999-025EVK,2026-08-16T18:05:54.239136,14.19810448,.00789337,98.6331,220.2582,201.2293,335.1109,0,U,38819,999,66982,.18639425E-3,.364E-5,0
FENGYUN 1C DEB,1999-025EVQ,2026-08-16T08:35:23.718624,14.16531213,.00940452,99.2984,17.4270,229.1790,130.1199,0,U,38824,999,72626,.1517931E-2,.3109E-4,0
FENGYUN 1C DEB,1999-025EVT,2026-08-14T19:38:59.911008,14.34142341,.0212458,98.3701,247.1591,303.4822,54.6217,0,U,38827,999,64571,.26960812E-3,.921E-5,0
FENGYUN 1C DEB,1999-025EVV,2026-08-13T11:31:12.612576,14.09669687,.00420222,98.7391,239.3995,61.1438,299.3940,0,U,38829,999,67566,.27890017E-3,.451E-5,0
FENGYUN 1C DEB,1999-025EVY,2026-08-16T09:11:51.055584,14.05281242,.00872571,99.2481,282.6892,80.9924,280.1106,0,U,38832,999,67221,.47646707E-3,.752E-5,0
FENGYUN 1C DEB,1999-025EWE,2026-08-13T08:30:43.114752,13.85271904,.01726703,99.1694,10.4156,48.7471,312.8416,0,U,39537,999,62628,.47918006E-3,.569E-5,0
FENGYUN 1C DEB,1999-025EWH,2026-08-04T05:21:50.081184,13.37807072,.0397611,106.1924,225.8604,256.0479,166.7128,0,U,39540,999,72233,.15611E-2,.1205E-4,0
FENGYUN 1C DEB,1999-025EWJ,2026-08-13T09:12:36.727488,14.20959870,.0072263,98.6543,267.7363,89.1567,271.7889,0,U,39541,999,62462,.2462841E-3,.505E-5,0
FENGYUN 1C DEB,1999-025EWL,2026-08-15T18:35:33.642816,13.70690500,.03363965,99.0216,248.1702,214.2512,143.6527,0,U,39543,999,52555,.40105055E-3,.49E-5,0
FENGYUN 1C DEB,1999-025EWM,2026-07-26T10:34:12.487584,14.05827482,.00553252,98.7145,83.3416,93.7973,266.9524,0,U,39544,999,60026,.4934005E-3,.776E-5,0
FENGYUN 1C DEB,1999-025EWU,2026-08-13T14:17:26.374560,13.84057400,.01430911,98.9999,9.5167,95.0640,266.6866,0,U,40688,999,33290,.12506459E-3,.11E-5,0
FENGYUN 1C DEB,1999-025EWV,2026-08-16T11:48:40.445856,13.65453395,.03069125,99.1190,137.1953,179.8921,180.2343,0,U,40689,999,58250,.64359373E-3,.684E-5,0
FENGYUN 1C DEB,1999-025EWX,2026-08-11T08:12:33.850080,13.90055078,.01289756,99.0313,253.9137,15.4750,345.0296,0,U,40691,999,58792,.62408337E-4,.39E-6,0
FENGYUN 1C DEB,1999-025EXB,2026-08-10T22:58:42.286368,14.51866468,.02777995,99.4565,16.0035,336.7900,22.0941,0,U,40695,999,35365,.385772E-4,.175E-5,0
FENGYUN 1C DEB,1999-025EXC,2026-07-23T04:46:32.879424,13.96852578,.00807399,98.9753,190.4418,104.4955,256.5182,0,U,40696,999,58785,.61968628E-4,.46E-6,0
FENGYUN 1C DEB,1999-025EXD,2026-08-13T10:42:22.242528,14.04935444,.00564174,99.1057,296.7354,301.1150,58.4489,0,U,40999,999,84982,.11092012E-3,.135E-5,0
FENGYUN 1C DEB,1999-025EXH,2026-08-14T02:13:24.420000,14.87002983,.0050929,98.9660,178.5957,239.8391,119.7771,0,U,41003,999,56035,.14103893E-2,.12883E-3,0
FENGYUN 1C DEB,1999-025EXK,2026-08-14T19:28:09.024384,13.51571925,.05689194,98.9396,247.0784,185.4572,174.0188,0,U,41005,999,55690,.39711246E-3,.683E-5,0
FENGYUN 1C DEB,1999-025EXL,2026-08-10T00:43:14.989440,13.86789128,.01790563,102.3639,174.0400,158.0282,202.8662,0,U,41006,999,60818,.11589007E-2,.1465E-4,0
FENGYUN 1C DEB,1999-025EXM,2026-08-02T22:08:39.327360,13.86577518,.01726031,99.9539,261.5142,152.9104,208.1187,0,U,41007,999,60629,.12923202E-2,.164E-4,0
FENGYUN 1C DEB,1999-025EXN,2026-08-08T04:50:10.583232,13.61448339,.05000987,99.3473,7.7564,262.1944,92.2167,0,U,41008,999,59689,.20960628E-3,.322E-5,0
FENGYUN 1C DEB,1999-025EXP,2026-08-06T06:35:22.085952,14.54837222,.00138263,99.2013,221.1403,93.2919,266.9857,0,U,41009,999,62422,.10576744E-2,.4493E-4,0
FENGYUN 1C DEB,1999-025EXR,2026-08-16T22:54:35.506368,14.44512067,.03043396,99.1379,297.9021,346.2269,13.0750,0,U,41011,999,60724,.17944819E-3,.1023E-4,0
FENGYUN 1C DEB,1999-025EXW,2026-08-10T10:33:12.276288,14.13471169,.01439938,98.2547,285.3601,202.7088,156.7675,0,U,41016,999,63408,.84771292E-3,.1721E-4,0
FENGYUN 1C DEB,1999-025EXY,2026-08-16T13:46:59.872512,13.53040614,.03036612,99.9398,178.9450,228.7055,128.7573,0,U,41018,999,91512,.58749479E-3,.478E-5,0
FENGYUN 1C DEB,1999-025EXZ,2026-08-16T04:07:44.090976,14.26292788,.00533473,98.7162,298.1175,222.9909,136.7097,0,U,41822,999,50884,.68087898E-3,.1614E-4,0
FENGYUN 1C DEB,1999-025EYA,2026-08-16T04:22:19.662528,14.24873380,.00528133,98.7026,294.3483,232.4415,127.1960,0,U,41823,999,50866,.61160875E-3,.1405E-4,0
FENGYUN 1C DEB,1999-025EYB,2026-08-16T15:33:44.013312,14.25625380,.00551594,98.7151,296.1115,229.4691,130.1677,0,U,41824,999,50876,.66211291E-3,.1549E-4,0
FENGYUN 1C DEB,1999-025EYC,2026-08-16T03:45:48.983616,14.26618822,.00536089,98.7277,301.3559,223.1214,136.5762,0,U,41825,999,50860,.69717588E-3,.1665E-4,0
FENGYUN 1C DEB,1999-025EYD,2026-08-15T03:34:18.194016,14.25090168,.00536788,98.7176,296.2646,230.6567,128.9849,0,U,41826,999,50854,.57915923E-3,.1334E-4,0
FENGYUN 1C DEB,1999-025EYE,2026-08-16T15:20:01.722048,14.26824384,.00566423,98.7284,302.1066,215.9397,143.7969,0,U,41827,999,50850,.74670534E-3,.1797E-4,0
FENGYUN 1C DEB,1999-025EYF,2026-08-16T08:54:07.296192,14.59823346,.00353547,98.9220,18.4401,145.5512,214.7988,0,U,41828,999,51053,.19652735E-2,.9433E-4,0
FENGYUN 1C DEB,1999-025EYG,2026-08-16T03:36:37.309248,14.26629871,.00544078,98.7307,301.6074,220.7181,138.9926,0,U,41829,999,50819,.63744011E-3,.1519E-4,0
FENGYUN 1C DEB,1999-025EYH,2026-08-15T04:03:30.851712,14.28125384,.00523421,98.7405,304.2153,220.3827,139.3463,0,U,41830,999,50775,.67848937E-3,.1667E-4,0
FENGYUN 1C DEB,1999-025EYJ,2026-08-16T22:48:52.526880,14.26078310,.00541861,98.7193,299.5101,221.9050,137.7977,0,U,41831,999,50781,.76196526E-3,.1805E-4,0
FENGYUN 1C DEB,1999-025EYK,2026-08-16T03:44:13.380288,14.25703177,.00534157,98.7129,295.5958,228.5289,131.1298,0,U,41832,999,50860,.71918394E-3,.1688E-4,0
FENGYUN 1C DEB,1999-025EYL,2026-08-16T22:41:03.305760,14.27480118,.0052165,98.7341,303.1608,222.5411,137.1723,0,U,41833,999,50889,.75001623E-3,.1824E-4,0
FENGYUN 1C DEB,1999-025EYM,2026-08-16T03:33:01.234080,14.25260144,.00528117,98.7188,295.9512,231.3513,128.2934,0,U,43213,999,43881,.63382936E-3,.1468E-4,0
FENGYUN 1C DEB,1999-025EYN,2026-08-16T16:08:37.653792,14.25575188,.00530861,98.7203,296.9475,228.9720,130.6864,0,U,43214,999,43920,.68011801E-3,.1589E-4,0
FENGYUN 1C DEB,1999-025EYP,2026-08-16T16:57:05.773248,13.40951226,.03596189,98.6935,319.4577,298.1098,58.4123,0,U,43358,999,57040,.10049552E-2,.773E-5,0
FENGYUN 1C DEB,1999-025EYQ,2026-08-16T17:04:19.398432,14.25397615,.00721068,99.0479,321.0506,27.0681,333.4229,0,U,43359,999,51265,.79472213E-3,.1879E-4,0
FENGYUN 1C DEB,1999-025EYR,2026-08-16T16:15:00.981216,14.27699016,.00518963,98.7505,305.9967,222.5862,137.1289,0,U,45526,999,46898,.78785247E-3,.1926E-4,0
FENGYUN 1C DEB,1999-025EYS,2026-08-14T03:27:23.645088,14.25984449,.00527074,98.7237,296.5740,234.8080,124.8158,0,U,45527,999,43061,.6156705E-3,.1446E-4,0
FENGYUN 1C DEB,1999-025EYU,2026-08-14T17:06:51.722496,14.22608724,.0121745,98.5460,211.1123,55.2218,306.0348,0,U,46439,999,63846,.12627037E-3,.263E-5,0
FENGYUN 1C DEB,1999-025EYV,2026-08-10T06:29:08.055168,14.20662473,.01762156,98.5765,247.3376,158.5689,268.2858,0,U,46440,999,65784,.95187468E-4,.197E-5,0
FENGYUN 1C DEB,1999-025EYY,2026-08-16T17:04:23.454912,14.12344595,.00960921,99.2028,307.0078,25.5837,125.3249,0,U,46443,999,63080,.64611694E-3,.1197E-4,0
FENGYUN 1C DEB,1999-025EYZ,2026-08-16T18:41:04.479648,14.27757979,.00837601,98.5190,229.4937,146.1014,28.5194,0,U,46444,999,66106,.23309069E-3,.555E-5,0
FENGYUN 1C DEB,1999-025EZE,2026-08-04T07:25:16.316832,14.19616940,.02012266,98.6187,249.8562,313.8335,44.6358,0,U,46449,999,60964,.24682109E-3,.591E-5,0
FENGYUN 1C DEB,1999-025EZF,2026-08-14T19:20:00.318336,14.05281050,.01812327,98.0663,61.6183,80.3133,281.8456,0,U,46450,999,64559,.70776766E-3,.1292E-4,0
FENGYUN 1C DEB,1999-025EZG,2026-08-15T18:29:14.969760,14.23347012,.01640792,98.1453,233.4673,182.1541,353.8751,0,U,46451,999,60503,.95856417E-3,.2457E-4,0
FENGYUN 1C DEB,1999-025EZK,2026-08-16T18:14:55.500576,14.26557052,.00430297,98.8803,324.7235,233.3275,278.5848,0,U,46468,999,77336,.10213582E-2,.2442E-4,0
FENGYUN 1C DEB,1999-025EZL,2026-08-15T19:25:22.594656,14.47928981,.01041269,98.2189,249.9188,179.7939,180.3316,0,U,46986,999,66960,.17224442E-3,.637E-5,0
FENGYUN 1C DEB,1999-025EZM,2026-08-09T15:54:25.007616,14.48421431,.0029138,98.9169,9.4154,348.1496,11.9006,0,U,46987,999,60810,.9764843E-3,.3629E-4,0
FENGYUN 1C DEB,1999-025EZP,2026-08-14T16:58:27.685632,13.81875983,.02334128,99.5248,35.2822,54.3871,319.4491,0,U,46989,999,74423,.13136509E-2,.1689E-4,0
FENGYUN 1C DEB,1999-025EZQ,2026-08-12T19:02:29.180256,14.31682048,.03324012,98.2184,60.5427,59.2727,4.1719,0,U,46990,999,11999,.1056351E-2,.5152E-4,0
FENGYUN 1C DEB,1999-025EZS,2026-08-14T16:06:28.641312,14.01009421,.0070629,98.9490,212.8098,201.3585,158.4629,0,U,46992,999,64386,.31135403E-3,.433E-5,0
FENGYUN 1C DEB,1999-025EZT,2026-08-10T01:41:39.078816,13.69372239,.02628148,98.7392,323.3318,23.2791,98.0136,0,U,46993,999,63546,.76947661E-4,.47E-6,0
FENGYUN 1C DEB,1999-025EZV,2026-08-16T15:14:44.986560,13.87667173,.0186953,98.5902,295.8666,160.8180,200.0142,0,U,46995,999,63891,.13080899E-2,.1741E-4,0
FENGYUN 1C DEB,1999-025EZX,2026-08-14T21:20:22.553088,14.29137814,.00240482,98.5390,267.2725,338.9493,197.0002,0,U,46997,999,65951,.42181514E-3,.103E-4,0
FENGYUN 1C DEB,1999-025FAB,2026-07-27T10:37:49.477728,14.40494628,.00520925,99.2901,290.5090,107.3449,253.3444,0,U,47001,999,77176,.1410062E-2,.451E-4,0
FENGYUN 1C DEB,1999-025FAD,2026-08-08T13:00:59.931648,13.42945139,.0332203,98.8568,128.7806,177.6287,182.6516,0,U,47003,999,68511,.26767E-3,.176E-5,0
FENGYUN 1C DEB,1999-025FAF,2026-08-16T02:11:28.872960,14.12988063,.00589605,99.6009,339.2845,278.9660,257.1513,0,U,47005,999,86244,.1002803E-2,.185E-4,0
FENGYUN 1C DEB,1999-025FAG,2026-07-21T09:32:22.068096,13.98457742,.00827042,99.1727,265.8556,190.6655,169.2757,0,U,47006,999,85851,.49428665E-3,.683E-5,0
FENGYUN 1C DEB,1999-025FAH,2026-08-12T07:48:19.365696,13.99109686,.02331751,98.1935,66.0089,89.3565,273.4312,0,U,47007,999,82239,.6835942E-3,.1215E-4,0
FENGYUN 1C DEB,1999-025FAK,2026-08-15T03:32:49.119072,13.37433422,.03534499,98.9659,187.0263,7.9511,352.7023,0,U,47009,999,62089,.11524448E-3,.49E-6,0
FENGYUN 1C DEB,1999-025FAN,2026-08-07T21:45:16.334784,13.78131648,.0162852,98.7261,84.7270,143.8072,217.4232,0,U,47012,999,57853,.21288E-3,.198E-5,0
FENGYUN 1C DEB,1999-025FAR,2026-08-16T12:08:50.448480,14.91276406,.01644616,98.6845,314.5887,37.5215,323.7346,0,U,47015,999,68055,.31628749E-3,.4003E-4,0
FENGYUN 1C DEB,1999-025FBB,2026-08-16T02:51:06.443712,14.49412844,.00384842,99.0224,96.3763,344.7633,167.1647,0,U,47025,999,66307,.83660717E-3,.3179E-4,0
FENGYUN 1C DEB,1999-025FBF,2026-08-16T20:59:42.045216,15.14503697,.00946902,98.9288,275.3123,253.6605,105.4194,0,U,47029,999,6798,.91628499E-3,.18818E-3,0
FENGYUN 1C DEB,1999-025FBN,2026-07-28T09:16:38.229312,14.15301923,.00681648,98.6922,252.3778,165.8434,207.7982,0,U,47036,999,63147,.13191352E-3,.22E-5,0
FENGYUN 1C DEB,1999-025FBS,2026-08-09T01:03:25.843968,14.06863490,.00629846,100.2983,165.5349,313.3413,46.2512,0,U,47040,999,92473,.22849622E-3,.331E-5,0
FENGYUN 1C DEB,1999-025FBT,2026-08-16T09:39:23.200704,15.29080345,.00100594,98.2282,281.5295,86.7901,285.7764,0,U,47041,999,74930,.1544739E-2,.438E-3,0
FENGYUN 1C DEB,1999-025FBU,2026-08-05T12:18:28.619136,14.23085846,.00556187,98.9833,124.9916,77.1958,97.2616,0,U,47042,999,65874,.13654346E-3,.267E-5,0
FENGYUN 1C DEB,1999-025FBY,2026-08-16T12:23:31.128000,14.55194053,.00832264,99.0168,71.9567,331.4938,28.1718,0,U,47100,999,30353,.63744903E-3,.2831E-4,0
FENGYUN 1C DEB,1999-025FBZ,2026-08-12T09:43:19.642080,14.22205259,.01077391,98.8183,289.4070,84.0144,277.3300,0,U,47101,999,38106,.10668333E-2,.2468E-4,0
FENGYUN 1C DEB,1999-025FCA,2026-08-07T01:15:28.079712,14.18144296,.01181242,98.4449,151.0343,85.5106,336.1105,0,U,47102,999,65303,.56038389E-3,.1193E-4,0
FENGYUN 1C DEB,1999-025FCG,2026-08-14T08:49:23.746080,14.11207177,.0129144,99.2608,200.0382,135.1849,225.9838,0,U,48518,999,63618,.82342E-3,.156E-4,0
FENGYUN 1C DEB,1999-025FCJ,2026-08-09T17:27:29.107008,14.01265935,.01332648,98.7234,46.2205,241.2288,117.5439,0,U,49389,999,26208,.11935688E-2,.1898E-4,0
